text,label
Потому что...,1.0
Муха и на меня будет садиться.,1.0
"Все нормально, да.",1.0
"Может быть, это Путин летает, кстати?",1.0
Он на самом деле...,1.0
"Владимир Владимирович, улетайте, пожалуйста.",1.0
Но не хочет.,1.0
"Уйди, дедушка, улетай.",1.0
У тебя есть?,1.0
Отличный кадр.,1.0
Прям на обложку возьмешь.,1.0
Ты только что был в Великобритании.,1.0
"И я даже думал, что ты сюда оттуда приехал, но нет.",1.0
"Нет, через Москву.",1.0
Через Москву.,1.0
Что делал в Великобритании?,1.0
Смотрел страну.,1.0
Ты как турист туда ездил?,1.0
Да.,1.0
Как тебе путешествуется в последние два с половиной года?,1.0
Я каждый месяц куда-то езжу.,1.0
"Я до этого был во Франции, в Испании и в Италии.",1.0
То есть каждый месяц у меня какая-то новая страна.,1.0
Сейчас вот в Англию слетал.,1.0
Что бы менялось за это время?,1.0
В мире?,1.0
"Не-не-не, в первую очередь в твоих путешествиях.",1.0
"Как путешествовал, так и путешествую.",1.0
"Стало сложнее, проще?",1.0
"Ну, геморройная пересадка через Стамбул, как правило, или иногда через Белград, но там билетов мало.",1.0
"А так все то же самое, просто плюс лишние 3-4 часа к поездке и плюс пересадка.",1.0
"Кстати, не хуже, чем в ковид, вот так я скажу.",1.0
"Потому что ковид был офигенной прививкой к тому, что вообще мир может ебануться.",1.0
"И поэтому после того, как мир ебанулся в ковид, мне вообще ничего не удивляет совсем.",1.0
У меня прям супер закалка.,1.0
"Ты рассказывал, что в ковид ты путешествовал в том числе частными джетами?",1.0
"Да, и в том числе в Великобританию.",1.0
"Да, и ты рассказывал, что у тебя был кейс, что как попасть на Лазурку, это частным джетом летим в Великобританию, из Великобритании летим на южный берег Франции.",1.0
"По счастью, во всем мире есть коррупция, и это очень хорошо.",1.0
Сколько денег стоит частный джет?,1.0
"Слушай, там стоит типа пятерка с рыла.",1.0
"Это приложение какое-то специальное было, или вы...",1.0
"Нет, в общем, это же как этот самый ride share, как Uber, когда ты собираешь...",0.0
"Uber в Каире такой, да, когда у тебя в такси все время там кто-то подсаживается, берут джет, там типа 14 мест, абсолютно разные все люди, им всем надо на лазурку.",0.0
"Поэтому каждый покупает место, как будто это просто рейсовый самолет, просто летит туда, и все.",0.0
Это незнакомые люди?,0.0
Вообще нет.,0.0
5 тысяч евро в одну сторону?,0.0
Да.,0.0
Сейчас такое работает?,0.0
Конечно.,0.0
"Нет, из Москвы напрямую сейчас, может быть, и нет. но джеты летают по миру.",0.0
"Хотя, может быть, я не знаю, я не такой большой пассажир джетов, сейчас есть гражданская авиация.",0.0
"По-моему, сейчас людей с русским паспортом на джеты не сажают, если я ничего не путаю.",0.0
"По крайней мере, в начале было так, когда первые санкции навалились, запретили русским не просто иметь джеты или летать на джетах, а в принципе, где бы ты не летал на джете, если у тебя русский паспорт, даже если это второе гражданство, тебя посылали в жопу.",0.0
"Но это же не так, Моргенштерн же летает.",0.0
То есть это не так?,0.0
"Ну, я тебе рассказываю то, что было.",0.0
"То, что было или то, что слышал?",0.0
"То, что у меня есть точно люди, у которых есть джеты как способ перемещения, которым не давали летать.",0.0
"Но это не значит, что всем не давали.",0.0
"Ну, я тебе здесь не могу раскрыть никаких подробностей, потому что я общался с теми, с кем я общался.",0.0
Испания остается одной из самых гостеприимных стран Евросоюза. для граждан России.,0.0
Вот несколько показательных цифр.,0.0
В прошлом году Испания выдала более 66 тысяч виз для россиян.,0.0
В Испании было зарегистрировано более 2700 сделок купли-продажи с участием граждан России.,0.0
"Если вы тоже думаете о переезде в Испанию или хотите инвестировать в стабильной валюте в крепкую экономику, реализация этих планов помогут в агентстве Estate Barcelona.",0.0
Агентство решает сразу два главных вопроса.,0.0
Где жить и на что жить?,0.0
"Если вам нравится Барселона и вы мечтаете сюда переехать, в каталоге стоит Барселона большой выбор объектов в разных районах города.",0.0
"А если вы ищете недвижимость у моря, с помощью агентства можно найти подходящий вариант в самых популярных прибрежных районах.",0.0
"Costa del Marésme, Costa Dorada и Costa Gara.",0.0
"Эстейт Барселона работает не только с жилой, но и с коммерческой недвижимостью в двух крупнейших городах Испании — Мадриде и Барселоне.",0.0
Рентабельность коммерческих объектов составляет 5-6%.,0.0
К этому нужно добавить рост стоимости объекта.,0.0
В зависимости от района он может достигать 10% в год.,0.0
"Плюс можно воспользоваться кредитными инструментами, которые добавят еще 3-4% к доходности.",0.0
Итого в среднем около 15% суммарной доходности от инвестиций в коммерческий объект.,0.0
"В большинстве помещений, выставленных на продажу, уже есть работающий бизнес.",0.0
"Поэтому вы просто оформляете сделку, получаете арендную плату и платите налоги.",0.0
"По статистике, все больше покупателей называют главной мотивацией инвестиции получение испанского ВНЖ.",0.0
С этим в Estate Barcelona тоже могут помочь.,0.0
"В том числе... с получением ВНЖ-инвестора, который выдается при покупке коммерческой или жилой недвижимости общей стоимостью от 500 тысяч евро.",0.0
"Он выдается сразу на три года, но проводить в стране определенную часть времени и становиться ее налоговым резидентом не обязательно.",0.0
"Кроме того, ВНЖ Инвестора дает право на работу и ведение бизнеса в Испании.",0.0
Важный момент.,0.0
"В прошлых интеграциях мы уже рассказывали, что в Испании скоро могут закрыть программу ВНЖ Инвестора.",0.0
"Поэтому, если хотите успеть ей воспользоваться, действовать нужно максимально оперативно.",0.0
"Ну а пока программа не закрылась, при покупке недвижимости через Estate Barcelona оформить ВНЖ-инвестора можно бесплатно.",0.0
Достаточно просто назвать вот этот промокод.,0.0
И еще один приятный бонус по этому промокоду.,0.0
Бесплатное управление вашей коммерческой недвижимостью в течение года.,0.0
"А теперь про то, где мы записываем эту интеграцию.",0.0
Это Вилла Перла.,0.0
"Она находится на территории огромного комплекса для отдыха и развлечений, в который входит одно из лучших в Испании гольф-полей.",0.0
"Бассейн, спа, бильярдная, винотека, гараж на четыре машины, хай-тек дизайн, вся отделка и мебель внутри из дорогих материалов.",0.0
"До побережья Коста-Браво всего 25 минут езды, до аэропорта Жироны 10 минут.",0.0
Гольф-поле в буквальном смысле во дворе дома.,0.0
"Комплекс находится под круглосуточной охраной, доступ внутрь только по пропускам.",0.0
"Стоит вилла немало, но кто-то из наших зрителей наверняка сможет ее себе позволить.",0.0
"Ее цена, а также каталог других гораздо более доступных объектов недвижимости по ссылке в описании.",0.0
Вперед!,0.0
"На прошлой, кажется, неделе, то ли ты застал в этот момент, когда залетал в Москву, то ли это было в соседние дни, у посольства Соединенных Штатов шаман собрал митинг по мотивам блокировки своего YouTube-канала.",0.0
"Видел ли ты оттуда видео, фото?",1.0
"Если видел, то что думаешь?",1.0
"Ну, обычная кринжовая история.",1.0
Кринжовая?,1.0
А что можно сказать?,1.0
"Мне кажется, что, в принципе, собираться у любого посольства с любым сообщением — это немножко немой способ времяпрепровождения.",1.0
Что вообще думаешь про шамана?,1.0
Красавчик.,1.0
Объясни.,1.0
"Смотри, я смотрю на всех людей, которым принято предъявлять претензии, такие глобальные, в первую очередь, как на шоуменов.",1.0
"То есть у него есть шоу-проект, это чувак, он артист.",1.0
"Его задача собирать публику, привлекать внимание, собирать лайки, выступать, собирать концерты.",1.0
"И при этом делать так, чтобы...",1.0
"Ты же не можешь просто прийти на концерт к полному долбоебу, который не умеет петь, который как павлин из мультфильма про Мюнхгаузена кукарекает. и чтобы у тебя люди не разбежались.",1.0
Так и не бывает.,1.0
"Люди приходят, искренне его слушают.",1.0
"То есть он артист, который берет за душу, он определенную потребность закрывает.",1.0
"Сейчас в России появилась потребность, можно сказать, в патриотизме, а можно сказать, просто в некотором чувстве собственного достоинства, которое спало, потому что, так как я воспринимаю ситуацию в России, у нас было 30 лет чего-то среднего между седацией и лоботомией.",1.0
То есть мы сидели как бы не отсвечивать.,1.0
"Просто вот у тебя вода вот так вот, и поэтому ты не можешь открывать рот, чтобы просто не булькать.",1.0
И люди сидели-сидели в таком состоянии.,1.0
Я не понял образ.,1.0
Открывать рот?,0.0
Если у тебя вода вот такая...,0.0
А метафора на что это?,0.0
Кто не мог открывать рот?,0.0
Мы были притоплены.,0.0
Мы считали...,0.0
Мы это как государство?,0.0
Жители России.,0.0
А муха и на меня будет садиться?,0.0
"Все нормально, да.",0.0
Пусть летает.,0.0
Так.,0.0
И Шаман?,0.0
"Шаман — успешный пример того, как он нашел вот эту жилу, потому что, я так понимаю, я не следил за его творческой личностью, но я так понимаю, что он не первый день пытался найти какой-то подход к публике, и тут ему повезло с песней «Я русский».",0.0
"Оказалось, такая, в общем, не самая сложная песня, не самые сложные слова, но людям даже вот такая простая вещь оказалась, что она была нужна.",0.0
Я не его... фанат.,0.0
Я ни разу в жизни не ставил себе...,0.0
"Первый раз я послушал, когда обсуждали, что есть такой шаман, я послушал песню, типа, ок, и все, больше его альбомов не покупаю.",0.0
"Были те, кто смотрели на вот этот вот митинг у посольства и восприняли это как знак приближающейся блокировки Ютуба.",0.0
"Ты говорил на интервью Мануччи, кажется, что Ютуб закроет, ты вот дату конкретно назвал, сентябрь 23-го.",0.0
Не закрыли?,0.0
Я каждый сентябрь это ожидаю.,0.0
Сейчас ты переносишь это на сентябрь 24-го.,0.0
Да.,0.0
"Я не знаю, закроют его окончательно или нет, скорее всего, просто затормозят.",0.0
"И если раньше еще можно было как-то в этом сомневаться, сейчас у меня, например, сомнений нет, что это надо сделать.",0.0
Как ты пережил блокировку Ютуба своего?,0.0
Пережил.,0.0
"Я так вздохнул и сказал, ну, блядь, бывает.",0.0
"Если помнишь, у меня все-таки там был миллион подписчиков, и каждый ролик уже набирал миллион просмотров, то есть я вышел на такую хорошую орбиту.",0.0
"И было, конечно, обидненько, но я предполагал, что это случится, поэтому я заранее все ролики выкачал в ВК-видео, и они там все лежат.",0.0
"Был момент, когда ты был совсем не публичным чуваком.",0.0
Я называл это текстовый блогер.,0.0
"Да, и наше интервью 2017 года было чуть ли не одно из первых в видеоформате.",0.0
"Сейчас, только за два года, ты считал, сколько у тебя появлений было примерно?",0.0
Нет.,0.0
"Не меньше 20, а если считать, у тебя на Дзене, кажется, есть канал, где ты выкладываешь все видосы, то со старыми там около 30 получается.",0.0
Это же концепция быть везде.,0.0
"Это смесь, да.",0.0
"А, объясни.",0.0
Попробуем?,0.0
Отличный кадр.,0.0
Прям на обложку возьмешь.,0.0
Иди нахуй.,0.0
"Давай мы прервемся, если хочешь.",0.0
"Да нет, мне абсолютно существует.",0.0
"Это муха, это природа.",0.0
Гармония с природой.,0.0
Это смесь?,0.0
"Да, но можешь себе представить, какие комментарии сейчас напишут.",0.0
"Если честно, одна летала и до интервью, вот, и я, в общем, был уверен, что она на меня сядет, вот, но я ее убил.",0.0
"Ну, видишь, я плохой, ты хороший.",0.0
"Вот, ну, не думаю.",0.0
"Так вот, смесь.",0.0
"Смесь — это я иду к тем людям, у которых есть какие-то просмотры, потому что YouTube...",0.0
Он придушил мой вентиль.,0.0
"Это как взорвать газовые эти самые, северные потоки, газопровод.",0.0
Это то же самое.,0.0
"То есть только там это физический взрыв, а здесь это информационный.",0.0
"И то, что делает YouTube, ничем не отличается от того, что сделали с газом.",0.0
"То есть просто перекрывают канал для того, чтобы этот ресурс не попадал к тем, кто хочет его употреблять.",0.0
"Потому что мой канал смотрели, это значит, был обостребованный продукт.",0.0
"И кто компенсирует миллион подписчиков, вот прямо через два дня его закрыли.",0.0
"Потому что он, значит, попал кому-то следующему по званию, те посмотрели и решили, что...",0.0
По званию?,0.0
А что это за звание?,0.0
"А ты думаешь, что там первый отдел в Ютубе, думаешь, не существует?",0.0
Там сидят ЦР-шники.,0.0
"Потому что раньше Ютуб был очень толерантной платформой, там можно было иметь разные точки зрения, а сейчас нельзя.",0.0
"А прям в погонах, ты хочешь сказать, люди?",0.0
Как они обычно выглядят?,0.0
"Они, конечно, без погон, они выглядят, как мы с тобой в маечках.",0.0
"Ты думаешь, что в ФСБ работают люди с носом картошкой, злые, и брови у них такие косматые?",0.0
"Нет, они обычные люди.",0.0
Просто у них есть своя идеологическая программа.,0.0
"Поэтому, когда я хожу на интервью, особенно на Ютубе, особенно, потому что он же алгоритмами разгоняет, и сейчас некоторые люди даже немножко жалуются, что меня там стало слишком много.",0.0
Потому что в шорцах просто каждый второй шорт будет с моим ебалом.,0.0
А у него другой отдел.,0.0
"У него один отдел отвечает за видеоролики большие, а другой за шорцы.",0.0
И поскольку шорцы надо догнать ТикТок...,0.0
"Они там не мешают, там они выгнали пока что своих церушников, говорят, нам надо вырасти, потому что это ценнее для нашего американского ресурса.",0.0
"Поэтому в Шарцах там под 10 миллионов просмотров, и я счастлив.",0.0
"Про то, что в одном отделе есть церушники, в другом нет, это у тебя информация или это мнение?",0.0
"Это и паттерн, который я вижу, потому что я знаю, как работает...",0.0
"То есть это мнение, основанное на том, как ты видишь.",0.0
"Да, паттерн, который я наблюдаю.",0.0
Это мнение.,0.0
"Передо мной никто не докладывает больше, что там происходит.",0.0
"Смотри, я сразу скажу, что я очень против того, что твой канал заблокировали.",0.0
"Я считаю, что нельзя блокировать на Ютубе ни с тебя, ни с Таса, как просто, ни Соловьева, прости господи.",0.0
Я за честную конкуренцию.,0.0
Я тоже.,0.0
"Кстати, а лаверды я против того, чтобы раздавать статусы на агентов, поэтому здесь я на твоей стороне.",0.0
"Комментируя удаление своего канала, ты зачитал письмо из Гугла и после этого сказал.",0.0
Горите в аду.,0.0
Вы стерли канал с миллионом подписчиков.,0.0
Уёбки.,0.0
"Ну, идите нахуй.",0.0
Уёбки.,0.0
"Когда началась полномасштабная война, российские власти заблокировали более ста медиа и более десяти тысяч сайтов.",0.0
"Правильно я понимаю, что российские власти ты тоже считаешь уёбками?",0.0
"Я считаю, что, в принципе, я не знаю, кого они там блокировали, по каким причинам.",0.0
"В принципе, это плохой путь изначально, потому что ты всё не заткнёшь.",0.0
"Это путь в никуда только для того, чтобы какие-то чиновники, условно, у нас Роскомнадзор, а там какой-то вот, не знаю, США-комнадзор, которые просто трудуют устраивать себя таким образом.",0.0
"Это настолько же благородная деятельность, как опиздюливать студентов в метро, что они в ковид без маски ходили.",0.0
"То есть просто, ну, это бессмысленная абсолютно вещь.",0.0
"Я не поддерживаю никогда ни с той, ни с другой стороны.",0.0
"То есть российские власти сделали то же самое, что и Ютуб?",0.0
"Сейчас это делают все власти, к сожалению, потому что мир ебанулся.",0.0
"Если ты заметил, Европа затыкает, она стирает спутник Rush Today, Россия отвечает тому, стирает BBC и Deutsche Welle, ну и вот дальше начинается вот это вот мерение запретами.",0.0
Это глупый процесс.,0.0
"А почему про YouTube ты говоришь резко и называешь их уебками, а про российскую власть ты говоришь иначе?",0.0
"Потому что YouTube стер мой канал, которому было 10 лет.",0.0
"Со всеми комментами, со всеми видосами, со всеми моими путешествиями.",0.0
А российские власти заблокировали огромное количество...,0.0
"Пусть переживают те, кого не заблокировали, нет чего.",0.0
"А, ну потому что YouTube ближе?",0.0
Потому что решение Ютуба ближе к тебе.,0.0
"Это касается меня, мое мнение относительно запрета моего контента.",0.0
И поэтому оно резче?,0.0
"Мне, как ты понимаешь, переживание о себе гораздо ближе, чем у других.",0.0
"Хотя, если бы тебя запретили, я бы тоже переживал.",0.0
Кто запретил бы?,0.0
Кто-нибудь.,0.0
Что ты имеешь в виду под запретом?,0.0
"Ну вот так же, как Ютуб стер мой канал, это же запрет моей информации.",0.0
"Это значит, что они увидели в моих словах что-то опасное для себя.",0.0
"Так, мне не очень комфортно говорить про себя, поскольку это может выглядеть как нытье, а нытья не очень бы хотел, к тому же я не чувствую так.",0.0
"Прости, пожалуйста, а статус иноагентства — это не фактически запрет на работу в России и с Россией?",0.0
— Нет.,0.0
— Да?,0.0
"Объясни, почему?",0.0
"— Ну, я свое мнение про иноагентство тоже высказывал, если ты куда-то слышал.",0.0
"— Не-не-не, объясни, в чем разница, ты сказал.",0.0
"— Разница в том, что иноагент — это ущемление в правах, это санкции.",0.0
"И я против того, против той формы, в которую наше государство эти санкции против людей вводит.",0.0
"Потому что есть, во-первых, куча людей, про которых у меня просто вопросы типа «нахуя Пивоварова?».",0.0
"Ну, то есть он вообще самый свой из своих просто всю жизнь, самый нейтральный, вообще там, боится матерное слово сказать, просто запикивает все, что подозрительно.",0.0
"Ну, то есть супер-мега-нейтральный чувак.",0.0
И его тоже делают иноагентом почему-то.,0.0
"А это значит, что что?",0.0
"Что с тобой не будут подписывать рекламные контракты, у тебя там будут проблемы с банком, у тебя будут проблемы, если ты будешь где-то снимать какую-нибудь студию, там, выступление и так далее.",0.0
То есть это хуёло.,0.0
"В целом ты не можешь вообще никакую творческую, публичную деятельность вести в России.",0.0
Это не отмена?,0.0
Это не запрет?,0.0
"Это, конечно, жирная какашка, да.",0.0
"Нет, это не запрет?",0.0
"Это не запрет, это именно поражение в правах.",0.0
Это желтая звезда.,0.0
Чем это отличается?,0.0
"Человек, который иноагент, кем сейчас может работать?",0.0
Он не может работать по профессии в России сейчас.,0.0
По профессии может.,0.0
Почему?,0.0
"Ну, каким образом?",0.0
"Ну, иноагенты разные бывают.",0.0
"Если ты биолог, ты еще не можешь биологией заниматься?",0.0
"Ну, публично выступать, насколько я понимаю, нет.",0.0
"Может быть, ты не можешь заниматься образовательной деятельностью.",0.0
"Но ты знаешь, что даже книжки иноагентов продаются, просто на них маркировка.",0.0
"Ну, а дальше начинается идиотизм.",0.0
"Это, в принципе, идиотизм.",0.0
Когда каждый раз после...,0.0
Вот как после слова ИГИЛ ты должен писать запрещенная в России организация.,0.0
Это бред.,0.0
"Ну, то есть один раз запретили, все знают, что ее запретили.",0.0
Зачем это каждый раз в тексте вот этот вот салават этот вставлять?,0.0
И здесь то же самое.,0.0
Вот вся эта пляска с иноагентством — это морг.,0.0
"То есть это хуйня, которая должна в какой-то момент...",0.0
"Ее нельзя остановить, ее можно прекратить.",0.0
Вот в какой-то момент просто этот город-левый узел будет разрублен.,0.0
"Типа, хватит заниматься хуйней.",0.0
Все.,0.0
Это так будет.,0.0
"Может быть, через пять лет, может быть, через десять.",0.0
Но оно не может длиться вечно.,0.0
Я знаю немножко историю нашей страны.,0.0
"У нас бывает, что мы упарываемся на отлично и начинаем заниматься какой-то хуйней.",0.0
"Занимали-занимались, в котором становится понятно, что это, блядь, пиздец, не работает, неудобно, всем мешает, и вообще глупость.",0.0
Придет кто-то и просто вот как лесник разгонит всех партизан.,0.0
Все.,0.0
Январь 2022 года у тебя выходят новости.,0.0
"В Тегеране падает самолет украинский, который летел по...",0.0
Как сейчас помню.,0.0
"Да, Тегеран-Киев.",0.0
"Ты говоришь, сегодня падает украинский Боинг, и сразу куча теорий заговора, что его сбили, что это ПВО, тыры-пыры.",0.0
Это все полная хуйня.,0.0
"Боинг Мау взлетел из Тегерана, и через 5 минут у него загорелся двигатель.",0.0
"Видимо, он уже в воздухе начал разваливаться, гореть и так далее.",0.0
"Короче, ему пришла пизда.",0.0
"Он просто упал, это просто техническая несправность.",0.0
"Судя по тому, какой авиапарк есть, то это все летающий сарай, и, скорее всего, экономится там на всем, на чем только можно покупать какие-то левые запчасти.",0.0
"Один из тех редких случаев, когда я многоэтажно обосрался, но по горячим следам.",0.0
И сразу извинился.,0.0
Давай реконструем реконструёрам.,0.0
"Когда ты это рассказывал, ты это решил усилить такой сценой.",0.0
"У тебя в руке поднимался самолет, который ты вот так вот бахнул на стол.",0.0
"Еще тогда у меня возник вопрос, сейчас появилась возможность его задать.",0.0
"Если бы, не дай бог, не дай бог, так упал самолет Аэрофлота, ты бы вот эту вот сцену восстановил бы?",0.0
У меня всегда я все авиакатастрофы показываю на самолётиках.,0.0
У меня целый стоит парк за кадром.,0.0
Я тут беру разные самолётики.,0.0
"И есть такой охуеннейший сайт, называется Aviation Herald.",0.0
"Если что, там самый лучший разбор всех авиакатастроф по горячим следам.",0.0
"Я всегда там чекаю, что происходит.",0.0
"Тут у меня не было времени, потому что слишком мало времени прошло, было по горячим следам.",0.0
Выходит эта новость.,0.0
Единственный мой...,0.0
"Я же диванный эксперт, я бабка.",0.0
"У меня нету таких прям глубоких знаний во всех областях, как это может показаться.",0.0
"Поэтому я примерно представляю, почему самолет летает, примерно представляю, почему бывают катастрофы, потому что я их всегда изучаю.",0.0
"Здесь единственный мой источник, на который я опирался, это был источник посольства Украины в Тегеране, где посол или кто-то там, СММщик посольства, написал, что типа вот техническая неисправность.",0.0
"Я решил, что это нормальный факт, что я могу на него опираться.",0.0
"И дальше уже художественно развил, типа, что я себе напридумывал, почему загоревшийся двигатель привел к тому, что самолет упал.",0.0
"Уже через полдня было понятно, что это корпус стражей исламской революции, хуйнули по своим же студентам, которые летели в Киев учиться.",0.0
А самолет был новый.,0.0
"То есть я еще раз обосрался, я назвал его сараем, потому что когда меня пускали на Украину, я летал, там авиапарк был не очень.",0.0
"Но тут они купили новый самолет, ему было типа полгода.",0.0
Он был свеженький.,0.0
И самый прикол...,0.0
"Окей, бывает, я всегда прошу прощения, извиняюсь, если я где-то вот накосячил с фактами или иногда просто какую-то лютую хуйню сморозил, мне не жалко признать вину и идти дальше.",0.0
"И что я и сделал, собственно, в следующем выпуске.",0.0
"А тут самое смешное было, я вообще не ожидал такой реакции, на это вдруг отреагировал Ходорковский у себя в Инстаграме, который назвал меня кремлевской пропагандой.",0.0
"Впервые в жизни обратив на меня внимание, именно на основе этой новости он сделал такую вот запись.",0.0
"Это для меня было удивительно, потому что, во-первых, ну типа... разные люди про разное падение самолетов могут какие-то выдвигать гипотезы странные.",0.0
"В чем здесь кремлевская пропаганда, вообще непонятно.",0.0
"Мне совсем не интересно, что сказал Ходорковский про это.",0.0
А мне очень.,0.0
Нечасто он про меня пишет.,0.0
Почему тебе это важно было?,0.0
Потому что он тебя заметил?,0.0
Потому что это интересный повод для информационного знакомства.,0.0
"Из всех событий, дел, которые я в жизни делал, у меня есть вещи поинтереснее.",0.0
У меня есть какие-то достижения.,0.0
"Тебе стало приятно, что тебя заметил Фодорковский?",0.0
"Я привык к тому, что любое упоминание в медийности всегда это актив.",0.0
То есть стало?,0.0
Прибавился процентик.,0.0
"Так вот, ты все авиакатастрофы так обыгрываешь в новостях?",0.0
Все яркие.,0.0
Ты выпускал уже новости?,0.0
"Где-то в Катманду упал самолет, будет в следующем выпуске новостей.",0.0
"Я не помню, ты делал уже новости или нет, когда загорелся суперджет аэрофлотовский, который в Мурманск летел.",0.0
Который из Мурманска?,0.0
"Не-не-не, который взлетал в Шереметьево, загорелся, вернулся козлом вот так вот.",0.0
"Да, который вернулся в Шереметьево, конечно, я обсуждал подробно.",0.0
"И ты показывал самолетикам, как он упал?",0.0
"Он не падал, он загорелся на взлетно-посадочной полосе, и я комментировал, насколько я помню, то... как у них, потому что там проводник, который типа герой, который открыл заднюю дверь, он создал тягу, и в результате все, кто сидел сзади, бизнес-класс спасся, и они еще успели даже вещи забрать.",0.0
"А те, кто сзади, все сгорели, потому что проводник открыл.",0.0
"Я такие вещи всегда разбираю, мне интересно.",0.0
Да.,0.0
Так ты добавлял вот эту театральную сцену самолетом тогда?,0.0
"Там нет была театральной сцены, он не падал.",0.0
"Хоть раз, когда были какие-то происшествия с российским самолетом, ты делал так же, как сделал тогда с украинским?",0.0
Это хороший вопрос.,0.0
"У нас не было таких, насколько я помню, Ну что у нас последний?",0.0
"Только вот сейчас Суперджет с тремя несчастными пилотами упал, и все.",0.0
А других?,0.0
"Ну, то есть, если ты хочешь сказать, что я как-то специально не показываю, как падает самолетик только потому, что он русский...",0.0
"Нет, я хочу спросить.",0.0
"Про чужие можно, а про свои нельзя?",0.0
Я всегда про наши тоже рассказываю.,0.0
"Нет, вот это добавление эффекта.",0.0
"Я сейчас только про него, которое смотрелось прям со всем издевательством.",0.0
"Слушай, это хорошая мысль, ты мне даешь подумать.",0.0
"Потому что если тебе показалось, что тот факт, что я модельку самолета...",0.0
"Дело в том, что все пилоты сами всегда все маневры на модельках показывают.",0.0
"И, может быть, у меня об этом...",0.0
"Я же летал на вертолете, у меня какая-то профдеформация, потому что еще летчики, как ты знаешь, они бегают по плацу, то есть они рисуют себе схемы захода и просто пешком называется пеший полет.",0.0
И это со стороны выглядит как стек.,0.0
Но это не выглядит как издевательство.,0.0
Возможно.,0.0
"Здесь, поскольку я привык, что показывают те маневры на модели самолетика, что мы будем делать?",0.0
"Мы вокруг леса так летим, коробочку, заход, тыры-пыры.",0.0
Те это показывают.,0.0
"Поэтому для меня это выглядит как не просто руками в воздухе махать, а показать на модели самолетика.",0.0
"Если тебе показалось, что в этом есть некое издевательство над невинно убиенными, что я вот их сбросил, и это выглядит так, что как будто я, знаешь, такой бог на карте мира, вот там, как Годзилла, всех топчу, мне не жалко.",0.0
"Ну, я вообще этого не имел в виду никогда.",0.0
Выглядело это ровно так.,0.0
"Да, это очень ужасно.",0.0
"На всякий случай просто обозначу свою позицию, которая никогда не менялась, и она появилась не сегодня.",0.0
Она была всегда.,0.0
"Я против любого насилия, любых смертей, любых войн.",0.0
"И когда я любое событие, которое происходит в мире, освещаю, мне похуй.",0.0
"Это война России с Украиной, это война Израиля с Палестиной, или если эфиопы идут, ты играй пиздить.",0.0
"Везде я против того, чтобы люди погибали.",0.0
Надо решать проблемы дипломатическим путем.,0.0
"Это моя уверенность святейшая, и никто меня не заставит передумать.",0.0
В феврале 2021 года ты запостил якобы немецкое гражданство Юлии Навальной.,0.0
Откуда у тебя появилось оно?,1.0
Вот эта фотография.,1.0
"Еще один кусочек моего позора, да, я жутко обосрался, потому что я был в это время, это была середина ковида, и мы плыли на лодке с очень дорогим интернетом два месяца.",1.0
Мы были в океане.,1.0
Поэтому у меня не было нормальной возможности.,1.0
"Если обычно факты иду, проверяю или как-то еще, ну, у меня чуть более расширенный поиск, то здесь у меня не было.",1.0
Мне кто-то присылает e-mail.,1.0
Как бы это такие добровольные информаторы.,1.0
"Я думаю, что любой человек, который занимается медийкой, к нему приходят e-mail с разными штуками.",1.0
"У меня там обманты, вкладчики, закрытые школы, там какие-то, у кого сосед курит на лестнице.",1.0
Это все падает мне в инбокс.,0.0
"Понятно, что 99% этих новостей мне не так интересно.",0.0
"Люди хотят пожаловаться, они ищут любой способ к любому медийному человеку подсоединиться, чтобы сообщить о своей проблеме.",0.0
"Это выглядело как так же, типа, нашли такой вот факт, смотрите, мне прислали.",0.0
"Я не проверил, у меня было времени очень мало, я вообще очень редко, я еще имел глупость, я это запостил в телегу, которая не является моим ни новостным, ни политическим каналом.",0.0
"Вообще, если ты заметил, новости мне на них по большому счету насрать, кроме новостного проекта.",0.0
"Вот я выпускаю в виде видеоновости, во всех остальных случаях я никогда не реагирую на повестку.",0.0
"Кроме 24 февраля, когда я с утра проснулся в Казани, читал новости и написал у себя в телеге, что это пиздец.",0.0
"И, собственно, я не изменил свое мнение с тех пор.",0.0
Это пиздец.,0.0
Обычно у меня нет новостной повестки.,0.0
"Здесь я решил, что это классная тема, постебать медузу, типа, смотрите, почему вы про это не рассказали.",0.0
"Тут же стало понятно, что это хуйня фейк.",0.0
"Я тут же написал сразу по горячим следам извинения, потому что это было очень сложно, потому что там был очень медленный плохой интернет.",0.0
Сразу ты написал?,0.0
С следующим постом.,0.0
А сколько между ними прошло?,0.0
Два часа.,0.0
Окей.,0.0
"Ну, то есть я сказал, да, я жидко обосрался.",0.0
А как еще реагировать на ошибки?,0.0
Ну вот поторопился.,0.0
"Кто-то, блин, сказал...",0.0
"А, Полозкова сказала, что я поторопился поджать говно, да?",0.0
Или кто это сказал?,0.0
Я не помню такого.,0.0
"Кто-то, блин, кто-то...",0.0
Сформулировано клево.,0.0
"Да, кто-то из...",0.0
"По-моему, Полозкова.",0.0
Вот я не помню.,0.0
Кто-то из хороших людей сказал такое вот наблюдение.,0.0
"Я сразу его принял, действительно, я согласен с этой формулировкой.",0.0
Поторопился поджать говно.,0.0
Обычно не тороплюсь.,0.0
"А ты, не знаю, вступал в переписку потом с тем, кто тебе это прислал?",0.0
"Нет, я думаю, что это был какой-то...",0.0
"Ну, просто ребята на удачу сделали вброс, и у них получилось.",0.0
"Обычно я не реагирую, потому что это же форма мошенничества, да?",0.0
"Это то же самое, как людей разводят, кредит там получить и перевести на безопасный счет.",0.0
"Когда у тебя в голове складывается определенное стечение обстоятельств, когда тебе кажут...",0.0
"Видимо, какие-то струны все-таки совпадают, потому что я стараюсь очень сильно фильтровать входящий сигнал, но здесь вот пробили фильтр.",0.0
"А было такое, что вот ты сильнее захотел это запостить, потому что у тебя какое-то раздражение присутствовало по отношению к, ну, назовем в широком смысле, команде Навального?",0.0
"Да, просто к Навальному, да, конечно.",0.0
"А, ну то есть вот просто это легло на раздражение, которое у тебя все время было?",0.0
"Сто процентов, конечно.",0.0
"У меня же история с ним противодействия или, как это сказать, противостояния, она же... длиннее, чем у других людей.",0.0
"Я это начал делать, когда это было еще не модно, еще когда у нас с ним были дебаты.",0.0
"Я по-прежнему считаю, что Навальный инсо-цыганин и мошенник.",0.0
В апреле 24-го ты говорил про Навального.,0.0
"Все байки о том, что он сидел в холодном карцере, где ледяной пол и вообще у него ужасные условия, это полный пиздеж.",0.0
Абсолютно.,0.0
"Во-первых, у Навального духуя свободного времени, и он мог писать сколько угодно жалоб, чем он и занимался.",0.0
И там всех заебал.,0.0
"И приезжают все проверки, они должны отработать.",0.0
"А это независимые от колонии люди, к которых работа, все жалобы заключенных отрабатывать.",0.0
"Поэтому он писал все жалобы по всем нормативам, и там все было четко в норме.",0.0
"У меня нет никаких сомнений, что это была образцово-показательная колония.",0.0
"У него не было холодно в ШИЗО, может, скучно ему было, ставили речи Путина, но это не смертельно.",0.0
Можно потерпеть.,0.0
"Нет никаких сомнений, что нету пыточных.",0.0
"Источник этой информации тот же, что прислал фотографию паспорта Навальной?",0.0
"Нет, конечно.",0.0
Я... паспорт...,0.0
"Юлии Навальной, якобы немецкой, хотя сейчас, наверняка, она у нее есть уже.",0.0
Вряд ли она сейчас с русским паспортом живет за границей.,0.0
На чем основано это суждение?,0.0
Мое оценочное суждение.,0.0
Докажи мне обратное.,0.0
"Вот к общественному деятелю, который приглашает к Белый дом, у меня есть предположение, что ей дали гражданство какой-то страны.",0.0
"Как человек, который тоже живет не в России и только с российским паспортом, и примерно понимает, где за сколько их дают, Юлия Навальна не провела еще в Германии столько времени, чтобы его получить.",0.0
"Ну, может, в Америке.",0.0
Окей.,0.0
"Короче, в мире людям выдают гражданство, это не такая большая проблема.",0.0
"Я вообще не считаю, что это как-то стыдно иметь еще одно гражданство, ничего страшного.",0.0
"И Конституция, главное, разрешает.",0.0
"Там написано, что можно иметь второе гражданство, пожалуйста, это законно.",0.0
"Короче, тот человек, который прислал паспорт Навальный, Аутсвайс, это просто какой-то ноунейм слив на удачу.",0.0
"Это человек ни до, ни после никогда мне не писал.",0.0
"Ну, это вот... типа, им повезло меня так вот развести.",0.0
"Я даже не знаю, кому еще присылали, может, остальные не поверили, или кто-то еще запостил, не знаю.",0.0
"Это, короче, редкий эпизод в моей жизни, когда я вот именно поторопился пожать говно.",0.0
"А то, что касается устройства системы, я...",0.0
У меня есть такая программа «10 тысяч шагов общения».,0.0
Я с работы иду домой или наоборот?,0.0
"Списываешься с кем-то из людей, болтаешь, пока идешь домой.",0.0
Интересные люди.,0.0
"И у меня много было общения с людьми, и, во-первых, с теми, кто воевал, и с теми, кто был в украинском плену, и с теми, кто работал в ЧВК «Вагнер», и со всеми силовиками.",0.0
"То есть у меня были и судьи, и прокуроры, и менты, и следователи, и скашники и так далее.",0.0
"В общем, вся вот эта вот...",0.0
"То, что можно сказать, там, силовики или как-то, не знаю, правоохранители самого разного вида, они, когда они рассказывают о том, как устроена система, это вообще не похоже на то, а мы знаем о системе только из сериалов и кино.",0.0
"Настолько мы неправильно понимаем, что там устроено.",0.0
"Когда у меня был суд, я разводился.",0.0
"Я даже там не знал, как работает суд.",0.0
"У меня было абсолютно искаженное представление, скорее всего, из американского кино.",0.0
"У меня первое желание, когда я туда пришел, было сказать «Ваша честь».",0.0
"А в суде нельзя говорить «ваша честь», потому что тогда судья просто, она оскорбляется и плохо тебя судит.",0.0
И надо говорить «уважаемый суд».,0.0
"Ты знаешь хоть один фильм, русский или сериал, где тебя учат, что надо к судье говорить «уважаемый суд», а ваша честь только в уголовном суде, до которого, слава богу, у меня не было поводов добираться.",0.0
И вот примерно все остальное настолько же искаженно.,0.0
"Когда смотрят люди любой из полиции, там, следователи, прокуроры, когда они смотрят кино про как бы себя...",0.0
"Они даже устали ругаться, настолько это вообще не имеет никакого отношения к тому, как там эта система устроена.",0.0
"Подожди, давай коротко.",0.0
"Это основано на том, что ты с кем-то погулял и сказал.",0.0
"Есть много сериалов, которые консультируют конкретные менты, силовики или кто-то еще, и следят за тем, чтобы клюквы или...",0.0
Тебе так кажется.,0.0
"Нет, они точно есть.",0.0
Они точно есть.,0.0
"Их точно, да.",0.0
"Большое спасибо, что ты сказал, как на самом деле, но нам похуй, потому что нам нужна красивая картинка, и у нас сюжетная линия.",0.0
Сто процентов.,0.0
Так.,0.0
И силовики тебе?,0.0
"Люди, которые имеют отношение к тому, как устроена судебная и тюремная система...",0.0
"Сказали, что Навального не мучают.",0.0
"Они объяснили, как в принципе там это устроено.",0.0
У нас очень сложно кого-то в тюрьме замучить.,0.0
"Конечно же, ты мне сейчас скажешь, что кого-то ебали шваброй в жопу, но так эти люди сидят в тюрьме в своей, соответственно, в красной.",0.0
Потому что...,0.0
Потому что так нельзя делать.,0.0
Только...,0.0
Подожди.,0.0
"Красная, ты имеешь в виду тюрьма, где ментовская?",0.0
"Ты смотрел выпуск Ксении Собчак про то, что происходит в тюрьмах, далеко не красный?",0.0
"Ты смотрел наш выпуск про пытки, что происходит и в отделениях милиции, и в тюрьме?",0.0
"Да, смотрел.",0.0
Это не красные зоны.,0.0
"Это зона, где сидят обычные зэки.",0.0
Все так.,0.0
И?,0.0
"Нет, я говорю, что тех, кто пытал, отправили в красную зону.",0.0
Так.,0.0
"Ну, потому что нельзя пытать, их система за это наказала.",0.0
"У тебя когда, знаешь, когда даже обычно...",0.0
"А, типа все, больше не пытает, всех отправили.",0.0
"Ты это хотел сказать, что всех наказали?",0.0
"Нет, я хотел сказать, что всегда есть какие-то ошибки, собственно, иначе бы не существовала прокуратура, например, и всяких прочих других надзорных органов, и вообще система наказаний и исправления поведения не существовала бы, если люди бы не нарушали закон.",0.0
Люди нарушают закон.,0.0
В каждой стране есть тюрьма.,0.0
"Угадай, зачем?",0.0
Это никаких сомнений.,0.0
"Тюрьму сажают тех, кто плохо себя вел.",0.0
"К Навальному, я не понимаю связь.",0.0
"И они с тобой гуляли и рассказали, что?",0.0
"Я не обсуждал Навального, мы обсуждали то, как устроена система.",0.0
"У нас очень сложно, особенно человек типа Навального, которому пристальное внимание.",0.0
"Если там что-то будет реально не так, это будет очень сильно сразу известно.",0.0
"Потому что он показательный случай, ты не можешь, на него слишком много глаз приковано.",0.0
То есть об этом станет известно?,0.0
Конечно.,0.0
"Вот он умер или убит, мы не знаем этого.",0.0
Что об этом известно?,0.0
"Самый известный заключенный был в стране, и он умер.",0.0
Его больше нет.,0.0
А ты встал в заключение судмедэксперта?,0.0
"Подожди, что об этом известно?",0.0
Надо спросить у судмедэксперта.,0.0
Ты видел заключение?,0.0
Я не видел.,0.0
И я не видел.,0.0
А почему его родственники не опубликовали?,0.0
"Так подожди, ты же сейчас сказал, что если это происходит, то он на виду, и поэтому невозможно никого замучить, потому что сразу станет известно.",0.0
"Ну вот, неизвестно, это уже противоречие в твоих словах.",0.0
"Вполне может быть, что государство не имеет права публиковать экспертизы.",0.0
"Значит, ты не прав.",0.0
А родственники сами этого не сделали.,0.0
"Вполне возможно, или ты это знаешь?",0.0
"Ну, если бы они это сделали, мы бы видели этот документ, правда?",0.0
"Там было бы написано, что случилось.",0.0
Но мы этого документа не видели.,0.0
"Я не уверен, что государство...",0.0
"Опять же, ты сейчас меня хочешь затащить в такие дебри, где я не специалист.",0.0
"Я не знаю, что может в СИН публиковать, а что не может.",0.0
Так ты же предположил это.,0.0
Я вообще не хотел идти в эти дебры.,0.0
"Поскольку мы не знаем, если бы там было написано что-то ужасное, конечно же, эту бумагу бы нам опубликовали и сказали, смотрите, его замучили.",0.0
"Если бы было ужасно, то это опубликовали бы?",0.0
"Да, сто процентов.",0.0
Они бы это не прятали.,0.0
Почему?,0.0
"Потому что это им выгодно, конечно.",0.0
Каким образом?,0.0
Потому что им нужно сделать из него мученика.,0.0
А им ты имеешь в виду семья Навального?,0.0
Соратником назовем это так.,0.0
Семья там вообще просто неважна.,0.0
Так-так-так.,0.0
Ни при чем.,0.0
"У них трагедия, у них умер сын.",0.0
Это очень грустно.,0.0
"А соратники, которые остались без главного источника доходов, они сейчас в полном ахуе бегают, им нужно придумать, зачем они еще хоть кому-то нужны.",0.0
"Ну, ты видишь, к чему это сейчас приводит, да?",0.0
"Это гадюшник, клоповник и муравейник.",0.0
И они все друг друга сжирают теперь.,0.0
"А ты уверен, что у них есть заключение субминэксперта?",0.0
"Ну, я уверен, что у родственников, что у матери Навального есть заключение.",0.0
"Так, а ты помнишь, как она вообще тело добивалась и все остальное?",0.0
То есть...,0.0
"Якобы его там не давали, но потом вдруг взяли и дали.",0.0
"Это то, что я помню.",0.0
"Окей, то есть ты утверждаешь, что замочить не могли?",0.0
Нет.,0.0
Не могли?,0.0
"А то, что сидел в комфортных условиях и все остальное?",0.0
"Он сидел в условиях по ГОСТу, как и сидят все остальные в фирме.",0.0
"А что такое ШИЗО по ГОСТу, ты знаешь?",0.0
"Это не очень комфортно, но это не то, что тебя мучают физически, что у тебя пол холодный.",0.0
"Там даже диапазон температуры прописан, и к тебе приезжает комиссия, и каждый раз, когда ты пишешь жалобу, ее же отрабатывают не те люди, которые в колонии у тебя сидят, не начальник твоей тюрьмы или СИЗ, не разбираюсь в этих терминах.",0.0
"Короче, на зоне приезжают отдельные органы, и так система устроена, что там все всех ебут.",0.0
"Если пришла жалоба на тебя, приезжает тот, кому очень выгодно, чтобы тебя выебать, потому что он за это еще и премию свою получит.",0.0
А укрываться от такой ебли не научились ли у нас?,0.0
Нет.,0.0
"Сделать так, чтобы когда органы приехали, все было чётенько?",0.0
Очень сложно.,0.0
Не научились?,0.0
"Ну, ты что хочешь мне сказать, что его держали в морозилке, а когда приезжала комиссия, его кладли в сауну?",0.0
"Я хочу сказать, что ты за факт выдаешь то, в чем ты не уверен.",0.0
"И ты предполагаешь на фоне очень далеко не всегда стройной логики, ты выдаешь уверенное заключение, которое транслируешь в публику, как факт.",0.0
"И вот, собственно, про это я и хотел спросить.",0.0
"Я думаю, что если приезжает такая комиссия, опять же, я не специалист по таким комиссиям, она наверняка допускается к заключенному, с которым проводятся беседы.",0.0
"Ему говорят, в каком помещении вы сидели, что там было.",0.0
"Наверное, он объясняет, так и так.",0.0
"Самое страшное из того, что я знаю из открытых источников, у меня нет доступа к другим. чем мучили Навального, ему ставили речь Путина без остановки подряд.",0.0
"В американской тюрьме ставят Baby Shark, у нас ставят речи Путина или Соловьева.",0.0
"Ну вот, окей, хорошо.",0.0
"Сколько раз подряд он сидел в ШИЗО, ты знаешь?",0.0
Вот все время подряд и сидел.,0.0
"Да, за что сидел в ШИЗО, ты знаешь?",0.0
"Ширинку не заправил, я не знаю, что.",0.0
"Ну, то есть ни за что, например.",0.0
"Ну, всегда доебались до всего, конечно.",0.0
А как еще?,0.0
"Хотел по закону, закон вот такой, дурелекс.",0.0
"Как ты отреагировал, когда узнал, что он умер или убит?",0.0
"Я соболезненно мне свое прочитал, стандартное.",0.0
"Когда умирает человек, которого я не знаю, я говорю, умер и умер.",0.0
"Когда умирает человек, с которым я в жизни не встречался, я говорю, покой, господи, душу раба твоего Алексея.",0.0
Все.,0.0
Никакого злорадства на костях или глумления быть не может.,0.0
"Переживаешь ли ты из-за того, что можешь попасть под санкции Запада?",1.0
Нет.,1.0
"То есть я могу, но я не переживаю.",1.0
"Потому что сейчас мир находится настолько в... уебанском состоянии, реально у людей просто вот эмоциональный пиздец.",1.0
Просто самая стадия такая.,1.0
"Дальше там обычно что-то должно взорваться или, не знаю, как-то еще перекосаебиться.",1.0
"Ну, то есть плохое, ментальное состояние в мире плохое.",1.0
"И мы участники, к сожалению, этого безумного театра.",1.0
"И если ты в одной религии хочешь попасть в рай, то в другой ты попадешь в ад.",1.0
Поэтому я...,1.0
Мой выбор как бы никогда не стоял.,1.0
Я...,1.0
"Вообще, я за Россию, я в России всегда здесь был и работал.",1.0
"И я нулевой ватник, потому что я вернулся, когда это было немодно еще из Америки в 1991 году.",1.0
"Тогда это никто не оценил, а сейчас это, наверное, звучало бы как митинг шамана.",1.0
"Мне просто не надо было объяснять, что это для меня самая лучшая среда, в которой я могу существовать.",1.0
Мне про нее все понятно.,1.0
"И тебя не беспокоит то, что это сильно осложнит твою жизнь как путешественника?",1.0
"Да, я везде уже был.",1.0
"Я был абсолютно во всех странах со своими 20 русскими паспортами, и мне это нормально.",1.0
"Все, что я хотел посмотреть, я посмотрел.",1.0
"Если мне завтра запретят слетать в Париж, пожрать там улиток, я переживу.",1.0
В Москве улитки лучше.,1.0
"Я слышал и прокомментирую, фигня это не фигня.",1.0
"И не от сторонников Навального я это слышал, а от людей, которые, в общем, из другого лагеря, назовем так. что вот это раздражение и злость к Навальному, даже после того, как он погиб, оно основано в том числе из-за того, что ты жутко бесишься из-за того, что его сторонники внесли тебя в список разжигателей войны.",1.0
"Вообще нет, ты чего, у меня похуй.",1.0
Тебе все равно?,1.0
"Во-первых, это не список, он никуда не пошел.",1.0
"Там две тысячи имен, что ли, или шесть тысяч имен, я не помню последний.",1.0
"Шесть, по-моему.",1.0
Шесть.,1.0
"Сначала было две, а потом расширили.",1.0
"Он так и лежит три года где-то там в Сенате, в приемной, в папке «Ин».",1.0
Его никто не рассматривал и не понимал.,1.0
"Это вообще смешно, это даже нечего обсуждать.",1.0
"По Навального, чтобы расставить все на свои места.",1.0
"Навальный умер, поэтому я на его костях не пляшу, я никак не злорадствую.",1.0
"Если я что-то говорю про него только про тот период, когда он был жив...",1.0
"То, что я цитировал про Шизу, звучало как злорадство.",1.0
Но окей.,1.0
"Тебе, возможно, ты это не чувствуешь?",1.0
Возможно.,1.0
"Бывает, поскольку, когда мы обсуждаем медиа события, иногда, наверное, кто-то смешивает человеческое с медийным.",1.0
"Как, собственно, это было с Навальным, чего мы на ребят поперлись?",1.0
Потому что он как человек обиделся на меня.,1.0
Это была его человеческая реакция.,1.0
"Я бы на его месте так не делал, но вот он такой, какой он был.",1.0
"А у меня осталось раздражение от его команды бессмысленной, которая по-прежнему занимает какое-то место в эфире, которые продолжают составлять ощущение, что они вообще хоть на что-то влияют, что это хоть какая-то оппозиция, потому что это набор клоунов абсолютно.",1.0
"И, ну да, я не стесняюсь их разъебывать при любом случае.",1.0
В 2019 году ты сказал вот такое.,1.0
314 человек из числа...,1.0
Ты говорил про матерей Беслана.,1.0
314 человек из числа заложников погибло.,1.0
Из них было 186 детей.,1.0
"Это ужасно страшная трагедия, ее нельзя забыть.",1.0
"Но при этом не надо бегать, как бесконечно создающиеся и спекулирующие на трагедии комитеты.",1.0
"Все эти матери Беслана и голоса Беслана, они множатся, чтобы привлекать к себе внимание и получить как можно больше политических пирогов.",1.0
"Вместо того, чтобы просто взять и похоронить своих детей.",1.0
Какие политические пироги ты имел в виду?,1.0
"Во-первых, золотые слова, сейчас бы сказал все то же самое.",1.0
"Политические пироги — это когда у тебя начинаются всякие комитеты, которые берут за основу некоторые события, случившиеся в прошлом, пусть даже очень трагическое, и они начинают с ним бегать так, как будто это событие все еще актуально.",1.0
"Сам факт того, что есть два разных комитета, потому что эти матери Беслана, они не просто...",1.0
"У них общая трагедия, что они похоронили своих детей, они еще друг с другом срутся.",1.0
"То есть один комитет про одно, другой про другое, здесь одни матери, тут другие, и у них разное...",1.0
"Политическая повестка, разные заявления, они разные какие-то там донаты собирают.",1.0
"Это уже удивительное явление, что есть разные сущности.",1.0
"То, что есть разные организации, которые собирают на женское насилие, например, на борьбу с женским насилием.",1.0
У тебя вызывают какие-то вопросы?,1.0
Нет.,1.0
А тут почему вызывают?,1.0
Потому что это одно событие.,1.0
"А почему они должны быть монолитные, если там много людей страдало?",1.0
А почему они вообще сейчас что-то делают?,1.0
Они же торгуют своим голосом.,1.0
"То есть они, в принципе, в медиапространстве, они передают себе ценность, добавленная ценность их в том, что у них общая трагедия.",1.0
"А дальше уже прошло триллион лет, уже все, мир уехал вперед.",1.0
Ответ на вопрос почему?,1.0
"Я не спрашиваю, смотрел ты выпуск наш про Беслана или нет, потому что ты смотрел.",1.0
"Это фигурировало в новостях, когда ты это говорил.",1.0
"Вряд ли ты что-то помнишь, но там было несколько героев. которые выжили после теракта, но они остались инвалидами.",1.0
"И просто для того, чтобы хоть какой-то комфортный уровень жизни, комфортно это перемещаться в коляску или в чем-то еще поддерживать, им нужно проходить регулярную реабилитацию.",1.0
"И она стоит денег, вне зависимости от того, где ты ее проходишь, в России или за границей.",1.0
"И одни из немногих людей, которые им помогают, это как раз вот эти комитеты.",1.0
"И именно для того они существуют, поскольку государство... положил на них болт, и не помогая им это делать, то...",1.0
Вот здесь я немножко усомнюсь.,1.0
Мы провели с этими людьми недели.,1.0
"Мы общались, и это разные люди.",1.0
"Это не то, что там кто-то там в доверие к нам каким-то образом, мы кому-то там в доверие попали, пережили там какой-то огромный приступ эмпатии, жалости, сочувствия, и вот так вот впечатлились какой-то сомнительной истории.",1.0
"Их несколько, от самых разных людей.",1.0
"Там была какая-то женщина, которая там цветы продавала, которую ты там сделал. суперизвестный и обогатил заказами.",1.0
"Была девушка молодая, которая бухгалтером работала, которая тоже в коляске.",1.0
"Была девочка, которая очень сильно пострадал череп.",1.0
"Я подбирал слова, как это сказать, не жестоко.",1.0
"Я хочу сказать, что они существуют для этого.",1.0
Милосердие — благородное занятие.,1.0
Они существуют для этого.,1.0
"То, что ты делал, это хорошо и правильно.",1.0
"Я тебе говорю, милосердие — очень благородное занятие.",1.0
"Хорошо, что людям помогают, хорошо, что собирают деньги, но...",1.0
"«Матерь Бесплана» и «Голос Бесплана» занимаются не просто сбором денег на свежий подшипник в инвалидной коляске, они занимаются хуйней.",1.0
И моя реакция именно на это.,1.0
А что такое хуйня?,1.0
"Ну, если сейчас их сайты открываются, может, они снова...",1.0
"Они тоже, может, иноагенты, я не следил за ними.",1.0
"Не знаю, но последние вот новости, когда они попадали на радар, их повестка не имела никакого отношения к трагедии, они просто что-то там требовали про Путина, остановить то-то, сделать все это.",1.0
То есть какая-то вообще хуйня.,1.0
То есть они не имеют права голоса в этом составлении?,1.0
"Да, имеют.",1.0
"Они имеют права голоса, и у меня есть право голоса.",1.0
"Вот я считаю, что они занимаются хуйней.",1.0
Мое право.,1.0
Окей.,1.0
"Они делают все, что хотят, и я делаю то, что хочу.",1.0
Окей.,1.0
Не дай бог.,1.0
"Значит, я сейчас оговорюсь.",1.0
"Ни в коем случае я не желаю, не дай бог.",1.0
"Я моделирую ситуацию и надеюсь, что никогда в жизни она не случится.",1.0
"Ты там говоришь, надо просто взять, похоронить своих детей и жить дальше.",1.0
"Если бы, не дай бог, кто-то из твоих детей погиб при похожих обстоятельствах в теракте, сколько тебе хватило бы лет, дней, месяцев, десятилетий для того, чтобы просто взять, похоронить и отпустить ситуацию?",1.0
"Ну, конечно, вопрос немножко странный, потому что я хотел бы, чтобы мои дети умерли после меня, а не до.",1.0
Я тоже всячески это желаю.,1.0
"Но если ты позволяешь себе такое резкое высказывание в адрес людей, переживших несчастье, почему мы не можем смоделировать ситуацию и задать такой вопрос на основе того, что ты говоришь?",1.0
Я не хочу ее на себя спроецировать и моделировать.,1.0
"Окей, это лучший ответ.",1.0
Заканчивается тот пост следующим абзацем.,1.0
Они никак не могут повлиять на ситуацию.,1.0
Надо жить дальше.,1.0
"Сейчас в нашей стране научились бороться с терроризмом, и подобная история совершиться не может.",1.0
"К большому сожалению, ты оказался неправ.",1.0
"Что, на твой взгляд, случилось в Крокусе?",1.0
Теракт.,1.0
"Кто, на твой взгляд, это устроил?",1.0
Кто за этим стоит?,1.0
Почему это стало возможным?,1.0
"Стало возможным, потому что никто не ожидал, что придут вот такие отмороженные, обдолбанные люди, а я уверен, что они были под какой-то наркотой. потому что это очень странное, очень нелогичное поведение, и это все похоже на провокацию, потому что ты не можешь...",1.0
"Ну, просто так в этом нет никакого смысла, там же не было никакого заявления, никто не взял на себя ответственность, ну, какой-то что там, какой-то велояд, там, ИГИЛа...",1.0
Харасан.,1.0
Харасан.,1.0
Это все какая-то хуйня.,1.0
Даже если у них какой-то зуб на Россию...,1.0
"Это слишком, понимаешь, в центре Москвы.",1.0
"Люди отдыхают, у тебя все хорошо, торговый центр, там свет горит, там люди с детьми ходят.",1.0
"И они просто идут как в ГТА, просто мочат всех подряд.",1.0
"Слушай, у меня ощущение, что ты слово в слово повторяешь то, что говорил Шевелеву, когда объяснял террористическую атаку газа на Израиль 7 октября.",1.0
"Тоже слово провокации, тоже под наркотиками.",1.0
Конечно.,1.0
То есть это одно и то же в твоем представлении?,1.0
"Ну, с моей точки зрения, это очень похоже.",1.0
"И я думаю, что, опять же, сейчас ты меня запишешь в какие-нибудь страшные лютые конспирологи, у меня нет простого объяснения, почему Хамас настолько ебанулся, чтобы он настолько провокативно насилуя женщин, показывая, как они жестоко с ними обращаются, там, со сломанными ногами, вот это все.",1.0
Зачем это было снимать?,1.0
"То есть наверняка есть ужасные вещи, которые происходят на войне, еще хуже вещи происходят на войне, но их хотя бы не снимают или не показывают всем.",1.0
А здесь это была такая вот...,1.0
"Прям специальная, зрелищная, наглая атака.",1.0
"Так, а в Москве?",1.0
То же самое.,1.0
"Подожди, Шевелёва, если они ничего не путают, ты сказал, что, на твой взгляд, за этим стоят американцы.",1.0
"Ну, я вижу такой почерк.",1.0
А американцы это любят.,1.0
А за «Крокусом»?,1.0
"За «Крокусом» я не знаю, кто стоит, но это очень похоже на то, как вот если ты следишь за историями того, как людей разводят мошенники, как их заставляют просто... полностью закрыть глаза на здравый смысл и заниматься какой-то лютой хуйнёй.",1.0
"Все эти какие-то преподаватели вузов, которые поджигают избирательные участки, вроде всё нормально, человек с высшим образованием, там уже в летах всё хорошо, бабушка, вдруг она берёт коктейль Молотова, идёт, кидает в урну с бюллетенями.",1.0
Ну это бред.,1.0
"Это значит, что её каким-то образом какие-то люди позвонили по телефону, убедили, нашли слова, назовём их пранкеры.",1.0
"И то же самое сделали пранкеры, то же самое сделали...",1.0
Какие-то пранкеры.,1.0
"Я не знаю, на кого повесить эту ответственность.",1.0
Не дай бог.,1.0
"Значит, я сейчас оговорюсь.",1.0
"Ни в коем случае я не желаю, не дай бог.",1.0
"Я моделирую ситуацию и надеюсь, что никогда в жизни она не случится.",1.0
"Ты там говоришь, надо просто взять, похоронить своих детей и жить дальше.",1.0
"Если бы, не дай бог, кто-то из твоих детей погиб при похожих обстоятельствах в теракте, сколько тебе хватило бы лет, дней, месяцев, десятилетий для того, чтобы просто взять, похоронить и отпустить ситуацию?",1.0
"Ну, конечно, вопрос немножко странный, потому что я хотел бы, чтобы мои дети умерли после меня, а не до.",1.0
Я тоже всячески это желаю.,1.0
"Но если ты позволяешь себе такое резкое высказывание в адрес людей, переживших несчастье, почему мы не можем смоделировать ситуацию и задать такой вопрос на основе того, что ты говоришь?",1.0
Я не хочу ее на себя спроецировать и моделировать.,1.0
"Окей, это лучший ответ.",1.0
Заканчивается тот пост следующим абзацем.,1.0
Они никак не могут повлиять на ситуацию.,1.0
Надо жить дальше.,1.0
"Сейчас в нашей стране научились бороться с терроризмом, и подобная история совершиться не может.",1.0
"К большому сожалению, ты оказался неправ.",1.0
"Что, на твой взгляд, случилось в Крокусе?",1.0
Теракт.,1.0
"Кто, на твой взгляд, это устроил?",1.0
Кто за этим стоит?,1.0
Почему это стало возможным?,1.0
"Стало возможным, потому что никто не ожидал, что придут вот такие отмороженные, обдолбанные люди, а я уверен, что они были под какой-то наркотой. потому что это очень странное, очень нелогичное поведение, и это все похоже на провокацию, потому что ты не можешь...",1.0
"Ну, просто так в этом нет никакого смысла, там же не было никакого заявления, никто не взял на себя ответственность, ну, какой-то что там, какой-то велояд, там, ИГИЛа...",1.0
Харасан.,1.0
Харасан.,1.0
Это все какая-то хуйня.,1.0
Даже если у них какой-то зуб на Россию...,1.0
"Это слишком, понимаешь, в центре Москвы.",1.0
"Люди отдыхают, у тебя все хорошо, торговый центр, там свет горит, там люди с детьми ходят.",1.0
"И они просто идут как в ГТА, просто мочат всех подряд.",1.0
"Слушай, у меня ощущение, что ты слово в слово повторяешь то, что говорил Шевелеву, когда объяснял террористическую атаку газа на Израиль 7 октября.",0.0
"Тоже слово провокации, тоже под наркотиками.",0.0
Конечно.,0.0
То есть это одно и то же в твоем представлении?,0.0
"Ну, с моей точки зрения, это очень похоже.",0.0
"И я думаю, что, опять же, сейчас ты меня запишешь в какие-нибудь страшные лютые конспирологи, у меня нет простого объяснения, почему Хамас настолько ебанулся, чтобы он настолько провокативно насилуя женщин, показывая, как они жестоко с ними обращаются, там, со сломанными ногами, вот это все.",0.0
Зачем это было снимать?,0.0
"То есть наверняка есть ужасные вещи, которые происходят на войне, еще хуже вещи происходят на войне, но их хотя бы не снимают или не показывают всем.",0.0
А здесь это была такая вот...,0.0
"Прям специальная, зрелищная, наглая атака.",0.0
"Так, а в Москве?",0.0
То же самое.,0.0
"Подожди, Шевелёва, если они ничего не путают, ты сказал, что, на твой взгляд, за этим стоят американцы.",0.0
"Ну, я вижу такой почерк.",0.0
А американцы это любят.,0.0
А за «Крокусом»?,0.0
"За «Крокусом» я не знаю, кто стоит, но это очень похоже на то, как вот если ты следишь за историями того, как людей разводят мошенники, как их заставляют просто... полностью закрыть глаза на здравый смысл и заниматься какой-то лютой хуйнёй.",0.0
"Все эти какие-то преподаватели вузов, которые поджигают избирательные участки, вроде всё нормально, человек с высшим образованием, там уже в летах всё хорошо, бабушка, вдруг она берёт коктейль Молотова, идёт, кидает в урну с бюллетенями.",0.0
Ну это бред.,0.0
"Это значит, что её каким-то образом какие-то люди позвонили по телефону, убедили, нашли слова, назовём их пранкеры.",0.0
"И то же самое сделали пранкеры, то же самое сделали...",0.0
Какие-то пранкеры.,0.0
"Я не знаю, на кого повесить эту ответственность.",0.0
"Делали так, что вот эти вот упоротые представители Южных Республик приехали туда с автоматами, и там поливали зрительный зал керосином, поджигали и стреляли в детей.",0.0
Это очень странное поведение.,0.0
"Оно нелогичное, оно ни из чего не вытекает и никуда не идет.",0.0
"Кроме того, что, наверное, было желание из этого устроить какой-то взрыв социальный, например.",0.0
Просто Россия не такая страна.,0.0
У нас люди в этом смысле не реагируют так остро даже на такие ужасные пиздецы.,0.0
"Ну и, собственно, это все показали реакцию.",0.0
Реакция была тоже ведь медийная.,0.0
"Их тут же запиздили, к яйцам электроды подключили.",0.0
"Показали, что, ребят, так делать не надо, это ничем хорошим не закончится.",0.0
То же самое в СИЗО в Ростове.,0.0
"Просто нахуй расстреляли их, и все.",0.0
"Наверное, это очень незаконно, но это очень показательно.",0.0
Как ты относишься к версии украинского следа?,0.0
So-so.,0.0
"Я не думаю, что это напрямую Украина...",0.0
"Эту версию продвигает Путин, Патрушев...",0.0
"Хорошо, они говорят про украинский след.",0.0
"То, что там наверняка использовались какие-то ребята, техническая база, колл-центры, еще какое-то, допустим, даже им был обеспечен путь отхода через Украину, ноль сомнений, просто потому что я не знаю, насколько ты следишь за Украиной, я все-таки там с 2000 года у меня там офис, и вообще много людей, с которыми я общаюсь, и куча времени там...",0.0
"Сейчас будет текст, что в Украине коррупция.",0.0
"Там такая коррупция, что тебе не снилось.",0.0
Но дело не в коррупции.,0.0
"Коррупция — это самое нежное, что можно сказать про Украину.",0.0
Там вольница.,0.0
"Там нет законов, ты можешь делать абсолютно все, что угодно.",0.0
Я просто много раз слышал это в других интервью.,0.0
"Но чтобы чуть-чуть остановить эту историю, ты говоришь про окно про Путин, который говорил, окно в Украину.",0.0
Они двигались туда и им собирались объяснить.,1.0
У нас технические...,1.0
А куда ты еще сбежишь?,1.0
Какая еще граница?,1.0
"Если сбежишь в Белоруссию, это все равно, что сбежать в Россию.",1.0
Как тебя выпустят из России?,1.0
В России дырявая граница?,1.0
Конечно.,1.0
"А, расскажи, в каком месте российской границы можно взять и незаметно, особенно после того, как теракт случился, оказаться в Украине?",1.0
Геометку прислать.,1.0
"Ну, мне интересно, да.",1.0
"Ну, открой карту гугла в режиме спутника и просто посмотри, что такое граница.",1.0
Ее там просто тупо нет.,1.0
У тебя одно колхозное поле и другое колхозное поле.,1.0
"Иногда бывает ручей в качестве границы, а иногда его нет, иногда просто посреди поля.",1.0
"То есть можно доехать до того места, где пересекаются, условно, районы трех сестер, Беларусь, Украина и Россия.",1.0
"И я думаю, что там как раз...",1.0
"Но они в ту сторону ехали, как я понимаю.",0.0
"Они ехали в Брянск, если я правильно понимаю, на юг просто.",0.0
"Так, не-не-не, они, по-моему, ехали в сторону, поэтому там белорусы и фигурировали.",0.0
"Может, я путаю уже что-то, но неважно.",0.0
"По-моему, нет.",0.0
"Окей, прямо в Брянск.",0.0
"То есть и в Брянск ты едешь, и там...",0.0
"Ты говоришь, взяли в Брянске.",0.0
И там ты спокойненько переходишь границу.,0.0
И во время войны военных никого ты не встречаешь.,0.0
Невозможно.,0.0
"Посмотри, какая длина государственной границы Российской Федерации.",0.0
Сколько десятков тысяч километров.,0.0
Заебешься охранять.,0.0
"Поэтому, естественно, если ты идешь через лес, то тебе гораздо проще перейти, чем по дороге.",0.0
"Я в ковид ездил в Белоруссию на тракторе через лес, потому что официальные дороги были закрыты.",0.0
"Там не закрыто, пожалуйста, у тебя лесные трупы.",0.0
В Беларуси и России нет границы.,0.0
"Может быть, она сейчас появилась.",0.0
"Может, она в ковид появилась, но через леса ездили все.",0.0
Слава Комиссаренко про это рассказывал у себя в комедии.,0.0
"Это да, но Беларусь не Украина, это другая страна, и с ней война.",0.0
"Есть канал переправки людей на Украину, он и сейчас работает.",0.0
"Пожалуйста, все люди, у которых здесь какое-то уголовное дело в России, которые хотят съебаться от правосудия, они съебывают через Украину.",0.0
Их через лес проводят.,0.0
Это всегда работало и будет работать.,0.0
"Там есть куча катроподистов, конечно, сейчас тяжелее, потому что сейчас надо больше денег платить.",0.0
"То есть про окно в Украину тебе не выглядела какой-то фантастикой, версия?",0.0
"Не больше фантастика, чем афганские беженцы, которые входят в Польшу через Белоруссию.",0.0
"Как ты отреагировал, когда увидел одного из террористов с отрезанным ухом?",0.0
"Я видел кадры, как ему это ухо отрезают.",0.0
"Ну, я это видео имею, да.",0.0
"Да, но опять же, мне было интересно, почему так происходит, и я...",0.0
"Что-то, ну, о чем-то подумал.",0.0
"Можно я просто опишу сцену, как это выглядело?",0.0
"Они, значит, бросили там свою машину, когда поняли, что их зажопили, они, значит, бросили в лесу, выбежали в лес и куда-то помчались.",0.0
"За ними уже, значит, шли наши спецслужбы.",0.0
"Те бармалеи разбежались по лесу, один залез на елку. думая, что он там спасется, что его не найдут.",0.0
"И когда, значит, снизу уже подошел чувак с автоматом, типа, слезай или сейчас тебя выстрелил в жопу, он начал...",0.0
"А может быть, он ему помог пару пуль в ствол садил.",0.0
"Тот начал падать с этой елки, он себе ободрал ухо наполовину, а ветку.",0.0
"И поэтому, когда он ему отрезает ухо, он как бы дорезает уже оторванное ухо.",0.0
Это импровизация.,0.0
"Я ни в коем случае не оправдываю отрезание ушей, но в данном случае это случилось...",0.0
А где видео с елкой ты видел?,0.0
"Это его не было, потому что они... или не показали.",0.0
"Они показали, когда ему уже...",0.0
"Это для закрытых видео, для прошалиных?",0.0
"Там, где отрезают ухо.",0.0
Я видел это видео.,0.0
Я тоже видел.,0.0
Это я читал текстовое описание.,0.0
Текстовое описание?,0.0
"Он ему дорезал, а тормозил ухо.",0.0
Ты ему поверил?,0.0
"Я решил, что это драматургически достоверное...",0.0
И поэтому поверил?,0.0
Да.,0.0
"Опять же, то, что я поверил, не значит, что это хорошо.",0.0
"Это просто объясняет, почему...",0.0
"Не будучи уверенным, что это так было.",0.0
"Хорошо, почему он ему отрезал одно ухо, а почему не отрезали другим уши?",0.0
Если задача их была отрезать уши...,0.0
"Потому что был какой-то человек, у которого просто совсем башка с петель слетела, и он решил вот таким вот образом правосудие делать.",0.0
Потому что оно уже болталось.,0.0
"И ему, да, видимо, он решил, что надо помочь.",0.0
"Не-не, это моя версия, почему не работает.",1.0
"Вот так вот человек только что увидел, как они ни за что положили 150 человек, еще много ранили, и у него просто как бы переполнен злостью.",1.0
И решил такого... возмездие произвести.,1.0
Они не церемонились.,1.0
"Просто вот здесь ему идея отреза уха пришла в голову, потому что оно уже было надорвано.",1.0
"Да, но еще раз, ты елку не видел.",1.0
Я елку не видел.,1.0
"Ты сейчас рассказал так, как будто ты видел видео.",1.0
Я всегда пытаюсь понять какую-то последовательность.,1.0
"Но ты сейчас сконструировал ситуацию с мельчайшими деталями, которую ты не видел.",1.0
"Я читал описание, почему это ухо ему пришлось, почему он его отрезал.",1.0
"Да, он был на адреналине.",1.0
"И никаких сомнений, что тот, кто текстом описывал эту ситуацию, он врал.",1.0
Чтобы что?,1.0
Чтобы что?,1.0
Да.,1.0
"Ну, чтобы версия про то, что какие-то чуваки, силовики российские или те, кто помогает силовикам, подожди, могут творить вот такие вот почти внесудебные пиздецы.",1.0
Давай проще.,1.0
"Если бы всем этим террористам отрезали все уши, я бы тоже не удивился.",1.0
"Это ужасно, но если бы это случилось, вот на то воля Аллаха.",0.0
"Значит, вот так.",0.0
"То, что ему одному отрезали одно ухо, значит, считай, что повезло.",0.0
"Потому что потом их пытали, может быть, они пожалели, что им уши не отрезали.",0.0
"Так, тоже на всякий случай оговорка.",0.0
"Если, а скорее всего, это и были те террористы, разумеется, никакого оправдания и всего остального.",0.0
"Вдруг кому-то покажется, что этически я за них как-то вписываюсь.",0.0
Но отрезание ушей даже таким людям — это полный пиздец.,0.0
И вопрос тебе.,0.0
"Ты как гражданин, ты не испытываешь страха из-за того, что ультранасилие?",0.0
Оно рутинизируется?,0.0
Нет.,0.0
Объясни.,0.0
"Это при том, что я самый ненасильственный человек на свете.",0.0
"Я против любых пыток, любых страданий и всего остального.",0.0
У меня в этом смысле ноль.,0.0
Я никогда не...,0.0
"То есть ноль такого, что я вдруг считаю, что кого-то все-таки можно попытать.",0.0
Ни в коем случае.,0.0
"Хотя я знаю, что это бывает.",0.0
"Опять же, меня забыли спросить те, кто это делает, они передо мной не отчитываются.",0.0
"То, как сейчас современное российское...",0.0
"Понятно, что это видео для служебного пользования.",0.0
"Понятно, что его не должны были нам показать.",0.0
"То, что его показали по горячим следам, это значит, что оно прошло все стадии согласования, кто-то главный сказал, это можно, чтобы было неповадно.",0.0
Такой вот воспитательный процесс.,0.0
Плохо?,0.0
Наверное.,0.0
Убедительно?,0.0
Очень.,0.0
Как гражданина почему тебя не пугает?,0.0
А почему меня должны пугать как гражданина?,0.0
"А не связываешь ли ты с тем, что когда ультранасилие становится нормой, то еще больше нормами становится просто насилие.",0.0
"Не на стероидах, не такое, а вот просто.",0.0
Люди только что в торговом центре расстреляли 150 человек.,0.0
Подожди.,0.0
Это не ультранасилие?,0.0
"Еще раз, я же сказал, что людям не прощение, никакого прощения и максимально возможное наказание по суду.",0.0
Я про другое.,0.0
Я именно про физическое насилие.,0.0
"И так или иначе, как бы мы ни относились к этим людям, а мы относимся максимально ужасно, это внесудебно.",0.0
Это внесудебная история.,0.0
Так бывает.,0.0
"А тут я читаю одного блогера, и он пишет.",0.0
"Законы несовершенны, но лучше них человечество не придумало ничего.",0.0
Без правосудия мы вернемся в каменный век.,0.0
"Ты понимаешь, что это за блогер?",0.0
Неужели это я написал?,0.0
Это Артемий Лебедев в 2019 году пишет Рамзану Кадырову.,0.0
Без правосудия мы вернемся в каменный век.,0.0
Как хорошо написано.,0.0
Без правосудия мы вернемся в каменный век.,0.0
А сейчас ты говоришь абсолютно другое.,0.0
Мы без правосудия вернемся в каменный век.,0.0
Так.,0.0
"Но в целом, когда иногда такое неправосудие происходит даже с последними людьми, это норм.",0.0
Это не норм.,0.0
"Вот опять смотри, ты хочешь, чтобы я отвечал за...",0.0
"Не-не-не, я слышал это так.",0.0
Ни в коем случае.,0.0
"Я наблюдатель, наверное, такой же охуевающий, как и многие другие.",0.0
"И больше того, мы живем на одном глобусе, все эти события происходят одновременно.",0.0
"И я живу на этом глобусе, и ты живешь на этом глобусе.",0.0
"Ты же не хочешь сказать, что ты как-то лучше живешь, или больше права имеешь, или у тебя мораль какая-то другая, чем я?",0.0
"Это пиздец, который произошел при нас с тобой.",0.0
Мы его современники.,0.0
Что еще надо сказать на эту тему?,0.0
Я услышал в твоих словах одобрение.,0.0
"Если его не было, ты сейчас поясни.",0.0
Я услышал одобрение в твоих словах.,0.0
Ни в коем случае.,0.0
"Окей, я, значит, не...",0.0
"Опять же, я пытаюсь рационализировать, почему нам эту картинку показали.",0.0
Она нетипичная.,0.0
"Это первый раз, когда кому-то отрезали ухо и запытали.",0.0
"Скорее всего, нет.",0.0
"Первый раз, когда тебе так это показали, ну да, вот на ближайшей памяти я такого не помню.",0.0
"А вопрос про гражданина, ты тоже от него ушел.",0.0
Что я имел в виду?,0.0
"Вот ты сказал, что ты не боишься, что ультранасилие рутинизируется.",0.0
"Не может это привести когда-нибудь к тому, что люди будут воспринимать такую жесть как норму? разумеется, его чуть-чуть дозировать и пропорционировать исходя из происходящего.",0.0
"И условно говоря, на улице люди, которых раньше люди с синими волосами или с узкими джинсами, с маникюром его сейчас нет, с маникюром на пальцах, они могли просто что-нибудь крикнуть, а сейчас он будет просто подходить и бить в бубен сразу.",0.0
"Просто потому что насилие... его становится больше в том числе в паблике и в том числе от людей, которые так или иначе какую-то норму создают в государстве.",0.0
"Все правильно описываешь, так и бывает, к сожалению.",0.0
"Например, так случилось на Украине.",0.0
Они за 10 лет себя расшатали психику конкретно.,0.0
Это классический пример.,0.0
Просто это мой личный пример.,0.0
"Не-не-не, я просто признаю, что это не сразу произошло.",0.0
"Важнейшая вещь того, как ты ведешь дискуссию, это сразу скатываться в примеры других стран.",0.0
"Артемий, подожди.",0.0
"Подожди, Юр, смотри, я же тебе не просто Эфиопию привожу в пример, или сектор газа, хотя я хотя бы был рядом, в Палестине был, в другой части.",0.0
"Я жил в Америке, и я жил на Украине очень много.",0.0
"Поэтому это для меня страны, которыми я неравнодушен.",0.0
"Я слежу за их политической жизнью, за их менталитетом, за людьми, я с ними общаюсь.",0.0
"Я привожу в пример, потому что это важно приводить в пример.",0.0
"Важно, да, но ты делаешь это всегда.",0.0
Это выглядит абсолютно как вот обаутизм.,0.0
Это очень гнилой прием дебатов.,0.0
"Артемий, ты...",0.0
"Ты блестящий оратор, очень умный чувак и все остальное.",0.0
"И поэтому мне кажется, что ты не достоин того, чтобы как худшие представители русской пропаганды уходить в сторону whataboutизма.",0.0
"Я буду благодарен, если мы сейчас будем говорить про Россию.",0.0
Можно вопрос?,0.0
"Whatabout, whataboutизма?",0.0
Почему нельзя этот прием использовать?,0.0
Что в этом плохого?,0.0
"Ну, потому что этим приемом можно оправдать все, что угодно.",0.0
"Мест в мире, где происходит пиздец, очень много.",0.0
"И если просто конкретно наводить на его фокус и приводить пример, то тогда можно оправдать все, что угодно.",0.0
"Особенно, если приводить какие-то такие же проблемные места.",0.0
Проблемное ли место Украина сейчас?,0.0
Конечно.,0.0
Проблемное ли место Соединённые Штаты Америки?,0.0
"Конечно, там и близко ничего не идеально.",0.0
"И когда ты этот приём всегда используешь, ну, это выглядит просто смешно, потому что даже я...",0.0
"Ты сейчас как-то Навальный сказал, какая интонация была.",0.0
Выглядит просто смешно.,0.0
"Ну так вот, про Россию.",0.0
"Это нормальный приём, нормальный.",0.0
"Когда тебе говорят, что, типа, нельзя говорить, а как у них, или вот обаутизм, это недостойно, потому что это один из возможных приемов в разговоре, когда мы приводим что-то в пример.",1.0
"Это нормально, и нужно, и правильно, и хорошо.",1.0
"А те, кто запрещают такую постановку вопроса делать, вот это как раз люди, которые хотят делать все, что угодно, но чтобы к ним не было вопросов.",1.0
Это неправильно.,1.0
"А так себя ведет, кстати, Америка.",1.0
"Она делает лютейшую, просто пиздец, какую дичь, но только не задавайте нам вопросы, почему мы это сделали.",1.0
"И все, отлично, в белом взяли и ушли.",1.0
Про насилие.,1.0
"Ну вот, ты сказал, все так и происходит.",1.0
Цепочка.,1.0
"Ну, ты сказал, что да, все так же происходит.",1.0
"Я привел тебе пример Украины и сказал, как эта страна из мирной, прекрасной, няшной, хлеборобно-инженерно-дизайнерской с красивыми девками страны превратилась в пиздец.",1.0
"Сейчас там нет никаких законов, там полная тоталитарная вообще ад.",1.0
"Нет у тебя выезда из страны свободного, нет свободы прессы, закрыли все, что только можно.",1.0
"Это я напомню, что, например, тот же самый Яндекс и ВК, которые там вели бизнес, их...",1.0
Домен разделегировали.,1.0
То есть домена Яндекс.УАй не существует.,1.0
Он был.,0.0
Его нету больше.,0.0
"Все, он растворился в атомах.",0.0
Потому что они стерли все.,0.0
Они закрылись отовсюду.,0.0
Они открыли доступ только для своих...,0.0
"Вашингтонский обком, назовем это там.",0.0
"Их там просто ебут, как сидоровых коз.",0.0
"Я не знаю, за какие пирожки.",0.0
"Американцы еще денег напечатают, им не жалко.",0.0
Украинцы полностью...,0.0
Украинская власть.,0.0
Я не беру людей.,0.0
"Люди нормальные, они сидят, просто охуевают сами.",0.0
"Кто мог сбежать, естественно, сбежал.",0.0
"Кто не мог, ждет, когда вся эта хуйня закончится.",0.0
"Они это общество разогнало, они дали возможность националистам вести себя безнаказанно.",0.0
"Там убивают направо-налево, просто в центре Киева.",0.0
"Это типа как у нас в 90-е, полный пиздец.",0.0
"А дальше у меня, например, Зеленский отобрал две квартиры.",0.0
"Как ты думаешь, могу ли я воспользоваться правосудием на Украине?",0.0
"Нет, ни один адвокат со мной даже в шутке не хочет говорить.",0.0
"Артемий, выполнена программа, ты повторил все то же, что говорил в предыдущих интервью, а одна из моих задач была все-таки поговорить не только о том, что было в 20.",0.0
Программа выполнена.,0.0
Тогда мой вопрос.,0.0
"Правильно я понимаю, что отрезанное ухо — это шанс в сторону пиздецовой, как ты говоришь, Украины?",0.0
Потому что это...,0.0
"Правильно я понимаю, что отрезанное ухо — это шаг в сторону той ужасной Украины в твоем представлении?",0.0
"Нет, неправильно.",0.0
Потому что здесь есть одно исключение все-таки.,0.0
"И это, собственно, то, как я себе объясняю, почему нам эти кадры показали.",0.0
"Потому что сейчас государство, у него много всяких разных проблем, и тут еще война, и тут еще надо как бы за всякими разными делами следить, и еще санкции.",0.0
"Короче, непростые времена.",0.0
"Государство сказало, с этими пидорасами вообще никаких шуток.",0.0
"Если раньше цацкались, как с какими-нибудь этими чеченцами, которые приходили в больницу с беременными.",0.0
"И такой, ну ладно, пойдем на переговоры с ними.",0.0
"Ну ладно, отпустим в родной кишлак, пусть идут.",0.0
Сейчас разговоры очень короткие.,0.0
"Нахуй сразу всех запрессовать, тут же отпиздить, показать тебе картинку, как с подключенными электродами к яйцам, все.",0.0
"Типа, это современный российский ответ на терроризм.",0.0
"И это спасет от того, что жестокость начнет...",0.0
"Я не знаю, понятия не имею.",0.0
"Слава богу, я не силовик, и мне не надо, блядь, отвечать за медийку силовую.",0.0
Окей.,0.0
"Теракт случился, потому что спиртслужбы провалились?",0.0
Наверное.,0.0
"Так, окей.",0.0
"Как ты относишься к мнению, что теракт случился, потому что спецслужбы вместо того, чтобы искать и предотвращать настоящие теракты и работу настоящих экстремистов, они заняты тем, чтобы находить экстремистов среди публичных и непубличных людей, которые против войны и против власти.",0.0
"Я думаю, что это очень детский взгляд на работу спецслужб.",0.0
Объясни.,0.0
"Я думаю, что у нас очень хорошие профессиональные спецслужбы долгих лет им здоровья и профессиональных успехов.",0.0
"Единственное, у меня к ним такая гражданская претензия, если можно так сказать, это то, что они очень мало рассказывают о своей работе.",0.0
"Вот я все время читаю New York Times, например, и все время вижу, как они рассказывают о своих спецоперациях.",0.0
"Причем иногда у них что-то суперсекретное, и уже через три дня ты знаешь все подробности.",0.0
Это их стиль.,0.0
"В крайнем случае, через три года они тебе все расскажут.",0.0
"Или как сейчас в «Нью-Йорк Таймсе» вышла статья про то, как секретная сеть баз ЦРУ на границе с Россией выполняет все обязательства, и что значит там сидят эти ЦРУшники, которые помогают украинцам.",0.0
"Они до этого молчали про это, а сейчас просто написали большую статью.",0.0
"И говорят, что это гораздо эффективнее, чем центр ЦРУ в Москве.",0.0
"Потому что они получают всю оперативную информацию, все дроны, хуёные, в общем, все, что там есть, дают украинцам координаты, те хуячат.",0.0
Поряд маркетинг.,0.0
ЦРУ.,0.0
"И это в Нью-Йорк Таймсе пишет, что да, мы цирушники, наши секретные базы на границе с Россией, мы помогаем.",0.0
То есть американцы там конкретно участвуют в этой войне и не скрывают этого.,0.0
Они это рассекречивают.,0.0
Наши спецслужбы как воды в рот набрали.,0.0
"Все, они никогда тебе ничего не рассказывают.",0.0
"Даже когда я читаю про то, что задержали какого-то террориста, у меня всегда есть вопрос, а он точно террорист?",0.0
Он настоящий террорист?,0.0
А должен ли я им верить?,0.0
"Потому что мне не дают ни до, ни после никакой инфы.",0.0
Это моя претензия.,0.0
"Надо лучше рассказывать о том, как происходит, какими методами это происходит, какие результаты, как вычислили.",0.0
Это не страшно.,0.0
"Слушай, а еще раз, я не толкаю мнение по поводу того, что из-за Акунина, Петричук, Беркович и остальных людей, которых просто ни за что объявили экстремистами, что из-за этого случился крокус.",0.0
Но это мнение есть.,0.0
"Ты сказал, что это детское представление.",0.0
Но ты сейчас не развинтил.,0.0
Почему?,0.0
"Потому что те люди, которые прессуют Акунина и Петричук, это отдельное какое-то крыло, они, так сказать, в белых перчатках.",0.0
Откуда ты это знаешь?,0.0
Потому что это другое ведомство вообще.,0.0
"Откуда ты это знаешь, если ты только что рассказал, что мы не знаем, как работает спецслужба?",0.0
"Мы не знаем, поэтому я могу только опираться на свое представление, а также на то, как...",0.0
"Это не факт, это твое предположение.",0.0
"Поскольку я знаю больше про работу ЦРУ, чем про работу ФСБ, или других аббревиатур, про которых я ничего не знаю в России, наверняка есть еще 100 аббревиатур.",0.0
Они совсем неизвестны.,0.0
"Вот назовем это все вместе, спецслужбы.",0.0
"Вот то, как работают американские спецслужбы, я знаю про это гораздо больше, потому что они про это рассказывают.",0.0
"Может, они пиздят.",0.0
"Может, это все просто драматургия такая.",0.0
"Может, они сливают полную хуйню, чтобы меня дезориентировать.",0.0
Я это вполне допускаю.,0.0
А наши вообще ничего не сливают.,0.0
"И мне хотелось бы, чтобы немножко все-таки я участвовал в последовательности этих действий, как зритель чуть более информированный.",0.0
"Та же, как я всегда читаю отчеты об авиакатастрофах, МАК всегда публикует.",0.0
"Это крутейшие документы, там все максимально подробно, вся расшифровка радиообмена, все технические параметры, все восстанавливается, огромный отчет, в котором все-все-все написано.",0.0
Потому что очень важно разбирать полет.,0.0
"Все пилоты это делают, а я просто как любитель.",0.0
"Я всегда захожу на сайт, смотрю все подробности авиакатастрофы.",0.0
Я хочу также разбирать теракт.,0.0
"Я хочу, чтобы мне все...",0.0
"Потому что, например...",0.0
"Да, сейчас такой возможности нет, я понял.",0.0
"То есть, я правильно понимаю, ты просто сказал еще раз, ты сказал, что Акуниным занимаются одни, а терактами другие.",0.0
Конечно.,0.0
Но ты этого не знаешь.,0.0
"— Ну, нет, я этого не знаю.",0.0
— Ты предположил.,0.0
Окей.,0.0
"Ты говорил, у тебя вышло большое видео по мотивам интервью Веры Полосковой.",0.0
"Ну, небольшое видео, там большой кусок был на 16, кажется, минут.",1.0
"— Он, кстати, охуенно на Ютубе залетел.",1.0
— И в числе прочего...,1.0
"— Да, там около миллиона просмотров.",1.0
"Или, может быть, больше.",1.0
"Ты говорил, жизнь не зависит ни от одного президента.",1.0
Нужно просто жить свою жизнь.,1.0
Просто смотришь в окно...,1.0
"Там птички, светит солнышко.",1.0
Это и есть жизнь.,1.0
"Ну вот смотри, есть молодые парни, которые жили и также выглядывали, смотрели на солнышко в Москве, Питере, Махачкале, Костроме, Хабаровске, Перми, многих других городах.",1.0
В Донецке.,1.0
"В Донецке, да, под этот пример тоже подойдет, только там другая хронология.",1.0
"В этих городах они ходили по этим городам, смотрели на солнышко, и в сентябре 22 года президент принял решение, Провести мобилизацию.",1.0
И многих из этих людей стали выхватывать и против их воли отправлять на фронт.,1.0
И многие там погибали.,1.0
"Есть разные цифры, сколько именно мобилизованных погибло среди тех десятков тысяч людей, но одна из версий, которую медиазона приводит, это 7 тысяч мобилизованных только погибло на войне со стороны России.",1.0
Я сейчас говорю только о гражданах России.,1.0
"Жизни этих парней, которые не вернулись с этой войны, тоже не зависели от...",1.0
Президента.,0.0
"Я сейчас пытаюсь понять, что именно ты хочешь спросить, потому что призвали...",0.0
Жизнь независится.,0.0
Призвали военно обязанных.,0.0
"Те, кто уже в армии служил, у них была военная специальность.",0.0
Не призвали людей просто...,0.0
"Ну, не обязательно служил, но он каким-то образом...",0.0
"Нет, они все служили.",0.0
"То есть это люди, у которых был военный опыт.",0.0
У них могло быть образование.,0.0
"Ну, был военный билет.",0.0
Они после этого...,0.0
"Военный это тоже человек, понимаешь?",0.0
"У него есть образование, и он еще может пойти в баре выпить пиво и поссать.",0.0
Это как бы одно другого не исключает.,0.0
"Эти люди знали, что у них такая специальность, что если родина позовет, надо идти.",0.0
Вот так это устроено.,0.0
"Специальность водитель, например.",0.0
"Например, водитель, да.",0.0
"А ты думаешь, что на войне все с автоматом бегают?",0.0
"Нет, конечно.",0.0
"5% с автоматом, остальные занимаются поставками.",0.0
"Так, так, так.",0.0
И?,0.0
Их жизнь не зависела от президента.,0.0
Они не связывали свою жизнь с армией.,0.0
Они давно работали на других профессиях.,0.0
"Они отслужили когда-то либо срочниками, либо когда-то они отучились где-то, либо на военной кафедре.",0.0
Вообще не связывали свою жизнь с армией.,0.0
"Прошло 10 лет, 15 лет.",0.0
"А ты знаешь, что, например, медсестра тоже военнообязанная, если что, ее зовут?",0.0
"Она когда идет в свой медвуз, она это знает с первого дня.",0.0
Артемий.,0.0
"А если у тебя есть джип, то его тоже могут отобрать на войне, и ты это знаешь, когда ты покупаешь джип.",0.0
Конкретный вопрос.,0.0
"Жизнь этих, ты говоришь, жизнь не зависит от ни одного президента.",0.0
"Президент, график можно будет вывести.",0.0
"Президент принимает решение, что мне еще нужны люди, чтобы воевать.",0.0
"Люди, которые давным-давно никак не были связаны с армией, идут воевать и погибают.",0.0
Их жизнь тоже не зависит от президента.,0.0
Они туда пошли после решения президента.,0.0
"Ну, значит, получается так.",0.0
"Значит, то, что ты говорил, тогда неправда.",0.0
"То, что я говорил...",0.0
Про жизнь не зависит от президента.,0.0
"Я тебе говорю, что она сейчас...",0.0
Это грубое обобщение.,0.0
"Это то, как я вижу жизнь.",0.0
"Я и сейчас живу жизнь, которая не зависит от президента.",0.0
"Бывают моменты в жизни страны, когда, да, людей собирают, мобилизуют.",0.0
"Не только в России это происходит, если ты можешь заметить.",0.0
"А еще кого-то сажают в тюрьму, а кого-то отправляют на фронт, а кого-то там еще и убивают.",0.0
"Но тогда получается, что тейк, жизнь не зависит ни от какого президента, это полная херня.",0.0
"Когда случается война, она зависит от президента.",0.0
"Ну, значит, тейк ложный.",0.0
"Ну, появилась добавка, да?",0.0
"Я это писал, когда не было войны.",0.0
"Ты говорил это, реагируя на интервью с Верой Полосковой, которая вышла осенью 22-го года, причем в конце осени.",0.0
Ты говорил это после мобилизации.,0.0
Хорошо.,0.0
"Значит, вот у тебя, видишь, ты так вот смотришь на мир, и тебе кажется, что...",0.0
Что-что?,0.0
Что все зависит от президента.,0.0
"А я тебе скажу, что...",0.0
"И ты прекрасно знаешь, и ты прекрасно знаешь, что я смотрю на мир...",0.0
"147 миллионов человек, которые... их жизнь не зависит так от президента.",0.0
"Ну, просто...",0.0
"Нет, еще раз.",0.0
"Хорошо, я принимаю твой тейк.",0.0
В таком случае зависит.,0.0
"В нашем интервью, которое в 2017 году вышло, ты сказал, что относишься к Путину с большим уважением, и главное уважение к Путину, что он не кровавый.",1.0
Готов ли ты сейчас повторить это?,1.0
"Я знал, что ты мне задашь этот вопрос, а я готов.",1.0
"Ну, готов ли ты повторить?",1.0
Я готов повторить это.,1.0
"При том, что, конечно же, ты скажешь, что смотри, какое противоречие, как ты можешь назвать некровавым человека в ситуации, когда у нас в стране война, и люди умирают.",1.0
"Они, очевидно, умирали в крови.",1.0
"Потому что на войне у нас это не просто эвтаназия легкая, это тяжелые бои происходят.",1.0
"То, что происходит, та ситуация, которая происходит, может быть, чуть раньше надо отмотать назад и понять, почему она происходит.",1.0
"Так, сейчас я вижу уже этот...",1.0
Пропагандистский мой прием.,1.0
"Просто я же провел с тобой, ты заменил мне семью на последние неделю или дней десять, поскольку я смотрел, слушал и читал только тебя.",1.0
"Я тебе скажу свеженькое мое наблюдение, о котором я не говорил еще ни на одном интервью.",1.0
У меня такая мысль пришла в голову.,1.0
У меня уже много претензий к родному государству.,1.0
"И одна из претензий, которая свеже сформулировалась, я даже не знаю, почему раньше она мне не пришла в голову, Это...",1.0
"В принципе, я считаю, что в России очень плохо с пиаром, очень плохо с политическим пиаром, очень плохо с мотивацией, с информированием граждан о том, что происходит.",1.0
Это неправильно.,1.0
"Надо с гражданами разговаривать, они должны понимать последовательность действий.",1.0
"Но кроме того, что забыли поговорить со своими собственными гражданами, когда началась война, забыли поговорить с гражданами Украины. им ничего не сообщили, не сказали, что сейчас будет.",1.0
"Типа, дорогие друзья, мы идем, сказали, демилитаризация, динафикация и так далее, это к людям не имеет никакого отношения.",1.0
"По-моему, у Путина был прямой диалог.",1.0
"Он был в этом обращении своем, он говорил, что вам, уважаемые граждане Украины, это высокоточное оружие, он обращался к ним.",1.0
"Он даже к военным обращался, чтобы сместили Зеленцева.",1.0
"Он обращался к военным, это другое.",1.0
"Простой человек, который сидит, просто какой-нибудь дизайнер в кривом роге, И ему ничего не сказали.",1.0
"Ему не сказали, типа, что происходит и почему, какое он место в этом всем занимает.",1.0
"А это было бы очень неплохо сказать, что да, идет Россия, это наша исконная земля.",0.0
"Нам кажется, что захватили власть, под американцами суки прогнулись, а у нас так не принято.",0.0
"Раньше полякам дали пизды, сейчас пиндосам дадим пизды.",0.0
"Вас спасем, мудаков всех выкинем.",0.0
"Все, охуенный был бы панч.",0.0
И дальше...,0.0
"По-моему, он так и говорил.",0.0
"Нет, вообще нет.",0.0
"Надо обратиться к людям, просто им сказать, что, собственно, что происходит, что вам-то ждать.",0.0
"И все, было бы вообще по-другому.",0.0
"Но даже и с украинцами не поговорили, и с нашими не поговорили со своими.",0.0
Смотри.,0.0
"Приходится мне это делать, блядь.",0.0
"Я дизайнер, я начал заниматься политпросветом, потому что я закрываю косяки родного государства.",0.0
"Я объясняю людям, как жизнь устроена в самых базовых очертаниях, просто чтобы они с ума не сходили.",0.0
"И, кстати, я никогда не получал такого количества благодарностей, как за это.",0.0
У меня инбокс распух от спасибо.,0.0
Благодарности от кого?,0.0
"От людей, которым я кукушку спас.",0.0
"А, ну, от простых людей.",0.0
"Да, самых простых людей, которые нихуя не поняли, что происходит, они уже готовы были просто сойти с ума.",0.0
Я им вернул здравомыслие.,0.0
Они просто продолжили жить свою жизнь.,0.0
"В некотором смысле Арестовичи же говорят, что он тоже помог многим украинцам на старте войны.",0.0
Ты русский Арестович.,0.0
"Я бы не хотел так сравниваться, потому что есть у меня свои причины.",0.0
"Я русский, я.",0.0
Почему?,0.0
Какие причины?,0.0
"Ну, потому что Арестович очень скользкий, липкий инфокод.",0.0
А ты какой?,0.0
Я нормальный.,0.0
"Я делюсь своей моделью здравомыслия, рассказывая, самое главное, я показываю последовательность, как что-то делается.",0.0
"Если я пришел к какому-то ум заключению, я стараюсь проиллюстрировать, почему это так, почему я к нему пришел.",0.0
Не просто так.,0.0
"У меня каждая мысль имеет предысторию, а не просто я так считаю.",0.0
"Окей, смотри, не кровавый, говоришь ты, Путин.",0.0
"Именно поэтому сегодня, хотя это звучит противоречиво, я продолжаю утверждать, что Путин не кровавый, потому что мне кажется, что он так устроен.",0.0
"Случился пиздец, умерла куча людей, но изначально...",0.0
Он не собирался этого делать.,0.0
"Смотри, Ходорковский, у меня простой пример.",0.0
"Самое простое, что можно было бы сделать, его просто чпокнуть.",0.0
"Вот тогда, еще в каком-то 2003 году, когда его в тюрьму посадили.",0.0
"Если помнишь, какое было количество пиар-хейта в сторону России, миллионы долларов 10 лет подряд тратились, чтобы просто хуесесить, что у вас сидит Ходорковский.",0.0
"А потом такие же деньги тратились на Сенцова, на Савченко, на всех остальных героев, которые сейчас нахуй никому не нужны.",0.0
И Путин спокойно этих людей отпускал.,0.0
Все хорошо.,0.0
"Они выходят из русской тюрьмы, румяные, розовые, что Толокотниковы, что Сенцов.",0.0
Навальный румяный вышел.,0.0
"Навальный, как ты видишь, был доходягой уже.",0.0
У него здоровье подорвалось.,0.0
Доходягой?,0.0
"Ну, он сильно похудел там в тюрьму.",0.0
Из-за чего?,0.0
Ты расскажи мне.,0.0
"Нет, из-за чего?",0.0
"Ну, я не знаю, почему он.",0.0
"Потому что из-за того, что его отравили, нет?",0.0
После отравления он какой был?,0.0
Его Путин спас.,0.0
"Понимаешь, он создал систему здравоохранения, когда у тебя самолет... садится в заминированный аэропорт, где уже кто-то позвонил, мы не знаем кто, и сказал, что нельзя садиться.",0.0
"Пилот принимает решение, потому что он царь и бог.",0.0
"Садится, вызывает скорую помощь, приезжает скорая помощь в стране, где всё разворовано, где хуёво лечат все пидорасы, спасают Навального в институте скорой помощи там, и ещё они получают кучу пиздюлей за то, что вы вообще суки путинские эти самые.",0.0
"Приезжает консилиум из Москвы, долго сидят, химичат, понимают, если бы хотел отравить, но есть как-то, не знаю.",0.0
"Застряли бы эти профессоры где-то, не вылетели, это еще был ковид.",0.0
"А кто сказал, что в России хуёво лечит?",0.0
Навальный так говорил.,0.0
Навальный?,0.0
Да.,0.0
Я не слышал от него.,0.0
"У него все время претензии к системе здравоохранения, к образованию, ко всему.",0.0
Ты найдешь какие-то цитаты?,0.0
"Что Навальный говорит, что в России хуёво лечит?",0.0
"Мне лень, я кого-нибудь попрошу это сделать.",0.0
"Так вот, смотри, кровавый, ты ушел с того ходить, он отпускал и все остальное, хотя на каждую такую историю найдется человек, которого мучают в тюрьме, и Карамурзу сейчас, и Навальный вообще из тюрьмы не вышел.",0.0
Про другое.,0.0
"Смотри, простая вещь.",0.0
"Про то, что хуёво лечь Навального, прости, вспомнил.",0.0
"Он, когда ему в глаз зеленкой плеснули, поехал в Барселону лечиться со своим лечащим врачом.",0.0
"Да, потому что ему нужно было именно...",0.0
Потому что в России хуёво медицина.,0.0
Хотя можно было прекрасно это сделать в России.,0.0
"Ну, в России разная медицина.",0.0
"И, по-моему, люди, которые в том числе рады тому, что Навальный был спасен, благодарили медиков. которым мы помогали.",0.0
"И, по-моему, я боюсь ошибиться, но, по-моему, я помню цитаты относительно того, что медики невероятные, а вот этот вот бюрократический и админский состав, который пытался медикам мешать, вот они как раз негодяйски себя вели, а медики красавчики.",0.0
"Окей, я не могу это проиллюстрировать, но просто я почти уверен, что ты абсолютно неправильно цитируешь.",0.0
"Кровавый-некровавый, объясни вот мне, как умный человек и как нерусский арестович.",1.0
20-21 февраля 2022 года.,1.0
"Россия живет так, как жила до полномасштабной войны.",1.0
24 февраля принимается...,1.0
"Подожди, подожди.",1.0
Я сейчас говорю просто...,1.0
Я к слову кровавый.,1.0
Я не хочу про 8 лет бомбили Донбасс.,1.0
"Прочие вещи, которые я много раз по кругу тоже слушал, когда готовился, слушал тебя.",1.0
Вот.,1.0
Я просто к тейку кровавый или нет.,1.0
20-21 февраля.,1.0
"Россия живет так, как живет.",1.0
24 февраля принимается решение о полномасштабном вводе войск в Украину.,1.0
И сейчас мы с тобой в июле 2024 года по подсчетам медиазоны.,0.0
Они читают по открытым источникам официальные...,0.0
"Вот здесь будут метрика, как они считают, я боюсь ошибиться.",0.0
"В общем, официальные заявления органов власти, записи родственников в соцсетях и что-то еще.",0.0
"В общем, только по открытым источникам. подтвержденных погибших почти 60 тысяч человек.",0.0
Эти люди были живы до 24 февраля.,0.0
"И, собственно, кровь вот такая вот в виде 60 тысяч человек появилась после решения 24 февраля.",0.0
"Как это сочетается с тем, что ты говоришь, что Путин и решение это принял только Владимир Путин?",0.0
На войне умирают.,0.0
Почему тогда он не кровавый?,0.0
Я про логику.,0.0
"Я не хочу марку вешать и говорить там, военный преступник, не военный.",0.0
"Я хочу логику от тебя, как человека, который имеет логику.",0.0
"Есть то, как я вижу человека, его устройство.",0.0
Он решает все свои проблемы некровавыми способами.,0.0
"Он не устраивает кровавые бани постоянно, регулярно, по любому поводу.",0.0
Это не его стиль.,0.0
"По какой-то причине, видимо, ему это неприятно, неблизко.",0.0
"Начать войну, в которой увязнуть в ней и угробить почти 60 тысяч человек, только граждан своей страны. и огромное количество граждан другой страны, это кровавость или нет?",0.0
"Человек, который по своей сути, по своей природе, по своему устройству, я его воспринимаю как некровавый, принял самое сложное решение в своей жизни, я не думаю, что у него что-то было более сложное, начать войну.",0.0
Ты ее называешь полноформатной или полномасштабной?,0.0
"Я не знаю, откуда у тебя это клише, почему ты ее так называешь.",0.0
Это просто война.,0.0
Потому что до 8 лет была война гибридная.,0.0
"Блядь, это тоже чей-то штамп.",0.0
"И тогда тоже была война, в этом-то весь прикол.",0.0
"Сто процентов это была война, да.",0.0
Она началась после Майдана.,0.0
"Это была война, да.",0.0
Там была провокация.,0.0
"Если помнишь, Небесная сотня, вот эта вся...",0.0
"Кровавая, кровавая.",0.0
"Артемий, стреляли людей, никто их не нашел.",0.0
"Погибали люди, происходило огромное количество ужасных вещей.",0.0
"Там открылся ящик Пандоры, начали убирать людей, пошло насилие.",0.0
"Но мы сейчас говорим с тобой про Порошенко, про Зеленского.",0.0
Почему мы не говорим?,0.0
"Потому что, ну, про Путина, Артемий, потому что я задаю вопрос.",0.0
"Слушай, ну, Путин-то воюет с Зеленским, а не сам с собой.",0.0
Еще раз.,0.0
Кровавый или не кровавый?,0.0
"Вот, их нет, к сожалению.",0.0
"Большому сожалению, наших с тобой сограждан в количестве 60 тысяч нет больше и никогда не будет.",0.0
Очень грустно.,0.0
Вот.,0.0
"И ты при этом говоришь, что он не кровавый.",0.0
Я цепляюсь еще раз только за логику.,0.0
"Мне не нужно сейчас поднять вот либеральный флаг, размахивать и праздновать победу.",0.0
Не кровавый человек принял сложное решение начать войну.,0.0
"Но так случилось, что погибло 60 тысяч человек.",0.0
"А на войне умирают, да.",0.0
"Но это не делает его не кровавым. его психологическое устройство, его стержень, нежелание крови.",0.0
"То, что он оказался в такой ситуации, где он оказался, да, люди воюют.",0.0
"Причем он же сам говорил, дедушка, что там тоже такие же русские, как и мы.",0.0
"Это воюют русские с русскими, это гражданская война.",0.0
"И они воюют тоже неплохо, как мы видим.",0.0
Кто убил Пригожина?,0.0
Путин.,0.0
"А что, у тебя есть сомнения?",0.0
У меня нет.,0.0
И у меня нет.,0.0
"Правильно я понимаю, что ты сейчас утверждаешь, что Владимир Путин убил двух пилотов и стюардессу, которые летели вместе с Пригожиным, Уткиным и всеми остальными?",0.0
"Ну, смотри, ты спросил, кто убил Пригожина?",0.0
Да.,0.0
"Я считаю, что его убил Путин, потому что это очень неправильно, очень незаконно, но вот так бывает в мире вот этих вот сложных спецслужб, обязательств и так далее.",0.0
"У него было слишком много власти, у Пригожина, он сошел с ума.",0.0
"Он пошел уже на Москву, сбил там шесть самолетов-вертолетов или восемь.",0.0
"Ну, короче, пиздец.",0.0
"И там тоже были живые люди, пилоты.",0.0
Они не стали героями России в результате этого.,0.0
"Просто летели в этот день, не знали, с утра кофейку попили с Яшинкрит, а днем уже были мертвы, потому что их сбил Пригожин.",0.0
Такое нельзя прощать.,0.0
"И так же, как с террористами нельзя прощать.",0.0
"И там их и застреливают, и пытают, чтобы другим было неповадно.",0.0
То же самое с Пригожиным.,0.0
"Потому что сидели, представьте себе, сидит весь генералитет.",0.0
"Все олигархи, все такие, блядь, а что так можно было?",0.0
Можно идти на Москву с бунтом?,0.0
"Мы сейчас тоже пойдем, это не так дорого стоит.",0.0
"Вот им показали, что будет в результате.",0.0
"То, что там были два пилота, стюардесса и другие люди абсолютно невинно убиенные, это collateral damage, сопутствующий ущерб.",0.0
"То есть я правильно понимаю, ты сейчас... сделал утверждение, что Путин террорист.",0.0
Ни в коем случае.,0.0
"Он убил минимум троих людей, никаким образом не имеющих отношения к военным преступлениям, предательству Родины, госизмении, попытке государственного переворота.",0.0
Три невинных человека...,0.0
Очень натягиваешь.,0.0
Что я натягиваю?,0.0
"Пригожин погиб в самолете, который был взорван.",0.0
"Я тебя спросил, кто убил Пригожина?",0.0
То есть кто взорвал самолет?,0.0
Пригожина?,0.0
"Ты сказал, Путин.",0.0
"В самолете было три человека, не имеющие отношения к ЧВК.",0.0
Путин террорист.,0.0
"Это ты говоришь, не я.",0.0
"Это логика, Артемий.",0.0
Только из-за этого.,0.0
Это же логика.,0.0
Но это неправильная логика.,0.0
Окей.,0.0
Про мобилизацию еще один вопрос я не задал.,0.0
"А еще, кроме всего прочего, наверное, слово террорист мы с тобой по-разному понимаем, потому что...",0.0
Почему?,0.0
"Устроить теракт в воздухе, где есть гражданские...",0.0
"Устроить теракт на транспортном средстве, где есть гражданские...",0.0
Террористический акт.,0.0
"Слово терроризм, все-таки у него немножко другие коннотации.",0.0
"Объясни, я, может, что-то не понимаю.",0.0
Там есть террор.,0.0
Это же не просто убийство.,0.0
"Ты это делаешь для чего-то, да?",0.0
Какое-то...,0.0
Повлиять на политические решения.,0.0
В данном случае это просто...,0.0
"Ну, ты устранил политического конкурента.",0.0
"Ты наказал... ближайшего боярина, который сошел с ума.",0.0
"Окей, и это политическое решение, потому что ты таким образом укрепил свою власть.",0.0
"Нет, ты просто показал, что так нельзя в стране себя вести.",0.0
"Нет, это из твоего подхода, посмотри.",0.0
"Окей, это тоже политический мотив.",0.0
"Раз он есть, значит, это теракт.",0.0
"Хорошо, назови его политическим.",0.0
"Я считаю, что силовики разбираются друг с другом.",0.0
У них такой язык.,0.0
"Во всех фильмах про шпионов тебе показывают, что шпиона, если он предатель, его в печь отправляют еще живым.",0.0
Про мобилизацию я не задал еще один вопрос.,0.0
У тебя четверо старших детей.,0.0
"И как я понимаю, там один есть...",0.0
"— Старших, в смысле, совершеннолетних.",0.0
"— Совершеннолетних, да-да-да.",0.0
"И там есть как минимум один парень, который совершеннолетний.",0.0
"Может быть, больше.",0.0
— Двое.,0.0
"— Двое, да.",0.0
"Ты в интервью Шевелеву говорил, что ты всячески за то, чтобы они на войне не оказались.",0.0
И это нормально.,0.0
"Все так, да?",0.0
"Там была цитата, если...",0.0
"Ну, в общем, ты говорил, что всячески не хочешь, чтобы они там оказались, и считаешь это нормально.",0.0
Абсолютно.,0.0
"Здесь вообще не о чем спорить, все так и есть.",0.0
"Но при этом ты уже несколько раз говорил, что тебе очень нужна Одесса.",0.0
"И в том числе в таком виде, что сейчас, когда идет война, и русские войска завоевывают русские территории, которые всегда были русскими, просто они были по ошибке подарены Украине, а Украина взяла и решила, что можно туда теперь не пускать русских.",0.0
"Конечно же, я за то, чтобы российские войска прошли еще чуть-чуть вперед, взяли Одессу, выкинули нахуй из власти, чтобы Порошенко и Зеленский посидели и подумали о своем поведении, открыли границы, отменили визы, и можно было бы спокойно летать на самолете Москва-Одесса, как это можно было делать всю жизнь.",0.0
А что я не так сказал?,0.0
"Ну, то есть я правильно понимаю, что ты не хочешь, чтобы твои дети воевали, но при этом ты очень хочешь, чтобы Одесса была... нашим городом, завоевана.",0.0
"А завоевать этот город, даже исходя из того, как ситуация на фронте сейчас происходит, невозможно без большого количества человеческих потерь.",0.0
"И то есть получается, что тебе нужна Одесса, но только жизнями не своих детей, а чужих детей.",0.0
"Смотри, что написано в этом тексте.",0.0
Я хочу возможность на прямом самолете аэрофлота Москва-Одесса летать туда и в ресторане «Дача» у Савы Липкина жрать.,0.0
Вот мне это нравится.,0.0
Люблю этот город.,0.0
И девки там красивые.,0.0
"И всегда это было возможно, всегда это работало.",0.0
А потом вдруг почему-то стало невозможно.,0.0
"Я хочу, чтобы оно снова стало возможно.",0.0
"Ты мне говоришь, что я для этого должен отправить своих детей умирать на фронт.",0.0
"Это очень странная логика, потому что я не хочу, чтобы никто умирал.",0.0
"Я не хочу, чтобы никто не воевал.",0.0
"Я хочу, чтобы снова было как раньше, когда это просто прозрачная граница, всё работало.",0.0
"Это было работало, да, я бы даже не стал к этому привязываться.",0.0
"Если бы ты сказал, я бы...",0.0
"И ты когда-то это говорил, может, на старте войны или где-то ещё, ты говорил, что вот бы сейчас классно дипломатически разрешить всё, ничего, никого не убивать, были такие фразы.",0.0
Были такие фразы.,0.0
"Но я сейчас ту, которую зачитал, там российские войска продвинулись ещё чуть-чуть, видимо, в сторону Николаева и в сторону Одессы. и сделали так, чтобы всё можно было снова летать.",0.0
Они не могут туда...,0.0
Подожди.,0.0
Они не могут туда продвинуться без сопротивления.,0.0
"Очевидно, что будут погибать другие граждане России и граждане Украины.",0.0
"При этом ты говоришь, что я не хочу, чтобы дети были на войне.",0.0
И я поэтому задаю тебе вопрос.,0.0
"Тебе нужна Одесса, но жизнями других детей, а не своих.",0.0
На войне должны воевать профессиональные военные.,0.0
Мои дети ими не являются.,0.0
Профессиональные военные воевали после мобилизации?,0.0
После мобилизации?,0.0
С 2022 года.,0.0
Сюда не призывали людей без военных специальностей.,0.0
"Окей, хорошо.",0.0
"Поэтому да, профессиональные.",0.0
"То есть неважно, даже если они профессиональные военные, пусть они там сдохнут, но зато Одесса будет моим городом.",0.0
"Городом, куда я смогу к Липкинду приезжать.",0.0
Ты хочешь мне такие слова в рот вложить?,0.0
"Я не хочу, чтобы никто умирал.",0.0
"Артемий, я вообще бы не приставал, если бы не увидел, что найди здесь противоречия.",0.0
И ты еще просто по-ковбойски так на несчастного Шевелева там навалил по поводу «найди здесь противоречия».,0.0
"Там, в твоих словах, его, разумеется, не было.",0.0
У тебя была полная возможность прямую грудь выпрямить и его об этом спросить.,0.0
"Но здесь огромное противоречие с тем, что тебе нужна Одесса.",0.0
"Вот ты хочешь, чтобы продолжилось, ты хочешь, чтобы к Аркадии прошли, но при этом не твоими детьми.",0.0
"Да, я вообще не хотел бы, чтобы была война, в принципе.",0.0
"Это ты говорил много раз, но сейчас и в последних интервьюхах ты говоришь про одессу.",0.0
"Ты говоришь, ты называешь полноформатные, полномасштабные.",0.0
"Видимо, важно, да?",0.0
"Окей, полномасштабные.",0.0
Суть та же.,0.0
"Да, одна методичка.",0.0
Зачем-то.,0.0
"Она началась после Майдана, и в 2014 году была такая же хуйня.",0.0
"Там уже было столкновение, уже пришли одни граждане Украины ебашить градами других граждан Украины.",0.0
"Даже если ты пацифист, и ты говоришь, смотри, знаешь, что такое пацифизм?",0.0
"Знаешь, что такое пацифизм?",0.0
"Пацифизм — это, например, то, как Штефанов сейчас говорит.",0.0
"Он говорит, немедленно фронт останавливаем и пытаемся договориться.",0.0
Это говорит он.,0.0
"Вот это гуманизм, что вот сейчас мы просто берем, если это там не за победу Украины до конца, не за победу России, а вот гуманизм, он выглядит таким образом.",0.0
"А когда вот к нему, ему ничего не предъявить, потому что он последователен в этом.",0.0
"И он не может, ему нельзя за противоречие предъявить.",0.0
А у тебя оно колоссальное.,0.0
"Потому что ты говоришь, не остановились и пытаемся что-то сделать, а Одессу бы или Липкенда ресторан ходить можно было.",0.0
Где я не прав?,1.0
"Ты не прав в том месте, что ты хочешь, во-первых, меня с кем-то сравнить, а я не он.",1.0
"Нет, я просто тебе показал позицию.",1.0
Вот она про гуманизм.,1.0
"Ты сейчас попробовал сказать, извини, пожалуйста.",1.0
"Ты сейчас попробовал сказать, я гуманист, я против смертей.",1.0
"Вот такая позиция, как у него, я просто процитировал человека, который там известен в большом количестве людей, и он ровно ее толкает.",1.0
Молодец.,1.0
Вот это гуманизм.,1.0
"А то, что ты говоришь, это не гуманизм.",1.0
Я гуманист и пацифист.,1.0
"И у меня еще много всяких разных других. в жизни достижений гражданских, да, я не военный человек.",1.0
"Но при этом я понимаю, как работают какие-то большие задачи, которые решает государство.",1.0
"Ты видишь, что в любой крупной стране есть армия.",1.0
"Если бы я придумывал страну, может быть, я забыл бы армию придумать.",1.0
"Может, мне в голову бы это не пришло, потому что я вообще муху не обижу.",1.0
Это не мой способ ведения дел.,1.0
"Я считаю, что надо обо всем договариваться.",1.0
"И вообще человечество, у него есть огромный потенциал с нашими мозгами развиваться и дальше.",1.0
"Но люди все время придумывают какую-то хуйню себе. на ровном месте, как хохлы придумали, вот типа доебываться до каких-то слов, а потом это превращается вот в такую кровавую баню.",1.0
"И это можно остановить, очевидно, только так, как это сейчас происходит.",1.0
Нет другого способа.,1.0
Дойдя до Одессы.,1.0
Например?,1.0
Но без твоих детей.,1.0
Но без моих детей.,1.0
Все?,1.0
Потому что они непрофессиональные военные.,1.0
"И еще есть в государстве дохуя всяких разных дел, которые решаются так, как мне не нравится.",1.0
Но меня забыли спросить.,1.0
Твать стата.,1.0
Тоже с Шевелевым.,1.0
Сложность и разность очень важны.,1.0
И их нужно очень грамотно в какие-то рамки помещать.,1.0
"Потому что если ты пережестишь, если у тебя соберутся какие-то шапокляк и пиздулины, начнут говорить тебе, как надо жить, когда можно веселиться, это пипец.",1.0
"Точно это самое худшее, что можно сделать для страны.",1.0
Это главные враги страны.,1.0
"Кого ты имел в виду, когда произносил пиздулина?",1.0
"Это изопов язык для описания турбопатриотов, которые считают, что они должны... сказать, как надо себя вести, что они моральные камертоны, люди в таком белом пальто на стороне, условно, Кремля, как бы, да, себя так ассоциируют.",1.0
"Типа они берут власть в свои руки, они такой православный шариатский патруль, который будет всем остальным указывать, там, где можно пить пиво и как себя нужно вести, какие песни петь, что нельзя делать во время войны и всякая прочая хуйня.",1.0
Это собирательный образ таких вот людей.,1.0
"Я считаю, что они ебанутые, что у них какие-то психические проблемы.",1.0
"Скорее всего, в основе лежит то, что они таким образом хотят себя спасти. купить себе индульгенцию заранее, это чисто психологический прием защиты.",1.0
"Типа мы настолько станем, как будто мы здесь власть, мы ее олицетворяем, что к нам не придут и не хватит за жопу, потому что это мы тут говорим, как себя надо вести.",1.0
А спасти от чего?,1.0
"Спасти от того, чтобы их условно посадили или расстреляли, или что еще там они, какие у них внутри комплексы есть.",1.0
Это ебнутые люди.,1.0
Я не такой.,1.0
А этимологически пиздулина основана из чего?,1.0
От чего?,1.0
Это от главы Лиги безопасного интернета.,1.0
"Есть корень «пизда», обращающий женский половый орган, и «на» — это окончание женской фамилии.",1.0
Но ты имел в виду Мизулина?,1.0
"Я не знаю, что ты подумал.",1.0
Как конкретно к ней ты относишься?,1.0
Очень плохо.,1.0
Почему?,1.0
"Потому что я считаю, что ее деятельность вредна для России, она не помогает, она отпугивает людей от России. создавая ощущение того, что она что-то решает или на что-то влияет, или вообще у нее есть хоть какая-то должность, а у нее нет никакой должности, потому что ее, как называется, Лига безопасного интернета...",1.0
"Общественная организация, по-моему.",1.0
"Хуйня на палке, короче.",1.0
"Я тоже могу сейчас сказать, что у меня Лига, блядь, налепленных пельменей, и идти всех ебать и рассказывать, как надо себя вести.",1.0
"Что вот, блядь, не жрите вашу пасту с песта, потому что это вот плохо и неправославно.",1.0
"Ну, это вот такой же примерно пиздец.",1.0
"Поэтому, да, я это горячо не поддерживаю и считаю, что государство должно с такими людьми бороться.",1.0
Это же инфо-терроризм.,1.0
— Инфо-терроризм.,1.0
— Конечно.,1.0
"— 9 мая 1922 года ты опубликовал пост про то, с чего началась Вторая мировая война.",1.0
"Для начала надо спросить, а кто войну начал.",1.0
"Вторая мировая война, о чем в нашей школе не торопятся рассказывать, началась в 1939 году с того, что Германия и СССР напали на Польшу, потом СССР напала на Финляндию, а уже потом Германия напала на СССР.",1.0
Мизульна попросила проверить тебя за реабилитацию нацизма после этого.,1.0
"Пусть идет проверить в учебнике истории, я здесь причем.",1.0
"Нет, очевидно, что это факт, все, что ты изложил, но она попросила проверить.",1.0
Чем-то закончилась эта история?,0.0
"Нет, ничем.",0.0
"Ну, типа, наверное, следователи пошли, полистали учебник истории, хуяк, а там все так и написано, и что делать?",0.0
"Ну, есть то, что мы называем Второй мировой войной, просто мы не проходили эту войну, хотя она реально...",0.0
"Когда смотришь на географию, охуеваешь, особенно когда я летал там на всяких Тихоокеанских островах.",0.0
"И там везде тоже огромные эти базы, куча грузовиков, там с тех пор валяющихся, самолеты где-нибудь в микронезе лежащие.",0.0
"Представляешь, авианосец, я там учился на дайвера, права сдавал, ты ныряешь к авианосцу, у него на палубе стоят самолеты.",0.0
"Вот они там, блядь, 80 лет, ржавые.",0.0
Он на дне.,0.0
На дне.,0.0
И там ты сдаешь экзамен по этому самому своему спруту.,0.0
"Короче, это прикольно.",0.0
"И их там дохуя, потому что их стоял целый флот японский, вот американцы разбомбили, он утонул, так и лежит.",0.0
"Чук, остров.",0.0
"Отличное место для дайвинга, для тех, кто дайвится.",0.0
"Короче, мы в школе про это не проходили ничего, потому что это тоже Вторая мировая война.",0.0
"И было очень много мест, очень странных с нашей точки зрения, очень экзотических, где тоже было.",0.0
Потому что у нас была Великая Отечественная.,0.0
"То, что нас касается 22 июня 41 года по 9 мая 45-го, это Великое Отечественное, это эпизод Второй мировой войны.",0.0
Мы ей все время уделяем все внимание.,0.0
"А война была гораздо шире, конечно.",0.0
"И нет ничего плохого в том, чтобы знать какие-то еще факты из истории.",0.0
"Когда новость вышла о том, что она просит тебя проверить, ты хоть чуть-чуть напрягся?",0.0
Нет.,0.0
Вообще не было страшно?,0.0
Нет.,0.0
"Ты ругаешь Мизулину, но потом пишешь вот такое.",0.0
"Считая, что запреты концертов, аресты рэперов, гонения на поэтов — это лучшее, что может случиться с русской культурой в обозримом пространстве.",0.0
"Если на субкультуру никто не нападает, она размыкает и сливается.",0.0
"Если субкультуру преследует и прессует, она тонизируется, развивается, растет и бодреет.",0.0
"Ну, в этой логике получается, что Мизулина, которая ястреб такой цензуры и запретов, это хорошо, а не плохо?",0.0
"Ну, это косвенно может способствовать развитию творчества, да.",0.0
"Нет, так я не понимаю, Мизулина это хорошо или плохо?",0.0
Ты сейчас сначала...,0.0
Это плохо.,0.0
Просто в результате плохого процесса иногда получаются хорошие вещи.,0.0
Здесь нет противоречия?,0.0
Никакого.,0.0
Окей.,0.0
"И обрати внимание, опять же, мое наблюдение о том, что люди, которые уехали за границу, по какой-то причине... теряют свой не то что талант, не то что вайб, а какую-то способность влиять на культуру, назовем это так, писать хиты, снимать супер-мега-блокбастеры, ставить спектакли разъебные.",0.0
"Мне хотелось из Москвы поехать куда-то, назови страну.",0.0
"Ереван, блядь.",0.0
А до этого ты ходил в театры?,0.0
"Я в Москве хожу все время, конечно.",0.0
"Не, а до этого?",0.0
"Ты ждал премьер, ты был театралом.",0.0
Я просто все время хожу в театр.,0.0
"Но просто те люди, которые условно стали врагами народа или иноагентами и уехали из России, они не могут поставить спектакль, на который мне хочется пойти.",0.0
Они снимают какое-то унылое говнище.,0.0
"А те люди, которые остаются в России, даже когда они под запретом, как мы знаем, у нас много было, да, там, не знаю, у тебя сначала есть какой-нибудь Бродский, которого запрещают и высылают из страны, а потом ему памятники ставят.",0.0
"Вот эта история России, она вот такая.",0.0
"Мы все время сами себя ебем, все время в ногу стреляем, все время какой-то хуйней занимаемся, потом просим прощения, каемся, и как бы тот человек, который прошел через гонение, он как будто очищается, он как будто имеет право стать героем.",0.0
"Именно поэтому, кстати, вернулся в Россию, потому что он хотел пройти вот этот катарсис, чтобы быть мучеником.",0.0
"Потому что когда ты просто, типа, попросил, трон.",0.0
"Ну, это, блядь, почему тебе?",0.0
"А когда ты пострадал, когда ты Нельсон Манделла, когда ты вышел потом из тюрьмы, и тогда вот понятно всем, ты прошел полосу испытаний.",0.0
"Это гонка героев, это тебя очищает.",0.0
В России драматургия всегда устроена вот так.,0.0
"Ты сказал, что спектакли, которые ставят за границы русские режиссеры, унылое говно.",0.0
"Назови хотя бы один спектакль, который ты видел из тех, которые сделали они в эмиграции.",0.0
"Я не то что не видел, я даже не слышал.",0.0
"И как тогда можешь говорить, что они унылое говно?",0.0
"Потому что если он был бы не говно, я бы про него сначала услышал, а потом бы я полетел.",0.0
"Я бы Стернака не читал, но выводы сделаю.",0.0
То же самое с песнями.,0.0
Ты можешь меня назвать хит?,0.0
"Кто там много свело, Макс Парковский написал какую-то песню, но это говнище лютое вообще, пиздец.",0.0
"Ну, блядь, ну был талантливый чувак, ну напиши, ты уехал из России, все, тебя больше ничего не связывает.",0.0
"Пошли Путина нахуй, просто скажи, ебитесь все конем, я сейчас такое вам тут спою, что вы просто меня запретят везде, где только можно, чтобы прям полыхали пердаки в России.",0.0
Почему он не может это сделать?,0.0
Не почему.,0.0
"Потому что все, дар утерян.",0.0
"Здесь тот редкий случай, когда...",0.0
Не редкий случай.,0.0
"Мне нечего вообще сказать про Максима Покровского, поскольку при всем уважении к его пассионарности, запалу и всему остальному, у меня тоже очень много вопросов к творческой составляющей того, что он пишет, даже против Путина и против войны.",0.0
Но ты меня задал...,0.0
"Подожди, пожалуйста.",0.0
"Ты задал мне вопрос, кто?",0.0
Назови что.,0.0
Сколько недель альбом Лизы Монеточки держался в самых популярных и прослушиваемых альбомах российских стримингов?,0.0
"Вот здесь появится цифра, и она там держалась.",0.0
"Альбом, не просто одна песня, а альбом, несколько или даже много недель, и кто бы из тех, кто живет в России, из больших артистов не выпускал, она все равно оставалась на первом месте.",0.0
Так она молодец.,0.0
Ну вот мы ответом на этот вопрос.,0.0
"Хорошо, один пункт я запишу.",0.0
Окей.,0.0
"Так вот, ты, значит, ни одного спектакля не видел, но говоришь, что новое говно.",0.0
"Зафиксировали, зафиксировали.",0.0
Твоя цитата.,0.0
В Волгограде есть очень большая некрасивая скульптура «Родина мать зовет».,0.0
"Вообще, это ужаснейшее произведение советского монументального скульптурного искусства, которое, к сожалению, уже никуда не денешь.",0.0
"Это такая, дальше я не могу понять, хуйня или херня, ты произносишь, потому что запикано слово.",0.0
"В общем, хуйня или херня, которую один раз поставили.",0.0
"Она является символом, и понятно, что ее нельзя снести, ничего не сделать.",0.0
Ее будут вечно поддерживать просто до окончания веков.,0.0
"И она мало того, что на вид просто уродская, и просто что какой-то старческий маразм постнесоветский, который отвечал за то, чтобы ее туда поставить.",0.0
"А сейчас проблема в том, что там была подсветка, которая хоть как-то, хоть какие-то анатомические достоинства родины матери, а это все-таки женщина, у нее есть анатомические черты, у нее есть сиськи, у нее есть какое-никакое лона, и раньше свет более-менее показывал, что баба с фигурой.",0.0
"Сейчас поставили какой-то, видимо, уебищный, там тоже запекано, плоский светотеоидный свет, который ее сделал просто абсолютно бессмысленной.",0.0
"А объясни, как дизайнер, что не так с родиной матерью?",0.0
"Что там, пропорции или что?",0.0
"Смотри, для начала, да, это такая токсичная тема, за которую мне очень сильно попадает от властей, назовем это так.",0.0
"Меня вызывали следственный комитет, мне писали доносы, я ходил, объяснялся.",0.0
И вот это все.,0.0
"Потому что есть какие-то люди, которые, так же, как у меня был великий пост о Дне Победы, где суть его сводилась к тому, что не надо в честь великого события ставить уродские памятники, а люди читают как бы только...",0.0
"Они видят уродский памятник и считают, что я оскорбил День Победы, деда-ветерана и все остальное.",0.0
"То есть, ну... больные люди в этом смысле, как общество больное, люди тоже болезненно реагируют, поэтому я попадаю под раздачу.",0.0
"Моя точка зрения, когда я комментирую какие-то там скульптуры, символику, графический дизайн, гербы, флаги, вообще все, что угодно, и даже букву Z. Я это комментирую с точки зрения профессионального дизайнера, который этим занимается всю жизнь.",0.0
"Да, я поэтому спрашиваю тебя как дизайнера.",0.0
У меня есть.,0.0
А дальше мы на следующий этап.,0.0
Вот это как фундамент.,0.0
Следующий этап.,0.0
"Мы как дизайнеры, как скульпторы, как творцы, неважно, как угодно назвать, можем с помощью разных художественных, драматургических, выразительных приемов показывать определенные состояния души или какие-то важные события.",0.0
Отсюда возникают памятники.,0.0
"Он должен быть инженерным сооружением, он должен стоять, его не должно ветром сдувать.",1.0
Он должен быть еще с определенными эстетическими характеристиками.,1.0
"Он должен быть красивый, узнаваемый с разных сторон, много всякого сложного.",1.0
Это не просто поставить кусок бетона.,1.0
Это сложное произведение.,1.0
"Художественное, большое, в зависимости от масштаба, освещенности, местности.",1.0
Это как здание построить.,1.0
Это прямо событие.,1.0
"Поэтому дальше все делится на памятники, которые я считаю хорошими, удачными, классными и так далее.",1.0
"И памятники, которые я считаю уродскими, которые... получают священный статус, потому что это памятник в честь священного события, и дальше мы оказываемся заложниками такого вот нашего языческого существования, что мы не можем обсуждать художественные достоинства того, что было поставлено в честь священного события.",1.0
Из-за сакральности?,1.0
Из-за сакральности.,1.0
"А я как профессионал, у меня нет сакральности.",1.0
"Знаешь, я как гинеколог, который вот я смотровыми этими щипцами видел пизду.",1.0
"У меня нет там никакой романтики, мне надо там вылечить рак шейки матки.",1.0
"Все, у меня своя специфика, я вообще по-другому смотрю на это.",1.0
"Поэтому, конечно, когда я вижу, что родину мать которая не самый красивый памятник изначально, вот тогда, с ртом открытым, в учече.",1.0
"Ну, то есть старый маразматик сделал ужасную вещь.",1.0
"Наверное, он убедил какой-то там комитет, когда это было все важное и так далее.",1.0
"У него контур хороший, в этом смысле я не спорю.",1.0
"То есть ее силуэт с мечом – это хорошая находка, действительно.",1.0
"Но памятник, я считаю, что он не такой, какой мог бы быть.",1.0
Можно было понежнее сделать.,1.0
"Он... когда сейчас его не самый красивый памятник, еще какие-то кривожопые люди подсветили так, что там вообще полный пиздец.",1.0
"Собственно, комментарий об этом.",1.0
Нельзя подсвечивать хуёво даже слабый памятник.,1.0
Его надо подсвечивать хорошо.,1.0
"Если у нас же все-таки фигура человеческая, значит, анатомические подробности должны быть с помощью света тоже в том числе прорисованы.",1.0
"А вот ты говоришь, произведение советского искусства, которое, к сожалению, уже никуда не денешь.",1.0
"То есть я правильно понимаю, что на твой вкус лучше бы, чтобы такого не было памяти?",1.0
"Я вообще считаю, что хорошо, когда есть возможность сделать анду.",1.0
"Вот ты сделал что-то неудачное, а потом ты отменяешь.",1.0
И делаешь вместо этого более удачное.,1.0
"Например, есть памятник Петру Первому в центре Москвы.",1.0
"Я считаю, что его надо взорвать нахуй.",1.0
"У меня такая позиция, потому что это уебище.",1.0
"Можно сказать, что я террорист, что я призываю к сносу культурной ценности и так далее, что я хочу устроить взрывные работы в центре мегаполиса.",1.0
Это же метафора.,1.0
"Я просто хочу, чтобы это уебищное говно не мозолило мне глаза.",1.0
"Имею полное право, потому что это мое профессиональное мнение.",1.0
"Девушка из Самары летом 23 года опубликовала видео, где она щекочет грудь родине матери.",1.0
На нее завели уголовку по реабилитации нацизма.,1.0
"Сначала отправили в СИЗО, а потом дали 10 месяцев исправительных работ.",1.0
Как ты к этому относишься?,1.0
Плохо.,1.0
А как я к этому должен относиться?,1.0
"Ну, то есть она дура, понятно, но и реакция не соответствует.",1.0
Почему она дура?,1.0
Потому что...,1.0
"Кстати, вот в Англии недавно, прости, что я привожу тебе такой пример, там они у себя внесли закон, что если ты...",1.0
Они типа...,1.0
"Три года тюрьмы, что ли, дают тому, кто устраивает какие-то... кто залезает на военные памятники, потому что это оскорбляет память тех, в честь кого этот памятник поставлен.",1.0
Но она же не залезала.,1.0
Это примерно то же самое.,1.0
"То есть поскольку этот памятник в честь подвига... народа в честь войны, тяжелой, кровавой, в честь большого количества жертв, он же очень много чего олицетворяет.",1.0
"Это место действительно сакральное, ты уже ничего не можешь с этим подделать.",1.0
"Просто в процессе художественного выбора можно было найти другие пластические приемы, это моя экспертная оценка, так сказать.",1.0
"Хотя меня забыли спросить, его поставили до моего рождения.",1.0
"То, что она сделала, это, конечно, можно притянуть оскорбление памяти, потому что нельзя...",1.0
"Можно любой другой памятник пощекотать, Пушкину яйца щекочить, а за это не посадят.",1.0
Это такая хуйня или херня?,1.0
Она просто уродская и просто какой-то старческий маразм.,1.0
"К сожалению, уже никуда не денешь.",1.0
"Сиськи, какой-то лона.",1.0
"А за это, получается, тоже можно притянуть?",0.0
За оскорбление?,0.0
А ты как?,0.0
"Если мы будем описывать памятник, мы же будем какие-то слова использовать?",0.0
"Херня, хуйня, уродская.",0.0
Чем это отличается от пощекотать...,0.0
"На всякий случай тоже спойлер, мне очень важно это сделать.",0.0
"Я ни в коем случае не считаю, что Артемия Лебедева надо за это привлекать.",0.0
"Ни девушку, ни Артемия Лебедева, если вдруг кто-то сейчас увидит в этом какое-то подстрекательство.",0.0
"Ну, спасибо.",0.0
"Или что, да.",0.0
Чем это отличается?,0.0
Я только цепляюсь за твою логику.,0.0
Для многих вот таких...,0.0
"Подожди, пожалуйста.",0.0
"Для многих вот такие характеристики — это гораздо более серьезное оскорбление, чем просто человек пощекотал грудь.",0.0
"Ну смотри, допустим, я бы отвечал за дизайн церемонии, скажем... возложение воинских венков к какому-то памятнику.",0.0
То есть некая церемониальная вещь.,0.0
"Можно это сделать смешно и глупо, как это делают на закрытии индийско-пакетанской границы.",0.0
У них ноги вот так вот задираются.,0.0
Посмотри видео обязательно.,0.0
"Это ржака, пиздец.",0.0
"Если бы наши солдаты так около вечного огня делали, это было бы глупо.",0.0
"Я бы сказал, что, знаете, как-то смотрится странно.",0.0
Давайте другую придумаем хореографию.,0.0
Иначе чтобы это смотрелось.,0.0
Это обсуждение профессиональных художественных приемов.,0.0
"Я ни в коем случае не даю никакой характеристики трагедии войны. и того, почему нужны памятники.",0.0
Это вообще не как даже за пределами разговора.,0.0
"Я просто говорю, что для того, чтобы показывать величие события, что имелось в виду этим самым Мамаевым курганом, холмом, масштабом памятника, его размер говорит о важности события, о Сталинградской битве.",0.0
Можно было просто сделать по-другому.,0.0
Это мое профессиональное мнение.,0.0
Ты это делаешь в абсолютно оскорбительных формулировках.,0.0
"Еще раз, я играю в твою игру, которую ты сказал.",0.0
"Ты сказал про то, что она сама виновата, девушка.",0.0
Она просто пощекотала.,0.0
"Я тоже так же, давай включу.",0.0
"Она просто, может быть, относится действительно как к своей матери.",0.0
"Может быть, родина-мать для нее действительно символизирует покровительницу.",0.0
"И у нее есть нежные отношения такие, как с матерью собственной, тем более матерью в возрасте.",0.0
И она вот так вот сделала.,0.0
"И в этом было не издевательство, а проявление любви.",0.0
Таким же фокусом можно на это посмотреть?,0.0
Легко.,0.0
"И таким же фокусом ты мне сейчас рассказываешь, что херня, хуйня, уродская, к сожалению, никуда не денешь, чем-то отличается от девчонки, которая пощекотала грудь.",0.0
"Ты спросил, как я к этому отношусь, я говорю, что плохо.",0.0
"Ну, то есть ты сделал точно так же.",0.0
Ты тоже самое сделал...,0.0
"Я, к сожалению, не помню, как ты охарактеризовал то, что сделала девушка, херня или ерунда.",0.0
"Дура, ты сказал, кажется.",0.0
"Ну, то есть ты дурак тогда тоже?",0.0
Нет.,0.0
А чем отличаются твои формулировки?,0.0
"Ты сказал, она дура, потому что оскорбляет святыню.",0.0
Ты не оскорбляешь святыню.,0.0
"Если бы я телебомкал сосок у родины матери, я бы оскорбил святыню.",0.0
"А, назвать её хуйнёй или хернёй — это не оскорбление, а потелебомкать — это оскорбление.",0.0
"Я называю хуйнёй визуальное, скульптурное. не родину-мать, не то событие, которое она олицетворяет, а художественный прием.",0.0
Это язык профессионалов.,0.0
"Мы профессионалы вот так вот обсуждаем вещи, чтобы они были хорошие.",0.0
"Если мы ставим памятник в честь победы, чтобы он был такой, чтобы за него было не стыдно еще много сотен лет.",0.0
"А не то, как здесь.",0.0
"А бывают уродские памятники, и это плохо.",0.0
Я прекрасно понимаю.,0.0
"Я за то, чтобы в любых формулировках можно было о них говорить, если вдруг.",0.0
"Как ты думаешь, почему ей дали уголовку, а на твои слова никто не обратил внимания?",0.0
Как ты думаешь?,0.0
Как я думаю?,0.0
Я хотел бы у тебя узнать твое мнение.,0.0
Потом поделюсь свое.,0.0
"Ну, я думаю, что просто я никого не оскорблял.",0.0
"Хотя мои прошлые слова о родине матери, я говорю, они вызвали вызов в Следственный комитет.",0.0
А когда это было?,0.0
Два лет назад уже.,0.0
До войны или после?,0.0
До.,0.0
"А как это было, как это происходило?",0.0
"Какой-то депутат волгоградский написал какую-то маляву, ее отправили в Москву, и здесь следователь...",0.0
"Ему было лень приезжать, а здесь вызвали меня, чтобы ему послать какой-то ответ.",0.0
Что это за разговор был?,0.0
"Ну, такая беседа в кабинете.",0.0
Оторвал занятого человека от серьезных дел.,0.0
"Посидел, послушал.",0.0
Он записывал просто?,0.0
"Он записывал, да.",0.0
"У него, в принципе, на все вопросы был один мой ответ, не сильно изобретательный.",0.0
51-я статья Конституции.,0.0
Я не обязан против себя свидетельствовать.,0.0
Эта конституция мне разрешает.,0.0
"А ты не думал о такой штуке, что вот есть...",0.0
"Ну, о простой штуке, что есть просто категория людей, которым позволено больше, чем другим.",0.0
"И вот есть, например, Владимир Соловьев, который в каком-нибудь из эфиров говорит, что Гитлер, блин, вообще смелый мужик был и воин, отличный.",0.0
"Благородный, доблестный, какой такой прилагательный был.",0.0
"Антон Карасовский. говорит, что надо топить украинских детей.",0.0
"Ты же знаешь, чем это закончилось?",0.0
Чем?,0.0
Просто на время уволили с работы.,0.0
"В смысле, тут же выкинули?",0.0
И он вернулся.,0.0
"Нет, он продолжает делать на государственные деньги медиа, просто ты о нем ничего не знаешь.",0.0
И никаких проблем с законом у Антона Красовского не было.,0.0
"Хотя, если бы это сказал кто-то другой, то там много поводов для возбуждения ненависти и вражды.",0.0
"Маргарита Симоньян, которая решила порассуждать в невзорвателе термоядерную бомбу над Сибирью.",0.0
Ей тоже ничего за это не было.,0.0
"Есть люди, которые могут говорить такие вещи, либо противоречивые, либо грубые, либо безумные.",0.0
Им за это ничего не бывает.,0.0
"А есть простые люди, девчонки из Самары.",0.0
Им за это есть.,0.0
"И не попал ли ты уже в число этих людей, которым можно сильно больше, чем остальным?",0.0
"Я не знаю, как ты определяешь эту когорту.",0.0
"Когда ты говоришь, что им разрешено больше, кто им разрешает больше?",0.0
"Ну, очевидно, тот, кто бросает в СИЗО, а потом дает исправительные работы девчонке из Самары.",0.0
"Есть список граждан, которых они неприкасаемые.",0.0
"Ну, примерно это я и говорю.",0.0
Ты так думаешь.,0.0
"Я задаю тебе вопрос, нет ли у тебя такого ощущения.",0.0
"У меня нет такого ощущения, мне об этом ничего не известно.",0.0
Еще про памятники.,0.0
Ты со Светланой Бондарчук обсуждал памятник князю Владимиру и памятник Калашникову.,0.0
"Ты сказал, что те, кто это делал, про памятник Калашникова, это конченые долбоебы.",0.0
Я читаю новость об открытии этого памятника.,0.0
"Исполнительный директор Российского военно-исторического общества Кононов рассказал, что скульптор был выбран на закрытом конкурсе с единственным участником — Салаватом Щербаковым.",0.0
"Так как глава Ростеха, который принимал участие в организации строительства этого памятника, глава Ростеха Чемизов лично хотел с ним работать.",0.0
"Чемизов хотел Салавата, других участников не было.",0.0
"Правильно я понимаю, что ты называешь Сергея Чемизова долбоебом?",0.0
"Нет, я называю долбоебом тех людей, которые пошли в гугл и взяли эскиз финского автомата или немецкого, там Шмайсер, по-моему, был, и его прямо на памятнике отлили в бронзе.",0.0
"Те, кто это делал — конченые долбоебы.",0.0
"Я думал, ты имеешь в виду всех, кто участвовал.",0.0
"Нет, я тебе говорю про конкретный эпизод.",0.0
Что думаешь про Салавата Щербакова?,0.0
"Я думаю, что он очень талантливый скульптор, и его главное произведение, самое лучшее, которое вообще он сделал за свою жизнь, это памятник сырку «Дружба», где ворона с лисицей обнимаются.",0.0
"Стоит на проходной завода «Дружба», который делает вот этот плавленый сырок.",0.0
Охуенный памятник.,0.0
"Все остальное, то, что он делает, бездушное конъюнктурное говно.",0.0
Что думаешь об этом памятнике?,0.0
"Ну, такая же самодельная хуйня.",1.0
"Это не памятник, это не скульптура, это, понимаешь, это...",1.0
"Современно то, что можно в граните отлить фотографию, это примерно так же ценно, как и то, что в какой-то момент, когда стало возможно на принтере напечатать на граните фотку, все в 90-е годы на кладбище стали фотки печатать.",1.0
"Это плохо, потому что там нет ни формы, ни формообразования, ни драматургии, ничего.",1.0
Это просто бронзовая фотография.,1.0
Поэтому это не произведение искусства.,1.0
"То, что оно означает, это какой-нибудь солдат в Донецке из зеленых русалей.",1.0
"А, нет, это не Симферополь, вежливые люди.",1.0
Вот.,1.0
"Например, ну там еще котик, наверное, где-то есть.",1.0
Ты не увидел?,1.0
Там собака.,1.0
Там собака?,1.0
"Да, между девочкой...",1.0
"А, точно не котик?",1.0
Там у них котик вроде был.,1.0
У зеленых человечков знаменитая фотка с котиком.,1.0
"А, кот, да.",1.0
"Прошу прощения, да.",1.0
Я сначала только на девочку посмотрел.,1.0
"Ну, короче, там был котик.",1.0
"У меня есть такая же игрушка, кстати, армия России, солдатик в зеленой этой униформе, и там тоже котик такой пластмассовый в комплекте идет.",1.0
Это такой образ просто уже мемный.,1.0
"Все классно, хорошо, замечательно, кроме того, что... выразительные средства сейчас деградировали до пиздеца.",1.0
"Это мое никогда не меняющееся мнение, потому что я никогда не скажу, что хорошо, а то, что плохо.",1.0
"Вот сейчас мы находимся в такой фазе, опять же, можно просто сравнить.",0.0
"Посмотри, какие были деньги или там вексели, дипломы, банкноты, свидетельства о рождении при Сталине.",0.0
"То есть до 1957 года, когда там была борьба с излишествами, которую Хрущев вел.",0.0
Или сравни с царскими деньгами.,0.0
"Посмотри, как выглядят вот эти вот ценные бумаги, как выглядят банкноты с Екатериной, как выглядят все наградные какие-то дипломы.",0.0
"А как, красиво?",0.0
"Да пиздец, хочется к этой цивилизации иметь отношение.",0.0
"Хочется сказать, ребята, ну, дайте, вот я хочу быть частью вот этого потрясающего мира.",0.0
А сейчас этот Албания.,0.0
"Типа, менее технологично стало, было менее технологично, и поэтому...",0.0
"Было красиво, там работали художники, там были люди с образованием, у которых была насмотренность, они ездили пять лет по Италии, впитывали всю красоту, и только им доверяли, потому что был худсовет в хорошем смысле этого слова.",0.0
"Сейчас это дают делать, ну, условно, да, хорошо, какой-то глава корпорации, ему нравится какой-то скульптор, он даже не знает, хороший он или плохой скульптор, и тот ему просто делает, поскольку у того нет никакого знания о том, что такое хорошая скульптура, он принимает любую хуйню, которую ему покажут.",0.0
"Это то, где мы сейчас живем.",0.0
"Да, это очень плохо.",0.0
"Я считаю, что надо просто...",0.0
"Ставьте памятники, только заказывайте их специалистам хорошим, художникам с большой буквы.",0.0
"Х. А ты сказал, что долбоебы те, кто это делали, и потом...",0.0
"Долбоебы те, кто взяли из гугла картинку, ее отлили в чугуле.",0.0
Это не архитектор делает?,0.0
"Ты знаешь, что такое архитектурная мастерская?",0.0
"Там сто человек, какие-то подмастерья.",0.0
"Они им сказали, найди чертеж калаша.",0.0
"Они пошли в гугл, написали чертеж калаша.",0.0
Им выпала какая-то картинка.,0.0
Похоже?,0.0
Похоже.,0.0
Давай отливай.,0.0
"А тот, кто своим именем за это отвечает, и чье имя стоит, он не долбоек?",0.0
Ему должно быть стыдно.,0.0
"Мне было бы стыдно, если бы я сделал памятник, а мои помощники нашли бы какую-то левую картинку из гугла.",0.0
Я всегда перепроверяю.,0.0
"Выглядит так, как будто ты бросил громкое слово Светлане Бондарчук, а когда тебя попросили конкретизировать, ты слился.",0.0
"Ты хочешь, чтобы я сейчас тебе кого-то напрямую оскорбил?",0.0
"Ты же это делаешь, просто не называя фамилии.",0.0
"Удобно оскорблять, когда не приходится конкретизировать.",0.0
Я делаю профессиональное замечание относительно художественных подходов.,0.0
"Я ни в коем случае не говорю, что скульптор плохой.",0.0
"Он делает человек прекрасный, замечательный, я уверен, он делает сегодня плохие скульптуры.",0.0
Это разные вещи.,0.0
"А еще у него есть люди, какая-то команда, которую он не проверяет, которые просто берут случайные картинки.",0.0
"Такая же хуйня была, кстати, на Белорусском вокзале.",0.0
"Там поставили памятник прощания славянке, они тоже какие-то отлили пулеметы и ружья, которые вообще не из той эпохи.",0.0
"Пришлось срочно стыдно исправлять, за ночь переотливать.",0.0
"Мы сейчас находимся в таком месте, у нас эпоха непрофессионалов.",0.0
"Это в первую очередь касается моей узкой деятельности, а именно дизайна.",0.0
Именно визуальных и художественных... произведение.,0.0
"Это то, что меня волнует.",0.0
"У меня не идет ни политика, ни то, у кого какие военно-промышленные кланы, кто кого в жопу идет.",0.0
Мне насрать на это.,0.0
Это вообще меня никак не касается.,0.0
У кого какие отношения и кто сколько денег имеет.,0.0
Я вообще это никогда не обсуждаю даже.,0.0
"Если я вижу плохой дизайн, я это просто комментирую в доступных мне словах.",0.0
Я на это обращаю внимание.,0.0
"Если я вижу, что на станции метро Кузнецкий мост буквы под углом вот так вот повешены, они неровные.",0.0
"Я без Ветерпасса это вижу, я про это пишу.",0.0
"Это моя профессиональная деятельность, она такая, она никогда не менялась.",0.0
На это война никак не влияет.,0.0
Назови три лучших памятника России.,0.0
Три лучших памятника в России...,0.0
"Ну, те, которые больше нравятся тебе.",0.0
Памятник Пушкину на Пушкинской площади.,0.0
Однозначно.,0.0
"Лайкос, супер охуенный памятник.",0.0
Классика.,0.0
"Да, но он такая классика, что он, видишь, 200 лет стоит, и ничего.",0.0
Только иногда надо патину очищать.,0.0
Гоголь.,0.0
На бульваре?,0.0
"И на бульваре тоже неплохой, но тот, который стоял на бульваре, который поставили к дому музею, который в кресле сидит.",0.0
"И для какой-нибудь справедливости, ну типа Александрийский столб в Питере.",0.0
"На открытии памятника Владимиру, памятник тебе тоже не нравится, был патриарх.",0.0
Ты говорил про него в 2023 году.,1.0
"РПЦ является бездушной бюрократической машиной, которая никакого отношения не имеет к Господу Богу.",1.0
И возглавляет ее патриарх.,1.0
"Это самый неуважаемый человек вообще в стране, который вызывает ноль уважения.",1.0
"Все, что он говорит и делает, вызывает желание проблеваться и никогда его не слушать.",1.0
Да.,1.0
Почему патриарх вызывает у тебя желание проблеваться?,1.0
Объясни.,1.0
"Потому что у меня есть, может быть, абсолютно неправильное, супер-мега искаженное представление о том, что такое церковь.",1.0
"Но у меня нет другого, кроме как мое.",1.0
"Я вижу, как устроена та же самая православная церковь в Болгарии, в Грузии, может быть, даже здесь, в Греции.",1.0
"Там у меня есть ощущение, я прихожу, и мне приятно.",1.0
"У меня есть как будто тот самый коннект с душой у меня там происходит, а в России не происходит.",1.0
"И даже то, как сейчас строят современные церкви и храмы, они такие же бездушные, как и вот эти скульптуры, которые ставят, потому что их тоже делают люди. заказывают непрофессионалы, делают непрофессионалы и принимают непрофессионалы.",1.0
"И, возможно, даже когда профессионалы делают, их заставляют делать говно, и они такие, ладно, хуй с ним, за деньги сделаем.",1.0
Поэтому мы сейчас находимся в этом месте.,1.0
"У нас нет, может быть, кроме храма вооруженных сил Валабина, единственный современный храм, который сделан пиздата.",1.0
Прям по-настоящему пиздата.,1.0
Он производит впечатление.,1.0
Там фрески Сталина были?,1.0
Были.,1.0
"Ну, изначально были.",1.0
Их сейчас нет.,1.0
"И с Путиным еще, и с Шойгу.",1.0
"Да, их там нет.",1.0
"Нет, там вот этот Христос или какая-то фигура, ты как будто в индийский храм какой-то входишь.",1.0
Он прям действительно энергетически очень...,1.0
А Сталин с Путиным случайно там оказались?,1.0
"Да пусть они там были бы, в чем проблема?",1.0
"Всю жизнь все, кто спонсировал церковь, их портреты там всегда рисовали.",1.0
"Это нормальная практика вообще, здесь нечего обсуждать.",1.0
"То, что мы сейчас делаем, вот эти купола из фольги от конфет.",1.0
"Такие, знаешь, голубые, золотые и какие-то бездушные вот эти вот, абсолютно клёпанные, как из Софрина, вот эти вот трильяжи, которые, знаешь, в «Жигулях» визят у водителя.",1.0
Бездушная хуйня.,0.0
"То есть икона должна быть, чтобы ты на нее посмотрел, и тебе что-то, катарсис, должно случиться.",0.0
"У тебя искусство должно пронять, ты должен почувствовать энергию.",0.0
"А там ты чувствуешь, что это полиграфическая продукция, которая сделана на отъебись, чтобы ее просто продать.",0.0
Пластик.,0.0
Вот к этому у меня претензия.,0.0
"Патриарх является для меня чуваком, который олицетворяет именно вот это бездушное отношение.",0.0
"Я не вижу, что он человек, которого я хотел бы слушать.",0.0
Его слово для меня ничего не значит.,0.0
"Он не делает ничего, никаких действий.",0.0
"Опять же, может, я глубоко не прав.",0.0
"Я бы хотел, чтобы он как диаген в бочке жил, и раз в год выходил, и, знаешь, не раскрыв глаза, желал всего хорошего, или говорил, не воюйте, и уходил.",0.0
"Он чиновник партийный, который ездит на Мерседесе с этим складным крестом.",0.0
А откуда у меня к нему возьмется уважение?,0.0
"Если вроде как он должен претендовать на то, что он про человеческие души или даже имеет отношение к какую-то связи с Господом, хотя у него не больше связи, чем у меня, мы одинаковые люди на земле, то он максимально засрал эту концепцию.",0.0
Даже к Папе Римскому у меня больше уважения.,0.0
И к Даллай-Ламе.,0.0
Почему Путин не блюет от патриарха?,0.0
Откуда я знаю?,0.0
Не пытался интерпретировать?,0.0
Нет.,0.0
Как ты думаешь?,0.0
"Я думаю, что я знаю.",0.0
"Я думаю, что Путин, неважно, что он любит на самом деле, и что какие-то там легенды, или кто-то недавно описывал, что он Берлускони там сердце оленя вырывал и ел, обливаясь кровью.",0.0
"В Италии обсуждали, у них такой сюжет прям, я себе представил.",0.0
"А Берлускони сказал, что я кровь не люблю, но вот Путин при мне ел сердце оленя.",0.0
"И поскольку он помер, мы не спросим, было так или нет.",0.0
Но какой-то его там помощник рассказывает эту легенду.,0.0
"Вот я думаю, что примерно все остальное на уровне такой же хуйни.",0.0
"Нам просто не расскажут, как на самом деле.",0.0
"Это неважно, потому что Путин, я его очень понимаю, потому что он хорошо защищает свою личную жизнь.",0.0
Я тоже.,0.0
"Я в этом смысле, у меня ноль вопросов.",0.0
"Красавчик, молодец, так и надо.",0.0
Просто не смешивает эти вещи.,0.0
"Но когда ему нужно общаться условно с патриархом, я думаю, что...",0.0
"Это не про его личные отношения, там 100% только все основано на социологии.",0.0
"Как любой политик нормальный, он смотрит, ему каждый день приносит графики, метрики, рейтинги, вот эту всю хуйню.",0.0
Потому что так выгодно политически.,0.0
Так выгодно.,0.0
"Как ты считаешь, патриарх верит в Бога?",0.0
Понятия не имею.,0.0
"Как ты считаешь, Путин?",0.0
"Нет, я даже думаю, нет, он верит в Бога.",0.0
"Потому что быть таким, как патриарх Кирилл, и так много лет оставаться на этой роли, и иметь все, что он имеет, конечно, он верит в Бога, блядь, у него нет вариантов.",0.0
Потому что...,0.0
Только божественное провидение могло его поставить в такое положение.,0.0
Любой нормальный...,0.0
"Если бы там, действительно, бога бы не было, так и все было бы по-другому.",0.0
"Как ты считаешь, Путин верит в бога?",0.0
Конечно.,0.0
"Ну, в какого-то там своего.",0.0
"У него есть свои представления о том, что хорошо, что плохо.",0.0
Иногда он дает об этом понять.,0.0
"Хотя, что он на самом деле...",0.0
"Может быть, это Путин летает, кстати?",0.0
Реинкарнация.,0.0
Он время от времени появляется в кадре.,0.0
Он еще жив все-таки. чтобы сообщить нам что-то.,0.0
"В общем, да, я думаю, что правду мы не узнаем, потому что не дело политика правду рассказывать.",0.0
У них другие инструменты.,0.0
Но как будто бы да.,0.0
Вообще любое восхваление начальства — это самый примитивный жанр на свете.,0.0
"Начинается все с простой лести, потом идут более серьезные ходы.",0.0
Начальник всегда прав.,0.0
Потом наступает фаза портрета бюста в офисе.,0.0
"Затем идут переименования улиц, потом городов.",0.0
Ну а дальше нет предела.,0.0
Людям свойственно искать стабильности. а лезть начальству — самая доступная и интуитивно надежная форма стабильности.,0.0
Писал ты у себя в Телеграме.,0.0
"Это твой пост про гипотетическое начальство, там нет ни одной фамилии, ни Кирилла, ни Путина, ни кого угодно еще.",0.0
"Как ты сам считаешь, насколько близок к этой конструкции сейчас Путин и его подчиненные?",0.0
"Я не знаю, как у них там жизнь устроена, как они друг друга хвалят и по кругу целуют в попу.",0.0
"Ну, исходя из открытых, скажем так, данных, из того, что мы можем видеть со стороны.",0.0
"У меня есть такое ощущение, что... лизали бы больше.",0.0
"И у нас же культура, которая очень свойственна культ личности.",0.0
"Поэтому, собственно, случился Сталин.",0.0
"Когда у тебя все было Сталин-Сталин, Пересталин, Сталинград, премия Сталина, живой просто бог на земле при нас и так далее.",0.0
"Ну, то есть совсем уже охуели, потому что не было...",0.0
А он не останавливал.,0.0
"Я думаю, что Путин останавливает, потому что абсолютно очевидное желание залезать ему жопу до блеска.",0.0
"То есть лизали бы больше, если бы не Путин.",0.0
Путин героически остановил.,0.0
"Смотри, единственный у нас пример того, где вот как бы все равно просочились и все равно сделали так, чтобы было приятно, это проспект Путина в Грозном.",0.0
А в других местах нет.,0.0
"А, еще в этом, в Палестине, в Ромале еще.",0.0
Там тоже улица Путина.,0.0
"Ну тоже лизнули, потому что не знали, что ему это не нравится.",0.0
"А в других случаях, ну где примеры того, где его портреты?",0.0
"Опять же, только в Чечне его портреты висят.",0.0
Портрет не в очень многих кабинетах у чиновников.,0.0
И мы не берем кабинеты.,0.0
У чиновников.,0.0
"Подожди, в Америке тоже висят портреты в каждом суде, в каждом отделении полиции, в аэропорту.",0.0
Ты имеешь в виду на улице?,0.0
Да.,0.0
"Когда ты приезжаешь в Америке в аэропорт, висит президент и вице-президент всегда.",0.0
"Даже если это Трамп, они его ненавидят, но не могут не повесить.",0.0
"Ты имеешь в виду портреты Путина, которые на улицах?",0.0
Да.,0.0
"Ну а где, кроме чиновничьих кабинетов, они висят?",0.0
Нигде.,0.0
"Нет, ну трансляции, обращение Путина к народу через огромнейший экран во многих районах Москвы уже есть.",0.0
Это другое.,0.0
Что это другое?,0.0
"Ну это не культ личности, это просто информация.",0.0
Чемпионат России по футболу там не показывают.,0.0
Чемпионат мира по футболу там тоже не показывают.,0.0
"И ты даже знаешь почему, потому что это другие права.",0.0
Чемпионат мира...,0.0
Под другие права?,0.0
"Для того, чтобы тебе транслировать чемпионат, тебе надо бабки платить.",0.0
"Ну, это не так.",0.0
Потому что когда в фан-зоне...,0.0
"Когда в фан-зоне... в фан-зоне организованной показывают чемпионат на огромном экране, никакие права этому не мешают.",0.0
Там трансляция.,0.0
А показывать в городе — это совершенно другие права.,0.0
Это юридически тебя за это выявят.,0.0
"Еще раз, я говорю про город.",0.0
"Организованная фан-зона может быть организована хоть на Воробьевых горах, хоть на Манежной площади, хоть где угодно еще.",0.0
"Никаких проблем с правами не будут для того, чтобы их там показывать.",0.0
И так показывают.,0.0
А на гостинице на Юго-Западной не показывают.,0.0
"Я думаю, что прописано в договоре.",0.0
"Ну, короче, мое наблюдение такое — нету культа. личности.",0.0
"Я знаю, как это выглядит в других странах.",0.0
"Если ты приедешь в Сирию, там везде осад висит.",0.0
"Если ты приедешь там, ну, во всех арабских странах, они очень свойственно, поскольку у них нельзя бога изображать, а у них дефицит надо кого-то изображать.",0.0
"Они всегда берут своего царя или шейха, или правителя.",0.0
Во всех арабских странах это распространено.,0.0
"Заходишь в Египте в мясную лавку, там всегда будет висеть президент.",0.0
"Ну, они не могут этого не делать.",0.0
"А у нас не так все-таки, извини.",0.0
"Хотя, конечно, ради прикола кто-то портрет Путина у себя вешает, но мы же...",0.0
Считываем этот мета-постиронический уровень.,0.0
Про менталитет очень коротко.,0.0
Это тоже я во время подготовки наткнулся.,0.0
Тебе не кажется очень ложным и слабым приемом дискуссии списывать на менталитет всегда?,0.0
"Не списывать, а...",0.0
Объяснять какие-то вещи.,0.0
Вот у нас менталитет такой.,0.0
Это тоже очень твой частый прием.,0.0
"Это частый прием, потому что я в какой-то момент не знал, что на это можно обращать внимание.",0.0
"А потом, когда начал обращать внимание...",0.0
"Я понял, что...",0.0
Очень сильно помогает оправдывать самые разные вещи.,0.0
Объяснять.,0.0
"Вообще не оправдывать, это разные вещи.",0.0
"Объяснять, потому что я обратил внимание на одну очень интересную вещь.",0.0
"Мы считаем себя европейцами, а на самом деле мы азиаты.",0.0
"И прикол в том, что когда мы подходим к зеркалу, на нас смотрит европеец, а наше устройство, вот, хардвер внутри и все провода, азиатские.",0.0
"Но когда мы приезжаем к азиатам, они тоже не видят там своих.",0.0
"Они считают, что это европеец приехал, и они нас к себе не принимают как равных.",0.0
"Они очень высокого мнения о себе, особенно китайцы.",0.0
Мы для них чучмеки.,0.0
И для швейцарцев мы чучмеки.,0.0
"Получается, что мы между двух... разных лагерей, мы азиаты, похожие на европейцев, ни там, ни там, ни свои.",0.0
"И вместо того, чтобы просто этим насладиться, сказать, ебитесь конем, мы такие, вот, все, это наше устройство.",0.0
"Наслаждаемся жизнью с этого момента, занимаемся собой.",0.0
"У нас есть своя культура, свой язык, свое понимание, все, нам плохо, кто что думает.",0.0
"Если хотите, приезжайте в гости, мы организуем вечеринку, не хотите, идите нахуй.",0.0
Вот тогда все было бы абсолютно по-другому.,0.0
"Это менталитет, и никак иначе это не объяснишь.",0.0
Просто про...,0.0
"Подписываюсь под каждым словом, что у нас своя культура, прекрасно, и приезжайте в гости.",0.0
Просто про менталитет.,0.0
"Один вопрос, и почему мне кажется, что ты используешь эту штуку просто для того, чтобы обрадовать все, что угодно.",0.0
"Поправь, где я не прав, где я заблудился.",0.0
"Ири Шихман, в 2019 году, вы там с ней спорите относительно того, вот ты говоришь, нам нужен царь.",0.0
"Нам нужен царь, и вообще в Восточной Европе это вообще принято.",0.0
"Вот Россия, вот Беларусь, вот Казахстан.",0.0
"На тот момент, ты говоришь, Назарбаев, ты там признаешь фразу, что он поставил кого-то номинального, оказалось, что нет, но тогда это действительно казалось так.",0.0
Вот.,0.0
"Ира тебе говорит, а Украина?",0.0
"Она говорит, а Украина?",0.0
"И ты говоришь, Украина?",0.0
По-другому.,0.0
"Ира тебя спрашивает, а что, это другие люди?",0.0
"И ты говоришь, да, да.",0.0
Это же тоже Восточная Европа.,0.0
"Нет, но они как раз по границе проходят, потому что там большое польское влияние.",0.0
"Проходит 4 года, и ты, когда уже идет война, приходишь на интервью к метаметрике и говоришь, что мы же про Украину, мы же один народ.",0.0
"Это такой же народ, только с другой идеологией.",0.0
Так в какую версию мне верить про менталитет украинцев?,0.0
"Ту, о которой ты говорил в 2019 году или в 2023?",0.0
"Мне кажется, что одна другой принципиально противоречит.",0.0
"У нас будет такая беседа, где ты меня поймал на всех противоречиях, и...",0.0
Причем здесь это?,0.0
Я же просто про менталитет.,0.0
"Я на этом противоречии доказываю не то, что сказал одно, а стало по-другому.",0.0
Нет.,0.0
"Во-первых, так тоже бывает.",0.0
"Во-вторых, я противоречивый.",0.0
"Я могу сказать с утра одно, вечер другое.",0.0
"Это нормально, в зависимости от контекста, настроения.",0.0
И давай я сразу проясню.,0.0
Менять мнение абсолютно нормально.,0.0
Это признак здорового человека.,0.0
"Только желательно пояснять, за счет чего эволюция мнений произошла.",0.0
Нет обсуждения.,0.0
Но!,0.0
Но!,0.0
"Именно поэтому я привел этот пример, потому что между ним четыре года, а объяснение про тот факт, который...",0.0
"Ты его утверждаешь как факт не про себя, а про народ.",1.0
"И поэтому мне кажется, что здесь принципиально по-разному.",1.0
Объясни.,1.0
"Очень хорошо, что ты понимаешь сложную природу, противоречий, изменение мнений, обстоятельств и так далее.",1.0
"Конечно, все развивается со временем.",1.0
"Конечно, мнение может быть...",1.0
"У него есть курс, который меняется.",1.0
Сто процентов.,1.0
По миллиону разных причин.,1.0
"Опять же, я с удовольствием готов сказать, если я когда-то...",1.0
"Ну, то есть, почему я меняю мнение?",1.0
Потому что у меня появляются новые вводные.,1.0
"Я взрослею, я умнею, у меня больше шире наблюдательность, у меня больше какой-то жизненной мудрости накапливается.",1.0
"Я, в принципе, лучше становлюсь с годами пока что.",1.0
И меняется контекст.,1.0
"И меняется контекст, конечно.",1.0
"Потому что когда у тебя идет война, немножко другой контекст.",1.0
"Люди себя проявляют так, как раньше не проявляли.",1.0
"Опять же, вопрос...",1.0
А почему люди пошли на эту войну?,1.0
Почему они довели до такого?,1.0
Что случилось в итоге?,1.0
"Там Украина, конечно же, на 80% — это просто Россия.",1.0
Такие же русские люди.,1.0
У меня есть на эту тему очень четкое объяснение.,1.0
"Опять же, не политически, не то, что я сейчас хочу их забрать, и чтобы они в русский налоговый орган свои платили налоги.",1.0
Меня это не так сильно волнует.,1.0
Чисто наблюдение моё визуально-дизайнерское.,1.0
Как выглядит ход?,1.0
"В подъезд в Киеве он выглядит ровно так же, как в Москве.",1.0
"Металлическая дверь, покрашенная ебаной коричневой или серой краской.",0.0
"Такие же стеклопакеты, такое же насредство на архитектуру, такие же тарелки антенн.",0.0
"Все, это тот же народ.",0.0
"Ты ничего этого не знал в 2019 году, когда ты говорил, что мы разные народы, и ты к тому моменту, у тебя был и офис в Украине, и квартиру уже у тебя отняли, и прожил ты много лет в Украине, и Одессу ты любил.",0.0
"Ты не знал этого ничего в 2019, а в 23-м...",0.0
Узнал.,0.0
"То, как люди готовы...",0.0
"Вот самый важный момент, который происходит, как понять, что что-то действительно изменилось или стало не таким, как я раньше предполагал.",0.0
Когда люди готовы умереть за идею.,0.0
"Для меня это, в принципе, странная вещь.",0.0
"Когда, типа, зачем умирать за идею, если можно просто жить, продолжать спорить, например, иметь разные мнения и продолжать жить, вместе пить пиво и считать, что абсолютно иметь разные точки зрения на какое-то событие.",0.0
Не надо убивать друг друга за свою точку зрения.,0.0
"Когда люди идут умирать за свою точку зрения, это значит, что есть какие-то глубинные процессы, природа которых, опять же, может быть, она выше моего понимания, в принципе, я не понимаю.",0.0
"Но то, что я вижу про Украину, то, что людей, таких же, как мы, поместили немножко в другой контекст, сказали, что они не такие, как мы.",0.0
"Значит, просто их нарисовав границу, сказали, а мы другие, как если бы, не знаю, Вологодская область стала бы воевать с Новгородской.",0.0
"Потому что им по границе бы объяснили, что вы вологодцы, вы другие, видите, как на карте нарисовано.",0.0
Не надо сравниваться с теми.,0.0
Вот так произошло на Украине 30 лет.,0.0
"То есть ты удивляешься тем людям, которым к Киеву подошли, и они начали давать отпор.",0.0
"И люди решили, что с хера ли вы к нам пришли, мы вас отсюда выпьем.",0.0
"Ты удивляешься, как же они могут убивать тем, кто пришел с оружием и смертью к ним в дом.",0.0
"Таких же, как они.",0.0
"Хороших, прекрасных, замечательных.",0.0
"Когда, не приведи бог, тебя грабить придут, такой же, как ты.",0.0
"Не только россиянин, не только дизайнер, не знаю, с тем же цветом волос в тех же кроссовках.",0.0
"И если единственный шанс спастись от него, тебя будет его убить, ты так не сделаешь?",0.0
Я никого не хочу убивать.,0.0
"Нет, еще раз, ты так не сделаешь?",0.0
Если единственный шанс защитить себя и свою семью.,0.0
Да или нет?,0.0
Давай по-другому.,0.0
"Да, я так сделаю.",0.0
"И это то, что я тебе хочу сказать.",0.0
Вот они то же самое и делают.,0.0
Вопроса ноль.,0.0
"Поскольку это те же люди, такие же русские люди, они такие же умные, так же хорошо воюют, все то же самое, они не хотят, чтобы кто-то к ним приходил.",0.0
Они воюют.,0.0
И мы бы делали то же самое.,0.0
Просто мы упустили с ними связь.,0.0
"Надо было это начинать 20 лет назад, 30, нужно было всю эту украинизацию.",0.0
"Россия, чтобы мягкой силой влияла.",0.0
Вот Америке удалось.,0.0
Поэтому сейчас в детском саду украинскому будут учить английский язык.,0.0
Это пиздец.,0.0
"Это классно, но это очень тупо.",0.0
"Укорачиваем, в 2019 году ты не знал того, что узнал в 23-м.",0.0
"Конечно, а ты что знал?",0.0
"Нет, ты узнал, что просто эти люди...",0.0
"Все, что ты сейчас сказал, ты не знал, что люди готовы убивать за идею.",0.0
"Но я простым примером, собственным домом, тебе сказал, что люди убивают не из-за идеи, а из-за безопасности.",0.0
"Потому что к ним пришли, и они сказали, уебывайте, если не уебете, мы вас убьем.",0.0
То есть это твое открытие?,0.0
"При том, что ты сам сейчас сказал, ну да, я поступил бы так же.",0.0
"Ты хочешь... показать то, как случилось в итоге, а я пытаюсь понять механизм, почему до этого дошло.",0.0
Это разные вещи.,0.0
"Подожди, я сейчас только говорил про менталитет и про то, как этот...",0.0
Я же зацепился только за...,0.0
Менталитет...,0.0
"Смотри, на Украине почему происходит то, что происходит?",0.0
Потому что там...,0.0
Я зацепился за оперирование менталитетом.,0.0
"Ты сказал, нет, это классная, эффективная штука.",0.0
"Я тебе привел пример того, как у тебя принципиально поменялось представление об этом, хотя... и ты это доказал следующим последствием, у тебя никакой новой информации не поменялось.",0.0
"Кажется, поменялся только контекст.",0.0
"И что сейчас сказать, что мы разный народ...",0.0
"Я сейчас не хочу выяснять, разные мы, они разные.",0.0
Это абсолютно бессмысленный и долгий спор.,0.0
Просто у нас в контексте тебе удобнее думать так сейчас.,0.0
"Смотри, во-первых, мы гораздо более близкие народы, чем даже те народы, которые живут внутри России.",0.0
У нас есть очень сильно разные народы внутри России.,0.0
"Гораздо более разные, прям совсем принципиально разные, с разными религиями, с разным этносом, в отличие от Украины.",0.0
Мы здесь гораздо ближе.,0.0
"То есть с точки зрения жителей Чукотки, русские украинцы один хуй, одно лицо, не отличишь.",0.0
"И все у них одинаково, и анекдоты одни и те же, и сказки с детства одинаковые.",1.0
"Украину закрыли, герметизировали и очень долго идеологически обрабатывали.",1.0
"Они стали людьми с другой точки зрения, их противопоставили нам, что является уже это, в принципе, преступление, но они это купили за 30 серебряников, за какое-то американское внимание.",1.0
Я это так вижу.,1.0
"Может быть, я чудовищный дугенист, путинист, я не знаю кто, но поскольку я читал учебник истории больше, чем за три года, у меня ощущение, что это вот так.",1.0
Это следующая польская интервенция.,1.0
"Вот сейчас уберем оттуда, а может и нет, хуй знает.",1.0
"Опять же, я зарекся давать прогнозы после ковида, а оказалось, что я очень плохой прогнозист.",1.0
Не получается у меня.,1.0
"Может быть, все что угодно, но намерение именно вот такое.",1.0
"В интервью Манучи ты говорил, Советский Союз был довольно-таки неприятной страной, особенно для свободолюбивых людей.",1.0
"Он был конкретно душный, хуже, чем ислам.",1.0
Что ты имеешь в виду?,1.0
Советский режим был малоприятный.,1.0
"Нет, что ты имеешь в виду с сравнением хуже, чем ислам?",1.0
"Я беру страны типа Ирана, где ислам является государственной религией.",1.0
И мне это не нравится.,1.0
"Иран — это Советский Союз, это такая же душнеловка.",1.0
"Хотя там внутри люди нормальные, хорошие, на кухне все в менюках пляшут, бухают.",1.0
"На улицу выходят вот в униформе своей, в хиджабе.",1.0
А Татарстан?,1.0
Везде как в Иране?,1.0
"Нет, конечно.",1.0
"Ну, в Турции это светская страна.",1.0
"Просто это выглядит, как будто ты про всю религию говоришь.",1.0
"Это хуже, чем ислам.",1.0
У Ирана в названии страны.,1.0
Исламская республика Иран.,1.0
Ири.,1.0
"А у Турции, Турция это светская страна.",1.0
И?,1.0
У нее есть религия.,1.0
Люди исповедуют ислам.,1.0
"Государственное устройство, светское.",1.0
Это разные вещи.,1.0
Татарстан — светское государство в составе Российской Федерации.,1.0
Я просто зацепился за эту фразу.,1.0
"Он был конкретно душный — хуже, чем ислам.",1.0
К исламу у тебя нет претензий.,1.0
Имеется в виду Иран.,1.0
"Когда религия становится государственной, я про это говорю.",1.0
У меня нет претензий к религии вообще.,1.0
Я не боюсь ислам для начала.,1.0
"В 2019 году ты написал пост Рамзану Кадырову, который заканчивался...",1.0
Уважение нельзя завоевать силой.,1.0
Силой можно завоевать только страх.,1.0
"Вспомни об этом, когда будешь наставлять свой народ в следующий раз.",1.0
"И держи своих псов на цепи, пожалуйста.",1.0
"Обнимаю, брат.",1.0
Была ли какая-то реакция на тот пост?,1.0
Я принес все извинения.,1.0
Спустя четыре года.,1.0
"Ну, когда мы лично повстречались.",1.0
"Расскажи, в 2023 году ты принес извинения Рамзану Кадырову.",1.0
"Расскажи, за что, и расскажи, как это получилось.",1.0
"А это разве было в 23-м, а не в 24-м?",1.0
По-моему...,1.0
Когда тебя назначили во Вконтакте?,1.0
В 23-м?,1.0
В 23-м.,1.0
Это было в 23-м году.,1.0
Время прошло.,1.0
"Что, правда, что ли?",1.0
"Да, быстро бежит.",1.0
"Короче, мы участвовали в создании мастер-плана города Грозный.",1.0
Большой международный архитектурный консорциум.,1.0
"Огромная работа, полгода делали, и вот приехали туда это дело презентовать.",1.0
"Личная встреча, потому что серьезный и важный конкурс.",1.0
"Мы заняли второе место, что довольно подчетно, потому что там было много участников.",1.0
То есть мы вошли в тройку и заняли второе место.,1.0
"А потом у нас состоялась личная беседа, мы поговорили, и по-мужски решили, что лучше, если я принесу извинения, и что я искренне сделал на следующий день у себя в Телеграме и в других моих площадках.",1.0
А он завел об этом разговор?,0.0
Да.,0.0
А как это он делал?,0.0
"Собственно, вопросы, что я написал.",0.0
"Он говорил, он приступил к этой теме с претензией или с юмором?",0.0
"Нет, скорее, это было нейтрально.",0.0
"Ну, то есть, наверное, я так ставлю себя на его место.",0.0
"Приезжает ко мне, я там, царь, сижу, да, приезжает на конкурс дизайнера моего дворца, а он до этого про меня писал всякое.",0.0
"Но я ему спрошу, типа, вот, что ты там мне хотел сказать.",0.0
"И поскольку у меня нет никаких личных претензий к Рамзану, есть претензия к управленческому стилю, есть претензия...",0.0
"Самое главное, весь этот пост, на самом деле, он же не про Рамзана, он же про людей, которые ловят кого-то и заставляют извиняться на камеру.",0.0
"Я хотел сказать этим постом, собственно, там это написано, что плохо, когда выходит из-под контроля вот этот вот репрессивный аппарат.",0.0
Только у государства есть монополия на насилие.,0.0
Когда монополия у студентов...,0.0
"Это уже точнее не монополия, когда просто какие-то студенты ловят просто каких-то других студентов и говорят, что ты должен перед нами извиниться.",0.0
"Вот этот процесс, собственно, я и поэтому говорю, держи своих псов.",0.0
"Потому что это люди, которым он как бы может морально разрешить так себя вести, а может сказать, что так себя вести не надо.",0.0
И у него это очень хорошо получается.,0.0
"Ну получается, ты сам оказался участником этого видео, это текст был.",0.0
Так и получается.,0.0
Как ты это воспринял?,0.0
С юмором.,0.0
С юмором?,0.0
"А, для тебя не было это там... ударом или чем-то еще?",0.0
Нет.,0.0
"Ну, то есть, а как еще?",0.0
Я ко всему в жизни так отношусь.,0.0
"Если бы меня посадили на кол и оставили бы под палящим солнцем, я бы, наверное, к этому относился не с таким юмором.",0.0
Какое впечатление Кадыров произвел на тебя при общении?,0.0
Мощное.,0.0
"То есть он такой энергетический, очень прям, ну...",0.0
"Я даже не знаю, как это сказать.",0.0
"Ну, короче, фигура.",0.0
Ты смотрел фильм проекта про...,0.0
Он непростой.,0.0
"То есть есть люди очень высокого полета, очень известные, очень крутые и так далее, которые, ну, просто как мы с тобой вот сидим, вообще ты даже ничего не заметишь.",0.0
Ты имеешь в виду руководителей регионов?,0.0
"Руководители регионов, руководители самые там какие-нибудь вице и так далее.",0.0
Много всяких разных есть у нас элит.,0.0
"В основном люди крайне простые, крайне демократичные.",0.0
"Здесь, конечно, это другой человек, другого типа.",0.0
"Опять же, может быть, это кавказская специфика, я не всех там знаю.",0.0
Ты смотрел фильм проекта про Рамзана Кадырова?,0.0
Я начал.,0.0
Что думаешь?,0.0
"Ну, соберет свои миллионы просмотров.",0.0
А про содержание?,0.0
Ничего не думаю.,0.0
"Ну типа там что-то написано, чего раньше не было написано.",0.0
"Ну это как-то сопоставлял, что человек, которого во всем этом обвиняют, или про деятельность которого рассказывают, совсем недавно с тобой встречался.",0.0
И ты перед ним извинялся.,0.0
У меня нет на эту тему никаких противоречий.,0.0
У меня мои отношения человеческие.,0.0
"Между прочим, перед Навальным я тоже извинялся.",0.0
И мне за это вообще не стыдно.,0.0
"И я не говорю, что за извинения?",0.0
"Нет, просто ты так говоришь, что как будто за извинением что-то такое стоит.",0.0
"Ну, не надо, пожалуйста.",0.0
"Нет, это мои человеческие отношения.",0.0
"Стоп, стоп, стоп, стоп.",0.0
Пожалуйста.,0.0
Эту претензию я отвергаю.,0.0
"И в отличие от твоих одноклассниц из 57-й школы, про которых ты говорил, Шевелёва, ты говорил, что они же учились в гуманитарном классе, и они должны были быть научены, как устроены человеческие души, что в жизни бывают разные обстоятельства.",0.0
"Теперь я знаю, что ты смотрел внимательно.",0.0
"И я не претендую на качество образования 57-й школы. но тем не менее я понимаю, что жизненные обстоятельства могут быть другие.",0.0
"Если ты заметишь, мой, скажем так, азарт и напор сейчас значительно слабее, поскольку я виктимблемингом заниматься не хочу.",1.0
Вот.,1.0
И поэтому я просто спрашиваю.,1.0
Ну окей.,1.0
У вас какие-то отношения остались?,1.0
Вы можете там переписываться?,1.0
У тебя есть его телефон?,1.0
Нет.,1.0
"А, то есть это через помощников было?",1.0
Там не такой уровень общения.,1.0
"Ты, когда выходил, комментировал интервью Веры Полосковой, ты сказал, мои качества, которые так нравились Вере, вообще никогда не менялись.",1.0
"Если я всегда был дерзкий, я дерзкий и сейчас, когда происходит пиздец.",1.0
"Если я был несгибаемый, я и сейчас тоже не согнулся.",1.0
"Никакая нахуй пандемия, никакая нахуй война, никакие нахуй политики, никакая ебанина российская ваша суровая. а никто не говорит, что у нас сторона розовых пони.",1.0
"Если я был несгибаемый, я и сейчас тоже не согнулся.",0.0
Еще раз.,0.0
Я вообще спрашиваю это без азарта.,0.0
Максимально нейтрально и даже сочувствуем.,0.0
Но просто мне интересно услышать твой ответ.,0.0
Извинения перед Рамзаном — это все-таки прогнуться?,0.0
"Нет, это личная история.",0.0
Ну а в чем личная?,0.0
Мои с ним личные отношения.,0.0
"Пока я с ним не встречался с глазу на глаз, у меня не было...",0.0
"Они были бы личные, если бы это не было публично.",0.0
Они возникли личные.,0.0
Я с ним встречался...,0.0
"Есть эпизод, который снят на камеру, когда мы встречаемся, презентация проектов и так далее.",0.0
"Государственный эпизод или какой-то процессуальный, неважно, конкурсный.",0.0
Это одно событие.,0.0
Там 10 операторов стоит.,0.0
Это одна вещь.,0.0
"А другая вещь, когда мы за... рамками зала, отдельно с глазу на глаз разговариваем, это вообще разные вещи.",0.0
"Как только случилась вот эта человеческая история, когда я увидел, что ему это не все равно, что он как человек задет моими словами, и мне не жалко принести извинения, чтобы просто на всякий случай очистить свою карму, и чтобы у меня не было никаких претензий.",0.0
В личном общении.,0.0
"До этого у него было 158 возможностей прислать ко мне ассасинов. начать греть паяльник, и я бы тебе на камеру сказал все, что угодно.",0.0
Вообще.,0.0
Я бы часовую лекцию прочел о вечных извинениях.,0.0
"Ему этого не пришлось сделать, он это не делал.",0.0
То есть он оставил в этом смысле супер-мега-респект.,0.0
"Он не стал посылать каких-то посредников, посланников или отравителей, или пытателей.",0.0
"А у него есть, я думаю, огромный арсенал таких людей, которые просто...",0.0
"Да их даже, наверное, не надо уговаривать, они сами приходят.",0.0
"Просто от стены отделяются, и тебе паяльник в жопу. как это обычно и бывает.",0.0
"И ты прям видишь, как это отсвечивает вот это сияние паяльника в камере за извиняющимся.",0.0
"В данном случае я с ним поговорил с глазу на глаз и решил, принял сам такое решение, написать такой пост.",0.0
"И ты можешь мне верить, можешь мне не верить, но если бы, во-первых, если бы он хотел мне сразу по горячим следам отомстить, у него для этого был миллион возможностей, мог...",0.0
"Позвонить, написать.",0.0
У них все нормально.,0.0
"Там и ватсапы, и телеграммы у всех помощников.",0.0
"И они, если надо, тоже появляются через секунду, и сразу тебе пишут все, что хотят сказать.",0.0
Ноль проблем с этим.,0.0
Коммуникация налажена.,0.0
Все отточено.,0.0
В данном случае это был разговор двух мужчин.,0.0
"И это извинение, можно сказать, что оно похоже на другие извинения, где люди оказывались в ситуации, что типа, ой, блядь, что-то я попутал, сейчас вот запишу.",0.0
У меня это по-другому.,0.0
"Но, опять же, ты можешь в это не верить.",0.0
"Та же, как и перед Навальным, понимаешь?",0.0
"Я тоже его обидел, у нас состоялись дебаты, и я лично ему приносил извинения, потому что я лично его обидел.",0.0
"И он обиделся, самое главное.",0.0
"То есть я, может, обижаю много кого.",0.0
Что поделаешь?,0.0
"Мой язык, мой враг.",0.0
Так бывает.,0.0
Куча людей на меня обижаются.,0.0
"Но он один из тех, на чью обиду тебе не все равно.",0.0
"Если ты заметил, когда я с кем-то встречаюсь лично, у меня сразу другое отношение.",0.0
"Я никогда не буду... хуесосить того человека, с которым я лично пообщался.",0.0
"Хотя, может быть, ты вспомнишь, что я про тебя там что-то говорил, что...",0.0
"Но ничего плохого, только объективные вещи.",0.0
"Ты часто говоришь, когда ты анализируешь то, что происходит в России, особенно когда ты начинаешь высказываться про людей, которые из России уехали, ты все в одну кучу мешаешь относительно того, кто почему уехал.",0.0
"Я не хочу в этом разбираться, но часто возникает тейк, когда ты говоришь про Россию, что Россия...",0.0
Это очень безопасное место.,0.0
Да.,0.0
"То, что Россия действительно побезопаснее многих стран, если не большинства, это факт, и с этим не стоит спорить.",0.0
"Но как это сочетается с тем, что ты сейчас рассказывал про ассасинов, отравителей, и того, что руководитель региона может их направить, и ты...",0.0
"Охуенный вопрос, я тебе расскажу.",0.0
"И ты можешь об этом рассказывать сейчас, и никому ничего не будет?",0.0
Да.,0.0
Я тебе другой примерчик приведу.,0.0
Тинькофф.,0.0
"Помнишь, какие-то были блогеры, которые изобразили, они сидят на диване, они перлыли.",0.0
Не магия.,0.0
"Да, и такой белый дым идет.",0.0
Типа они издевались над Тинькоффом.,0.0
"Это не магия, да-да-да.",0.0
"Он потом репрессировал, прессовал и все остальное.",0.0
"Да, он даже не чиновник.",0.0
"Это просто банкир, который занес кому-то деньги, приехала там команда быстрого реагирования, нахуй всех в пол. Это возмутительный пиздец.",0.0
"Он, правда, у меня другая версия, что он никому не платил деньги.",0.0
"Мы не знаем, правда?",0.0
Это возмутительная жесть.,0.0
"Он не платил, его зам отнес.",0.0
"Артемий, со мной в дискуссии, может, это не употреблять, мы не общались с Тиньковым несколько лет и во всех публичных местах.",0.0
"Нет, ты за него не отвечаешь.",0.0
"Это просто пример того, что я говорю, что необязательно быть руководителем региона, чтобы у тебя была возможность с помощью силовиков, каких-то людей, которые тебе не нравятся, прийти и наказать.",0.0
"Это так работает не только в России, это вообще везде.",1.0
"А кто-то в баре морду бьет, если ты не понравился, напрямую, без посредников.",1.0
Люди бывают агрессивные.,1.0
Ко мне это какое имеет отношение?,1.0
Я не решаю вопрос силы никогда.,1.0
"Про оценку, блядь, бывает так.",1.0
"Если мы будем вести репортаж из травмпункта, конечно, у тебя будет ощущение, что в России исключительно туда поставляют калеченных людей.",1.0
Каждую секунду кому-то нож в ребро вставляют.,1.0
"Да, в травмпункт таких людей привозят, но глобально в стране безопасно.",1.0
"А знаешь еще страну цивилизованного мира, где, раз уж ты перешел в пример, где также может поступать руководитель региона?",1.0
Любая страна большая.,1.0
Америка.,1.0
Приведи пример.,1.0
Кто так поступает?,1.0
Глава штата отправлял...,1.0
Я твоими словами сейчас говорю.,1.0
"Ассасинов, отравителей, паяльник и все остальное.",1.0
"Ты просто не знаешь, как это происходит.",1.0
Я просто не знаю.,1.0
"Смотри, я тоже не настолько подробно слежу за американскими новостями, но...",1.0
А если посмотреть твои новости...,1.0
И когда сынок Байдена...,1.0
"Кажется, что следишь внимательно.",1.0
Не за всем.,1.0
Слишком много новостей.,1.0
Большая страна.,0.0
Там 337 миллионов человек.,0.0
Они много чего делают в течение дня.,0.0
И плюс еще небезопасно.,0.0
Они еще могут тебя шмальнуть просто так.,0.0
Это чистая правда.,0.0
Чистая правда.,0.0
Три тысячи человек в год убивают просто при задержании.,0.0
"Короче, вот про то, как глава региона.",0.0
Сынок Байдена.,0.0
"Его отмазали же со своим ноутбуком, с компроматом, с тем, что он ебал своих несовершеннолетних каких-то родственниц, с наркотой, с оружием, с коррупцией на Украине, с воровством бабок, со всей хуйней.",0.0
"Если помнишь, Трамп с Зеленским изначально посрался же.",0.0
Это было как раз тогда еще.,0.0
Из-за Байдена.,0.0
"И Зеленский сделал ставку на Байдена, ему позвонили, видимо, из Демпартии и сказали, не прогадаешь.",0.0
"Много уголовных дел, знаешь, на детей топ-политиков России?",0.0
"Много уголовных дел, знаешь, на бывшего, недавнего президента России?",0.0
"Я тебе могу так сказать, что мнение о том, что... сын депутата или какого-нибудь сенатора или какого-то чиновника имеет хоть какую-то юридическую охрану в России, это мнение из детского сада.",0.0
"Мой вопрос был, ты много знаешь этих дел?",0.0
В России?,0.0
Да.,0.0
"Много дел, когда завели, я не слежу.",0.0
Когда в целом процесс судебный шел над политиками уровня Байдена.,0.0
В России только зеркально.,0.0
У нас не так часто федерально.,0.0
А этот самый Белых?,0.0
Он чей сын?,0.0
В смысле?,0.0
Ты привел пример.,0.0
Сына Байдена отмазали.,0.0
"Ты хотел сказать, что сын президента США, он попал под суд, и его там отмазали.",0.0
"А судебный процесс, зеркальная ситуация в России, чтобы сын какого-то топ-политика...",0.0
Назови несколько примеров.,0.0
Что с ним было?,0.0
Чтобы судили какого-то сына?,0.0
Чтобы хотя бы процесс начался.,0.0
Чтобы отмазали?,0.0
Чтобы процесс хотя бы начался.,0.0
"Там же процесс, ты знаешь, какой начался.",0.0
Про другое.,0.0
Потому что он соврал при покупке оружия.,0.0
"Вообще, это как бы супер-мега переключение внимания.",0.0
Из-за чего надо было начинать процесс?,0.0
"В любой другой ситуации был бы пиздец, какой скандал.",0.0
"Если бы у Трампа был такой сынок, он бы давно сидел в тюрьме.",0.0
Про суды.,0.0
"В этом году ты сам рассказал, ты не рассказываешь про личную жизнь, и тем удивительнее, что в этом году ты сам рассказал про то, что суд не признал твой брачный договор.",0.0
"Нет, до этого не дошло.",0.0
"Расскажи, да.",0.0
"Есть начальный цитат, а ты расскажи, как было дальше.",0.0
Давай.,0.0
"Неважно, что ты написал и понапридумывал себе.",0.0
"Сидел такой владелец заводов, газет, пароходов, чах над златом, а потом приходит супруг и говорит, а теперь половину отдай мне.",0.0
Рассказал ты.,0.0
Что произошло и что произошло дальше?,0.0
Я специально не рассказываю никаких подробностей из своей личной жизни.,0.0
"В первую очередь, потому что это касается моего ближайшего круга.",0.0
"И моих детей, и моей бывшей жены.",0.0
Ни в коем случае никогда в жизни ни одного плохого или какого-то еще слова никто не услышит.,0.0
Особенно публично.,0.0
Это невозможно.,0.0
"Просто я не обсуждаю, и все.",0.0
"Но при этом я как человек наблюдательный, как человек эмоциональный и раздражительный на глупость.",0.0
Когда я вижу какие-то вещи...,0.0
"Я обязательно о них стараюсь рассказать, чтобы других предупредить.",0.0
"У меня, слава богу, мне не пришлось узнавать, действительный ли брачный договор или нет, а также есть ли у меня или нет.",0.0
Это неважно.,0.0
"Пока шел суд, я много нового узнал про суд.",0.0
"Для начала то, что туда не надо ходить, блядь.",0.0
Туда ходил мой адвокат.,0.0
"Я ходил только, когда меня вызывали.",0.0
Два раза.,0.0
За полтора года.,0.0
Это очень сложная хуйня.,0.0
Это супер-мега-мозгоебля.,0.0
Там мне ничего не нравится.,0.0
Я просто закрыл рот на молнию и просто вот let it be.,0.0
Адвокат все разрулит.,0.0
"Какие были подробности, какие детали и так далее, тоже абсолютно неважно, не имеет отношения.",0.0
"Но судебная практика в России очень любопытная оказалась, что когда брачные договоры придумывали там, типа, в 2013-е, что ли, год или 2012-е, когда их сделали.",0.0
Они недавно...,0.0
Не было?,0.0
Нет.,0.0
Ага.,0.0
Это относительно свежая вещь.,0.0
Ого.,0.0
Они...,0.0
"Ну, потому что взяли, мы же как все в Америке копируем, да, и про агентов, и про брачный договор.",0.0
"Скопировали, принесли.",0.0
"Хорошо, у Европы.",0.0
Подглядели у Европы.,0.0
Я не про Америку.,0.0
"У нас принципиально разные законы, про иноагентов у них и у нас.",0.0
Они отличаются очень сильно.,0.0
Но про брос ты бросил.,0.0
"По-другому ебёмся, да, абсолютно.",0.0
"Брачный договор, оказалось, пару лет они посуществовали, оказалось, что его можно признать недействительным, как любой другой договор.",0.0
"Потому что сложилась такая судебная практика, что если ты подпишешь договор, в котором написаны хуёвые условия, или он незаконный, то он не имеет силы.",0.0
"Соответственно, начали приходить женщины, которые говорят, он себе оставил все, мне ничего, я в бедственном положении, давайте мы расторгнем брачный договор.",0.0
"И ты не можешь тут откупиться, наш суд не американский.",0.0
"В Америке там ты можешь сказать, давайте я ей миллион долларов дам, она отстанет.",0.0
"Ну, типа, суд решит, наверное, ей хватит, ладно, зачем отдавать миллиард?",0.0
"Давайте вот так, если есть брачник.",0.0
А в России просто его расторгают.,0.0
"И после этого у тебя возникает, собственно...",0.0
"Обычный брак, когда ты идешь в ЗАГС и регистрируешь брак, на самом деле в этом месте, многие люди почему-то этого не понимают, в этом месте ты подписываешь брачный договор только по дефолту, он стандартный, который написало государство.",0.0
"Там все прописано, даже хуже.",0.0
"Ну, вообще, да.",0.0
А что такое хуже?,0.0
"Потому что дети матери, например, оставляются, как правило.",0.0
И еще всякие вещи.,0.0
"Ну, короче, это невыгодно и неудобно.",0.0
"И жена или муж, неважно.",0.0
"Короче, кто богаче, тот больше страдает.",0.0
"Потому что есть примеры, когда богатая жена, и муж от нее тоже забирает половину при разводе.",0.0
Это так работает.,0.0
"Это нечестно, но типа никто там не занимается справедливостью.",0.0
Все делается просто по закону.,0.0
"Соответственно, брачный договор можно расторгнуть.",0.0
"И для большинства людей, которые подписали брачный договор, это новость как гром среди белой дня.",0.0
"Потому что они были уверены, что это защита. что они свои газеты, заводы, пароходы не отдадут, потому что написано в брачном договоре.",0.0
"А потом, когда он расторгается, то вдруг от всего этого жена забирает или муж, смотря кто богаче, половину.",0.0
"И там есть такая лазейка, если ты богатый владелец, не знаю, всего на свете, да, всех там, блядь, аэропортов в стране или какой еще ресурс там есть, все леса в стране твои, и у тебя ты женился, а на завтра разводишься, жены должны что-то... какое-то быть имущество.",0.0
"Если ты оставил ей однушку в Бирюлево, тогда все, ее суд нахуй шлет.",0.0
Сегодня так.,0.0
"Завтра может быть решаться, что мало однушки в Бирюлево, надо как-то по-другому.",0.0
"Но сегодня, если ты за брачную свою жизнь ничего не написал, не записал на жену, то тогда такой договор может быть признан в половине случаев.",0.0
То есть практика 50 на 50.,0.0
Один суд может...,0.0
Как судья решит?,0.0
Конечно.,0.0
"А, типа его личная...",0.0
"Ну, там же есть вот это мнение или чувство о том, что такое справедливо.",0.0
"У него есть закон, есть собственные чувства.",0.0
"Судья и тем, и тем оперирует.",0.0
"Короче, практика 50 на 50.",0.0
В половине случаев брачный договор можно опрокинуть.,0.0
"Для людей это большая новость, удивление.",0.0
"Я их предупредил, потому что это любопытный факт.",0.0
Они не знали.,0.0
Мировым.,0.0
Мировым.,0.0
То есть вы сами договорились?,0.0
Да.,0.0
Слава богу.,0.0
"Самое лучшее, что бывает.",0.0
Бесспорно.,0.0
"А этически как ты считаешь, сколько должно отходить женщине, которая шестерых детей родила?",0.0
"У меня все-таки 10 детей, я им всем должен.",0.0
"У меня нет такого, что вот...",0.0
"Одной я должен, или одним детям я должен больше, чем другим.",0.0
"У меня есть очень простые какие-то свои внутренние, не буду вдаваться в подробности, но условно, я должен каждому ребенку оставить по квартире.",0.0
По квартире?,0.0
По квартире.,0.0
Я должен заработать и оставить.,0.0
График исполнения какой сейчас?,0.0
Сколько ты уже оставил?,0.0
Парочка.,0.0
Парочка.,0.0
"Смотри, ты никогда не рассказывал...",0.0
"Ну, очень чуть-чуть рассказывал про детей всегда, прям совсем чуть-чуть.",0.0
Даже на личных интервью.,0.0
"Потому что если они захотят, они сами расскажут.",0.0
"Да, я понимаю.",0.0
"И кажется, вообще никогда про жену.",0.0
"То есть если выделять про детей было чуть-чуть, а про жену в целом ничего.",0.0
Тем более.,0.0
"Я правильно понимаю, что первое, что ты сообщил о своей жене в паблик, это про суд, который расторг ваш брачный договор.",0.0
"Я тебе говорю, что суд не трогал брачный договор, до этого не дошло.",0.0
"Мировое соглашение, это значит, что мы договорились.",0.0
Выглядело это так?,0.0
"Важно, как это выглядело.",0.0
"Вот это примерно все остальные факты, если ты будешь из моих постов пытаться понять, что в моей жизни происходит, тебе это удастся не очень.",0.0
"Я же не пришел утверждать, я спрашиваю.",0.0
"Нет, до этого не дошло, слава богу.",0.0
"Потому что суд это война, я не люблю воевать, а мирный договор, он же мировое соглашение, это классный и хороший способ закрыть конфликт.",0.0
Некоторые вещи забавно закольцевались из прошлого интервью.,1.0
"Я тебя там спрашивал про объявление, которое ты выложил, что ищу спутницу жизни, присылайте фотки.",1.0
"Тогда ты сказал, что это шутка.",1.0
Сейчас ты это выложил после развода.,1.0
Это шутка.,1.0
"Тогда я это сделал за, типа, две недели до свадьбы.",1.0
"То есть для меня это закольцованная история, мой внутренний такой юмор.",1.0
"Я тогда написал это, и потом мы поженились.",1.0
Но у вас уже были дети.,1.0
Да.,1.0
"А потом мы разошлись, и я написал следующее.",1.0
"То есть это такая композиционная штука, чисто для меня.",1.0
"Нет, тогда это было просто веселуха, а сейчас практическое значение ты имела?",1.0
Да.,1.0
Имела?,1.0
Да.,1.0
"Девушка, с которой у тебя сейчас отношения, ты с ней познакомился по этому объявлению?",1.0
Да.,1.0
Серьезно?,1.0
Серьезно.,1.0
Вау.,1.0
А как это выглядело?,1.0
"Ну, то есть тебе понравилась фотка?",1.0
"Нет, важно.",1.0
Тебе понравилась фотка или тебе понравилось решение?,1.0
Которым...,1.0
"Ну короче, ход, который она в письме написала.",1.0
Конечно.,1.0
Я всегда...,1.0
"Это же не первый раз я объявляю вакансии, да, неважно на что.",1.0
"И там спутница жизни — это тоже, по сути, вакансия.",1.0
"То есть отреагируют люди, то, как они отреагируют, будет, конечно, иметь важное значение для начала разговора.",1.0
"Я много с кем встречался, пообщался...",1.0
Из писем?,1.0
Из писем.,1.0
"Да, это абсолютно нормально.",1.0
"Самое главное, что попался... такой случай в жизни, такая удача, что вот был на свете человек, который оказался моим.",1.0
"Но то, что я кинул клич, а девушка на него отреагировала, ну, это просто прикол.",0.0
Девушка сильно младше?,0.0
Младше.,0.0
Ей 25.,0.0
Не буду комментировать.,0.0
«Хочу еще минимум 5 детей» ты написал.,0.0
Это шутка или правда?,0.0
Это ТЗ.,0.0
Прям реальный ТЗ?,0.0
"Ну, я хочу.",0.0
"Потому что у меня внуков нет пока что, к сожалению.",0.0
"Видимо, я как-то, не знаю, у детей есть чем заняться.",0.0
"Они современные, молодые, и все по кайфу.",0.0
Не до детей.,0.0
"А мне как раз, я вот уже пришел, видимо, к тому возрасту, когда мне нужны вот следующие маленькие дети, чтобы ими заниматься и давать им как можно больше.",0.0
"Тем более, что я сейчас как раз уже дошел до такого состояния нормального.",0.0
"Ты как бы перебесился, вот все в жизни попробовал и так далее.",0.0
"У меня уже такая мудрость, седые муди, и я уже могу быть нормальным. отцом.",0.0
"Гораздо больше тратить времени на детей, чем я делал с младшими.",0.0
"Во-первых, я весь мир объездил, мне не надо.",0.0
"Во-вторых, у меня уже все понятно в профессиональном плане, уже как-то устаканилось, куда я иду.",0.0
Плюс у меня есть еще хобби неплохое в виде ВК-видео и вообще ВК.,0.0
Ну и всякие другие дела.,0.0
То есть я спокоен.,0.0
"Пару недель назад Женя Беркович и Светлане Петричук дали 6,5 лет за оправдание терроризма.",0.0
Как ты к этому отнесся?,0.0
"Я пошел смотреть, в чем первая причина.",0.0
"Потому что явно не за спектакль, за который они получили какой-то грант Минкульта и золотую маску.",0.0
Ты посмотрел спектакль?,0.0
"Да, смотрел.",0.0
И что думаешь?,0.0
"Думаю, что найти там оправдание терроризма можно с большой натяжкой.",0.0
"Но, поскольку я не просто посмотрел спектакль, а пошел еще читать предысторию...",0.0
"Типа, чё?",0.0
Чё не так?,0.0
Откуда вот такой ботхёрд лютый взялся?,0.0
Почему этот пример?,0.0
У нас же не всех режиссёров сажают.,0.0
"Есть куча людей, у которых есть антивоенная позиция, которые открыто высказывают, типа, меня.",0.0
"Это не наказуемо вообще, ничего такого страшного.",0.0
Какая позиция?,0.0
Антивоенная.,0.0
Антивоенная.,0.0
"Вернёмся из Одессы как с трофеем, и надо дойти.",0.0
"Одесса нужна, мне нужно, чтобы туда самолет летал.",0.0
Больше мне ничего не нужно.,0.0
"Если ты хочешь, чтобы по дороге кто-то был убит, я не хочу, я на это не подписываюсь.",0.0
Еще раз процитируем цитату Артемия Лебедева.,0.0
"Просто вернемся сейчас отмоткой, и я ее зачитаю.",0.0
"И вы сами решите, это антивоенно или нет.",0.0
"Сейчас, когда идет война, и русские войска завоевывают русские территории, которые всегда были русскими, просто они были по ошибке подарены Украине, а Украина взяла и решила, что можно туда теперь не пускать русских.",0.0
"Конечно же, я за то, чтобы российские войска прошли еще чуть-чуть вперед, взяли Одессу.",0.0
Пошел звучать.,0.0
"Да, я думаю, что дело в стихах Петричук про деда.",0.0
К внуку приходит дед.,0.0
"Может, у тебя есть текст открытый, я не знаю.",0.0
"Пожалуйста, не пиши обо мне никогда ничего.",0.0
"Нет, не надо...",0.0
"А, никаких побед моим именем?",0.0
Вообще никаких побед.,0.0
"Я думаю, что они сели за фразу «вообще никаких побед».",0.0
"Ты считаешь, это нормально?",0.0
"Я не считаю это нормальным, я не настолько чувствительный к подобной риторике.",0.0
"Хотя, конечно, это абсолютно возмутительно, ужасно.",0.0
"И в принципе, люди, которые не любят свою страну, которые такие вещи говорят...",0.0
То есть говорить про свою страну не надо никаких побед.,0.0
Это...,0.0
"Я даже не знаю, с чем это сравнить.",0.0
"Это не про женщинство, это какая-то очень...",0.0
Очень странная конфигурация мозга.,1.0
Почему люди так считают?,1.0
"А может, это их мнение просто?",1.0
Ты можешь так считать.,1.0
"А я считаю, что так говорить нехорошо.",1.0
"И так даже не то, что говорить, ладно.",1.0
Исходить из этого нехорошо.,1.0
"Нет, это твое мнение, безусловно.",1.0
Заслуживает лет от шести с половиной лет.,1.0
"Ты же спортом занимаешься, как можно не хотеть побед?",1.0
"Представляешь, стоит такой футбольный фанат, типа меня, вот я на футболе такой же, мне похуй на ваши победы.",1.0
"И ты бы сказал, а чего приперся?",1.0
"Абсолютное большинство болельщиков, если ты приводишь пример с фанатом, абсолютное большинство фанатов смотрят футбол как процесс.",1.0
"Многие люди болеют за команды, которые слабее.",1.0
И это понятно.,1.0
"Понятно, что в сезоне они проиграют гораздо больше матчей, и поэтому они приходят... кайфовать от процесса.",1.0
Они же не желают им проигрыша.,1.0
"Никаких побед моим именем, вообще никаких побед.",1.0
"Ты смотришь футбол и говоришь, вообще никаких побед.",1.0
"Ну окей, допустим, от позиции человека.",0.0
"За это можно на 6,5 лет.",0.0
"За это нельзя сажать на 6,5 лет, но за это можно из спортивного бара выгнать с саными тряпками, наверное.",0.0
"Не согласиться публично, что-то еще.",0.0
"А ты говоришь, если настолько желаешь отсутствия победы в своей стране, то вот тебе 6 лет подумать, посидеть о своем литературном творчестве.",0.0
Я воспринимаю процесс вот так.,0.0
"Я думаю, что эти 6 лет были в качестве назидательной такой меры выписаны ровно за эти слова.",0.0
"Считаешь, это нормально?",0.0
"Я не стоял со свечкой, я не знаю.",0.0
Я вообще больше того...,0.0
"Если ты хочешь меня спросить, нормально или нет, плохо в тюрьме сидеть, в принципе.",0.0
"Я не знаю, почему людей туда сажают за какие-то слова и действия, но сажают не только у нас, везде.",0.0
"И штрафуют, и сажают все, что хочешь.",0.0
Много ли 6 лет?,0.0
"Это, конечно, очень много, это очень грустно.",0.0
Нужно ли давать 6 лет за такие слова или нет?,0.0
"Опять же, тоже я не знаю, из чего там исходил судья, есть какая-то норма закона.",0.0
Ну вот так.,0.0
"Я думаю, что если пойти по тюрьмам, просто с каждым говорить, что он сделал и на сколько его посадили, там, за 2 грамма марихуаны сажать на 10 лет тоже плохо.",0.0
И тоже нечестно.,0.0
Меня уже никто не спрашивает.,0.0
Это так происходит.,0.0
"Вообще мир, он довольно такой несправедливый иногда, и суровый, и очень много всяких жестей в мире.",0.0
"Мне показалось, что я когда смотрел это видео, ты солидарен с этим приговором.",0.0
Ни в коем случае.,0.0
"Ну окей, это так звучало.",0.0
"Опять же, я всегда пытаюсь рационализировать, чтобы понять, почему это так.",0.0
Все понял.,0.0
Ты разложил на Малиску.,0.0
Посадили.,0.0
За что посадили тогда Петричук?,0.0
"Автор стихотворения, которое, по твоему мнению, привело в тюрьму Беркович.",0.0
Беркович.,0.0
Петричук здесь при чем?,0.0
Не знаю.,0.0
Правда?,0.0
"Потому что они были вдвоем, потому что им приписали.",0.0
Вдвоем что?,0.0
Писали стихотворение?,0.0
Ты меня спрашиваешь?,0.0
Я не знаю.,0.0
Но ты же объясняешь.,0.0
"Многие ребята не понимают, за что посадили Беркович и Петричук.",0.0
"И дальше начинаешь объяснять, за что их посадили.",0.0
"Стихи Беркович написал, да?",0.0
"Ну, конечно.",0.0
"Ну, окей.",0.0
За что посадили Петричук?,0.0
Понятия не имею.,0.0
Это нормально?,0.0
Ты меня спрашиваешь?,0.0
Я не знаю.,0.0
"А, ты не знаешь?",0.0
Нормально.,0.0
"Ты выдвинул версию. которая абсолютно людоедская логика, но она есть, она хотя бы есть.",0.0
"У людоедская, чудовищная, противоречит, мне кажется, тем условиям, в которых ты сам бы хотел жить.",0.0
Но она есть.,0.0
"Но она касается Беркович, а Петричук, вот я твою экспертизу хочу слышать.",0.0
"Наверное, было так, что сначала кто-то сошел с ума от того, что Беркович написал такие стихи, не надо никаких побед.",0.0
"Потом посмотрели на спектакль, где она защищает ИГИЛ, так они решили в экспертизе, и дальше их вдвоем посадили как с авторов.",0.0
Это... так как я вижу логику судебного процесса.,0.0
"Хорошо это или плохо, история рассудит.",0.0
"Ты не можешь ответить, хорошо это или плохо.",0.0
"Я не знаю, какие воспитательные меры стоят у государства.",0.0
"Кому, где, как, им кого надо останавливать, противовешивать и так далее.",0.0
"Может быть, во время войны это особое состояние у государства.",0.0
"Мы не единственная страна, которая воюет, но каждая страна, которая воюет, конечно же, в первую очередь, должна очень жестко следить за моралью. за общественным мнением, за цензурой.",0.0
Цензура всегда есть на войне.,0.0
"Да, сто процентов.",0.0
"А почему здесь нет мнения, если оно есть по другим вопросам?",0.0
"Типа щемить творческих людей, как делает Мизулина?",0.0
У тебя есть мнение?,0.0
"Я думаю, что здесь дело в том, что когда страна воюет, она вот уже ввязалась в эту авантюру, вот она воюет, нельзя желать стране проигрыша, потому что это самый большой пиздец.",0.0
Вообще в нашей жизни.,0.0
Так а логика Мизулиной?,0.0
"Когда страна воюет, нельзя там разнузданно себя вести, нельзя вообще говорить, сомневаться в курсе партии и все остальное.",0.0
Она выступает так же.,0.0
"Она выступает, как вот эта вот собачка, которая бежит рядом со слоном, просто погавкать, чтобы на нее внимание обратили.",0.0
"Не она решает, кого сажать.",0.0
"Сажает какой-то там репрессивный механизм или какая-то высшая логика, какие-то люди, которые занимаются моралью.",0.0
Логика у нее та же.,0.0
"Война идет, поэтому я должна быть бдительна.",0.0
Ее мнение не важно.,0.0
"А здесь чье мнение важно. тех людей, которые занимались этим делом.",0.0
"Но мы говорим не по мнению, мы про логику.",0.0
"Мы говорим не то, что какой-то там общественный лаятель вдруг нагавкал на двух режиссерок, и они поэтому сидят в тюрьме.",0.0
Там за этим была какая-то логика.,0.0
"Я думаю, что какое-то количество людей, может, не знаю, ветераны написали письмо или еще кто-то возмутился.",0.0
"Если ты во время войны в воюющей стране говоришь, не надо никаких побед, наверное, надо за это вот так вот наказать, потому что читай охуенную книжку «Русская модель управления» Прохорова.",0.0
"Там все написано, как в России. происходят управленческие процессы.",0.0
"Всегда берется один модельный кейс для того, чтобы всем остальным объяснить, как надо.",0.0
И люди это понимают.,0.0
"Тебе не надо сажать 100 человек, для этого достаточно посадить одного и сказать, что это означает то-то.",0.0
"При этом ты же сам говоришь, что их посадили непонятно за что.",0.0
Потому что я не читал материалы дела.,0.0
Я не знаю.,0.0
Материал дела — оправдание терроризма в спектакле «Финист Ясный Сокол».,0.0
Никаких побед и стихотворения там нет.,0.0
"Мне кажется, ты запутался.",0.0
"Нет, мне кажется, что я просто объяснил тебе, как это происходит на самом деле, а как они это провели юридически.",0.0
Зависит не от меня.,0.0
"Меня заставило пристать к тебе только то, что ты сказал, я не знаю, нормально это или нет.",0.0
То есть у тебя нет конкретного мнения.,0.0
"Про Мизулина у тебя конкретное мнение есть, а в чем разница, ты не объяснил.",0.0
"Разница в том, что когда страна воюет, очень важно, чтобы у государства была некая мораль, которую она транслирует.",0.0
Она не может отвлекаться.,0.0
Мизулина транслирует ее тоже.,0.0
Это ее личное мнение просто.,0.0
Давай на этом остановимся.,0.0
Мизулина не является государственным органом.,0.0
Окей.,0.0
"Очень ломано, но окей, я понял.",0.0
Просто причем здесь Мизулина?,0.0
Она просто громкий человек.,0.0
"Так же, как Миллонов.",0.0
Какой смысл его обсуждать?,0.0
Это шоумен.,0.0
"Смотри, по сути, как это выглядит сейчас?",0.0
"Ну, де-факто, если читать материалы дела, то их посадили за...",0.0
"Ну, то есть это такое наказание задним числом.",0.0
"То есть был спектакль. успешный, который ни у кого не вызывал вопросов.",0.0
"2022 год, золотая маска, все в восторге, все здорово, они получили.",0.0
"Наступает, но потом меняется контекст.",0.0
Меняется контекст.,0.0
"И в 2023 году, тогда их схватили, то, что в 2022 году было нормально, уже не только ненормально, но и уголовно наказуемо.",0.0
"Не боишься ли ты, и я еще раз сделаю эту вставку, она абсолютно искренне, я тебе в глаза это говорю, и на камеру лучше тебе в глаза.",0.0
Я ни в коем случае тебе этого не желаю.,0.0
"Не боишься ли ты, что вот такие же комсомольцы, которые увидели оправдание терроризма, экстремизма в том, в чем невозможно его увидеть, они почитают твои старые сообщения, твои обзоры. там, не знаю, патриарха, просто охереют с того, как ты рецензировал его поездку с этой... с иконой, когда ты говоришь, что положил эту икону как тёлку справа от себя в «Мерседесе» и поехал по кругу, что вот эти какие-то люди с воспалённым восприятием, я не знаю, интересов страны, морали, нравственности, абсолютно извращённым, они почитают твои все высказывания?",0.0
"И в какой-то момент вот этот выстрел псевдоправосудия, он настигнет и тебя.",0.0
Не боишься ли ты этого?,0.0
"Я вот смотрю, драматургически, не знаю, видно на камере, вот та камера, которая тебя снимает, за тобой окно бросает такую тень охуенную, как будто мы с тобой в тюрьме сидим.",0.0
Это просто выглядит очень красиво.,0.0
Решетки в этом?,0.0
Да.,0.0
"Такой, сижу за решеткой в темнице сырой.",0.0
"Надеюсь, это не мое будущее.",0.0
Это очень.,0.0
"И надеюсь, что не мое тоже.",0.0
"Но просто я не могу не обратить внимания, это выглядит очень по-театральному.",0.0
Это как будто там декорация такая.,0.0
Это не специально.,0.0
"Короче, не то, что я боюсь, я знаю, что это возможно.",0.0
"И Россия, кто-то очень хорошо сказал, что это страна с непредсказуемым прошлым, мы ровно вот в ней и живем.",0.0
"Да, бывает так, что ты не знаешь, и я просто уже на себе это заметил.",0.0
"Пока по чуть-чуть, знаешь, первые капли дождя, еще там не ураган, не смыло все.",0.0
"Уже приходят там-сям какие-то вещи, уже приходится корректировать прошлое, стирать какие-то посты, редактировать записи.",0.0
"Сейчас мне из Роскомнадзора прилетело, что вы должны на нашем сайте, а у нас был такой комикс про способы самоубийства.",0.0
"Типа, как сделать самоубийство?",0.0
"Там подходит клоун к чеченцу со Стечкином, достает Стечкина, ну и как бы клоун лежит уже мертвый.",0.0
Все.,0.0
Типа самоубился.,0.0
"Вот это вроде как, ну типа смешно, Жгун рисовал комикс.",0.0
"Приходит теперь, типа нельзя, потому что здесь описываются способы самоубийства.",0.0
"Я думаю, ну ебать, это пиздец, такая тупость, что просто неисусветно.",0.0
"Там наоборот, блядь, есть художественные приемы, это гипербола, это специально через вывоз на чувства.",0.0
"Мы пытаемся как-то, не знаю, оградить людей от самоубийства.",0.0
"Но сейчас логика вот такая вот больная, извращенная.",0.0
"Сколько еще раз прилетит, за что и насколько сильно, я не доберусь судить.",0.0
Как ты себя чувствуешь с этим?,0.0
Тонизирует.,0.0
Тонизирует?,0.0
Да.,0.0
"Ну просто смотри, если бы это только в каком-то одном месте вот такая хуйня бы происходила, может быть, я бы постарался, знаешь, обойти и грызовой фронт, облететь и как-то переждать.",0.0
"Проблема в том, что в мир настолько сейчас ебанулся, что тебе не оставили путей выхода.",0.0
Куда тебе деться?,0.0
"Куда бы ты ни пошел, везде будет такая же хуйня.",0.0
"Это сейчас ты про то, что такое не только в России?",0.0
Конечно.,0.0
Приведи дело Петричук и Беркович абсолютно аналогичные где-то в мире.,0.0
"Двух режиссеров, абсолютно достояние страны.",0.0
"Прости, я не журналист, я не готовлю такую фактуру, у меня нет прямо сейчас под руками, но я вижу, как происходят очень похожие процессы во Франции, в Канаде, в Америке, в Великобритании.",0.0
"Я уж не знаю, что там в Австралии и Новой Зеландии происходит.",0.0
"Может быть, у них свои какие-то там...",0.0
Они не дают слова плохого про аборигенов сказать.,0.0
И слово абориген теперь запрещено.,0.0
Может быть.,0.0
У них свои какие-то бадхёрты.,0.0
"Короче, мы сейчас находимся на планете, где вот сейчас такой морок.",0.0
Вот сейчас люди стали...,0.0
"То ли потому, что это просто идет перераспределение ресурсов, то ли потому, что все решили, что сейчас у нас вот такая мораль, то ли просто нужно дойти до какой-то степени, взорваться, повоевать и успокоиться.",0.0
"Я не такой большой специалист по этногенезу, чтобы тебе ответить, типа, что будет и как быть.",0.0
"Я понимаю, что Россия, при всем том, что все примеры, которые ты мне приводишь, для меня это то же самое, что сидеть в травмпункте и говорить, что смотрите, все время приводит кого-то с выбитым глазом.",1.0
"Стоп, стоп, стоп.",1.0
Давай шире оптику возьмем.,1.0
"Стоп, стоп, стоп.",1.0
"Нет, это принципиально.",1.0
"Ты мне сейчас хочешь сказать, что я... обобщаю и говорю, что вся Россия плохая из-за того, что Петричук этот посадил.",1.0
У меня такое складывается впечатление.,1.0
"Нет, пожалуйста, оставь это тоже для разговоров с карикатурными либералами.",1.0
"Оставь это, пожалуйста.",1.0
"Если нужно это конкретно объяснить, то, мне кажется, и не в этом интервью мне за это нельзя предъявить, и не за все эти уже, получается, два с половиной года, что я работаю не в России, за это тоже нельзя предъявить.",1.0
"Ни в коем случае я не говорю, что Россия плохая. я не обобщаю, я не алармистую и все остальное.",1.0
Я говорю только о конкретных минусах.,1.0
"И так, как до отъезда моя жизнь была про то, чтобы говорить, что Россия невероятная страна с невероятным потенциалом, но просто происходят самые разные пиздецы, которые кайфам многочисленным, которые в России есть. мешают развиваться.",1.0
— Не мешают.,1.0
— Ничего не поменялось.,1.0
"Я как и до отъезда про это говорил, в том числе в довольно рискованных положениях, в довольно уже рискованные времена, так я и делаю это после.",1.0
"И если ты хочешь, секундочку, это очень важно, потому что это тейк, которым ты просто в каждом интервью пользуешься.",1.0
"И я мало того, что утомился это слушать каждый раз, так я еще и...",1.0
"Это абсолютно несправедливость по отношению к многим людям, я считаю таким, как я.",1.0
"Потому что ты обобщаешь, ты послушаешь какого-то безумного либерала, который говорит, что Россия все безнадежно должна развалиться, и все остальное.",1.0
"И ты думаешь, что так же думают другие люди, которые с ним, например, согласны в отношении к Путину и к войне.",0.0
Это не так.,0.0
"Это обобщение абсолютно неправильное, и которое такие умные люди, как ты, не могут себе позволять.",0.0
Но ты почему-то позволяешь.,0.0
"Смотри, ты научил одной важной вещи.",0.0
"Ты когда-то сказал прекрасную фразу «Россия, заебись».",0.0
"И для меня было очень важно это услышать в какой-то момент, потому что, возможно, я тогда был занят чем-то еще, не Россией, а своей работой и своей семьей.",0.0
"И ты, как-то вот появившись в инфополе и сказав эти слова, заставил меня, да иди нахуй, блядь, заставил меня задуматься.",0.0
Это Путин.,0.0
Он мешает нам общаться.,0.0
"Уйди, дедушка, улетай.",0.0
"И это важные слова, которые ты сейчас не произносишь.",0.0
Какие?,0.0
"Россия, заебись.",0.0
А она осталась заебись.,0.0
"Вот я обратил внимание, как бы так, знаешь, оторвался от...",0.0
"Владимир Владимирович, улетайте, пожалуйста.",0.0
"Оторвался от работы своей, обратил внимание, что действительно это так.",0.0
"И когда случилась вот та куня, которая случилась, вообще никого не подготовили, началась война, люди не понимают, что делать, я решил, что в этом месте я амбассадор России.",0.0
"Я буду рассказывать, почему это хорошая страна, почему она безопасная, почему она классная, какие есть возможности.",0.0
"Да, происходит пиздец.",0.0
Это как извержение вулкана.,0.0
"Он извергается, оттуда лава идет.",0.0
"Ну просто не стой под лавой, во-первых.",0.0
"Во-вторых, есть еще что подделать.",0.0
Еще большая территория.,0.0
"Россия огромная страна с кучей народа, с кучей возможностей.",0.0
Там живут люди.,0.0
"Вот если рождается ребенок, он сейчас виноват, что он родился в России?",0.0
Или с какого возраста он виноват?,0.0
"А ему уже, например, в Европе счет не откроют.",0.0
"Потому что он уже все, по паспорту его уже минусуют.",0.0
"Учили быть толерантными, всех принимать, терпеть.",0.0
"Показали, что это полная хуйня на постном масле.",0.0
"Даже те, кто, как говорится, все, о чем врала русская пропаганда, оказалось правдой.",0.0
Ты сейчас мне пытаешься объяснить.,0.0
"Я тебе пытаюсь объяснить, что Россия все еще заебись.",0.0
Вот твой завет работает.,0.0
"Нет, еще раз, секундочку.",0.0
Дай разложим.,0.0
"К сожалению, я не хотел еще в это уходить, но давай мы это сделаем.",0.0
Потому что ты снова скомкал.,0.0
Это пример твоей риторики очень...,0.0
"Еще раз, мне не стыдно признаваться, что несмотря на огромное количество вещей, которые вызывают меня в тени согласия и непонимания, но то, что ты умный чувак, глупо отрицать.",0.0
"И именно поэтому у меня всегда диссонанс происходит из-за того, что ты, будучи умным чуваком, используешь такие говеные методы риторики, когда ты все скомкиваешь и бросаешь в какого-то человека.",0.0
"Значит, по порядку.",0.0
"Есть ли у тебя основания думать относительно того, что я как-то хуже стал относиться к России? только из-за того, что я пока из России летят бомбы, не использую слово «заебись».",0.0
"Всё, это единственное, что поменялось.",0.0
Я также продолжаю рассказывать про офигенных людей.,0.0
"Про Салуки, который выпустил невероятный альбом, я рассказываю.",0.0
"Про чуваку из Яката, который уехал в Штаты и делает свою группу, и он не переехал в Штаты навеки или из-за чего-то.",0.0
"Он просто чувак, который остается русским якатским чуваком, переехал и делает невероятную металлическую группу.",0.0
"И я, когда узнаю историю, почему в Якате, в Свердловской области, есть Сан-Джавана, кажется, город или станция, почему она называется, я с удовольствием раскидываю.",0.0
Узнаю это и рассказываю людям.,0.0
"Я рассказываю про девчонку, которая художница, арт-художница из Саратова, и которая у меня в выпуске произносит по поводу того, что ее мечта сделать Петербург центром современного искусства, и эта мечта сбудется, говорит она мне.",0.0
И много-много-много вещей.,0.0
"Поэтому если ты мне сейчас пытаешься предъявить упрек такой же, как и всем остальным, что ты отказался от страны или что-то еще, мне кажется, он летит куда-то мимо.",0.0
"Смотри, здесь, во-первых...",0.0
"Не то, чтобы я тебя в чем-то пытался упрекнуть, это просто, ну не знаю, пусть в комментах напишут, как люди думают на самом деле, считали ли они так про тебя или нет.",0.0
"По крайней мере, то, как я наблюдаю твою общественную деятельность, твои ролики, у меня было ощущение, что ты начал снимать интервью с какими-то людьми, прямо скажем, ноунеймами, если ласково сказать, или просто не очень интересными людьми.",0.0
"Ну, это твое мнение.",0.0
"Ну, оно у меня вот такое.",0.0
Я его открыто тебе высказываю.,0.0
У тебя стало неинтересно.,0.0
"То есть, кроме редких проблесков, вот самый распиздос это Ланьков был.",0.0
"Вот охуенный мужик, классно, и он оказался еще тоже непростой.",0.0
"Потому что ты как бы хотел, чтобы Северная Корея была такая, а она оказалась не такая.",0.0
И это прекрасно.,0.0
"Мы исследовали, он меня переубеждал.",0.0
Это совершенно замечательно.,0.0
"При том, что я остался с ним, во многих вещах я не согласен.",1.0
"При этом, да, он еще поблагодарил товарища Сталина за свой социальный лифт.",1.0
"Наверное, тоже ты был удивлен.",1.0
Но это было прикольно.,1.0
"Вот это вот старый добрый Юра Дудь, который мы всегда смотрели.",1.0
"Какое отношение это имеет к тому, что мое отношение к России поменялось?",1.0
"Я никогда тебя не спрашивал, какое у тебя отношение к России.",1.0
"У меня оно, например, не поменялось.",1.0
"Ты просто произносишь эту фразу, помазывая всех других людей, которые выступают против войны, что они Россию перестали любить.",1.0
"И когда ты про меня говорил, ты говорил, что он выступает против войны и выплесну его вместе с этим ребенка.",1.0
Ну это же ложь.,1.0
Это же ложь.,1.0
"А вторая часть этой цитаты, ты говорил, что он до войны говорил, что в России все отлично.",1.0
"Это не ложь, это не полное.",1.0
"Я говорил до войны, что в России невероятная страна офигенская, которую я люблю и мечтаю прожить там всю свою жизнь, но, и мы про это вам снимаем, Но когда мы это снимаем, мы еще и показываем, какой здесь отстой происходит, как правило, из-за системы, которая построена в России политически.",1.0
— Система не такая плохая.,1.0
— Вот.,1.0
Ну и не самая лучшая.,1.0
Вот.,1.0
И мы...,1.0
"То есть здесь две то ли неправды, то ли лжи в этой штуке.",1.0
"Поэтому боюсь, что ты не прав, Артемий.",1.0
"— Ну, это очень хорошо.",1.0
Я был бы рад оказаться неправым.,1.0
"Видишь, пока твой канал на YouTube не стирают, значит, все нормально.",1.0
"Можно в эту сторону... идти, и вот ты не...",1.0
"Манучи стерли, да, там, каких-то еще людей, которые вообще там ни словом, ни духом просто мимо шли, там, Россию где-то похвалили, какие-то иностранцы тоже, нахуй, их каналы удалили.",1.0
"Значит, вот та модель безопасности, информационной или личной, или еще что-то, которое ты для себя выбрал, она устраивает политику Ютуба, значит, так можно.",0.0
"При этом ты производишь, конечно же, впечатление, 100% люди считают, что у тебя есть... ты как-то забыл вот все те достижения, которые ты всегда на них обращал внимание, и уехал в какую-то вообще другую сторону, в такое упадничество, в какое-то вообще непонятно что, типа эмиграцию.",0.0
Вот такую странную.,0.0
Приведи пример.,0.0
Оно вот...,0.0
Структура является сообщением.,0.0
То есть в данном случае...,0.0
Ты так чувствуешь.,0.0
"Да, я так чувствую.",0.0
"Это не конкретный разговор, к сожалению.",0.0
"Я приводил тебе конкретные примеры пять минут назад, и это просто первое, что мне в голову пришло.",0.0
Я не такой подготовленный.,0.0
"А это первое, что мне в голову пришло.",0.0
"То есть ты говоришь, я так чувствую, а примеров у тебя нет.",0.0
"И, к сожалению, многое в этом интервью было, когда ты говоришь, я так чувствую, но примеров у тебя нет.",0.0
"Хорошо, я тебе скажу, почему я так чувствую.",0.0
"Потому что люди, которых ты стал звать на интервью, это люди с очень определенной точкой зрения, одной.",0.0
"Они играют вот в эти ворота свои, либеральные.",0.0
"Их очень скучно смотреть, во-первых, потому что они выглядят в этом своем порыве, там, порвать с России не очень умными.",0.0
"Потому что у них все равно там остались бабушки, дедушки, собаки, дома, коллеги, которых они бросили и так далее.",0.0
Стыдно за Россию.,0.0
— Это обобщение.,0.0
— Как умею.,0.0
"— Блин, Артемий, ты так закапываешься.",0.0
Это фантазия.,0.0
Стыдно за Россию.,0.0
"— А ты же знаешь, чьи это слова?",0.0
— Кто?,0.0
— Красильщика.,0.0
— Был у меня красильщик на интервью.,0.0
От меня ты это слышал?,0.0
От каких гостей ты слышал в последнее время «Стыдно за Россию»?,0.0
"Может быть, их было несколько.",0.0
"Ты, может быть, слышал, что я там вместе с ним как-то в унисон подвывал и тоже говорил стыдно.",0.0
"Но это же абсолютно обобщение, просто это абсолютно неверное обобщение, которое ты позволяешь в адрес всех.",0.0
"Нет, во-первых, спасибо, что ты меня образовываешь, рассказываешь, как нужно твои слова воспринимать, потому что я воспринимал то, что ты через своих гостей свою точку зрения хочешь донести.",0.0
"А гости у тебя были унылые, но говоришь.",0.0
"Твое право считать их унылыми, и я ни слова, и я ни слова бы за это тебе не предъявил.",0.0
Ни слова.,0.0
"Ты не смотришь, тебе не нравится, твое право, так и выстроена история с производством контента и его доставки.",0.0
"Супер, у каждого свое мнение, абсолютно нормально.",0.0
"Но когда ты не смотришь... и говоришь просто потому, что ты начитался кого-то в Фейсбуке, или тебе нужно...",0.0
"Или потому что тебе нужно, вот просто нужно так приложить либералов, не зная почему.",0.0
"Обрати внимание, я не с дивана не конструирую, почему ты так делаешь, и не произношу.",0.0
"Ты сейчас намекал на то, что Ютуб тебя не удаляет по поводу того, что из-за того, что ты как-то вот проходишь грань, Россию вроде бы любишь, но не сильно.",0.0
"Обрати внимание, что за эти три часа, или сколько мы с тобой...",0.0
"Я, кажется, ни разу не сказал, что ты на контракте с администрацией президента, и поэтому классно тебя чувствуешь.",0.0
"Ну, у меня же нет фактов.",0.0
"Я просто какие-то вопросы тебе задаю, и там весьма откровенно на них отвечаешь.",0.0
"Так вот, мне кажется, довольно неправильно.",0.0
И смотреть...,0.0
"Ну, говорить.",0.0
"А то, что ты такой человек, который так может сделать...",0.0
"Я смотрю каждый раз, я на тебя подписан в инсте, каждый раз мне приходит отбивка, я подписан на тебя в телеге.",0.0
"Сегодня, кстати, спам с тобой пришел, я не знаю, знаешь ты или нет.",0.0
"Не спам, а левый канал.",0.0
"Ну, левый по твоим именем, там какие-то мутные хуи там торгуют.",0.0
"Я думаю, что тебе сто человек и так написало.",0.0
"И, собственно, YouTube мне тоже подсовывает тебя.",0.0
"Я смотрю все, что ты снимаешь.",0.0
"Ну, просто я, когда я начинаю смотреть...",0.0
"Из последних двух лет я смотрю, первые пять минут начинаю зевать, просто включаю следующий ролик.",0.0
Это твое право.,0.0
Синий трактор.,0.0
Это твое право?,0.0
Про скуку «это твое право» я совершенно не собираюсь.,0.0
"Нет, у нас все-таки интересно.",0.0
"Я не буду тебя переубеждать, потому что это вкусовщина.",0.0
Я говорю только про факты.,0.0
А факты ты не привел.,0.0
"Факты относительно того, что я хожу, каюсь, говорю, как мне стыдно, Россия, не моя страна.",0.0
Этого нет.,0.0
Хочешь факт?,0.0
Да.,0.0
Вот тебя почему-то волнует дело Берковича и Петри Чук.,0.0
Да.,0.0
А меня нет.,0.0
"Знаешь, кого еще оно не ебет?",0.0
147 миллионов человек.,0.0
"Ты говоришь об этом деле только потому, что это методичка, условно, медузы, медиазоны проекта и вот этих всех модных изданий.",0.0
"Они за это уцепились, за этот кейс.",0.0
Всем людям в стране абсолютно глубочайшим образом похуй.,0.0
"Очень жалко девочек, что они получили 6 лет.",0.0
Никому не желаю сидеть в тюрьме.,0.0
"Но я тебя уверяю, что информационная вещь искусственно разогнанная, на хуй никому не нужна.",0.0
Сорян.,0.0
"И на этом мне есть что ответить, уважаемый Артемий.",0.0
Я впервые за году...,0.0
"Судебному процессу больше года, в 23-м, я, возможно, кто-то упоминал их из гостей.",0.0
"Я, мне кажется, не задал ни одного вопроса за эти годы про Петричук и Беркович.",0.0
Я задал именно с тобой.,0.0
Ты сейчас их вспоминаешь.,0.0
"Именно с тобой. потому что приговор только что вынесли, и из него следовал вопрос к тебе.",0.0
"Ты уже, наверное, это забыл, но я задал его именно потому, что я увидел вещь, про которую хочу тебя спросить.",0.0
"К ним пришли с наказанием за задним числом, и я задал вопрос, не боишься ли ты этого?",0.0
И ко мне тоже пришли за этим числом.,0.0
"Да, так бывает сейчас.",0.0
Ну вот.,0.0
И это вызвано...,0.0
"Я спрашивал не потому, что я думаю, что это всех волнует.",0.0
"Хотя в целом вдуть никогда не был про то, что мы говорим, про то, что всех волнует.",0.0
"Все охранники сидят, смотрят.",0.0
Это приятно.,0.0
Три ролика за смену и домой пошел.,0.0
"Вопрос про голую вечеринку не звучал ни один, про какие-то другие тоже вещи ни один.",0.0
"Я задал этот вопрос, потому что мне увидел, надеюсь, никогда не пригодится, надеюсь, это никогда не будет актуально, я просто увидел какую-то связь, которая, возможно, подбирается... к самым разным людям.",0.0
"Если тебе кажется, что я за всю историю последних пиздецов, которые свалились на наши головы, стал хоть чуть-чуть людоедским, то нет, я не стал.",0.0
"Я никого не хочу сажать, никого не хочу насиловать, никого не хочу убивать, никому не желаю ничего плохого.",0.0
На всякий случай.,0.0
"Просто любая моя оценка, любое пожелание любым людям, оно всегда исходит именно из этого.",0.0
Тогда коротко скажи.,0.0
"Но если ты настолько желаешь отсутствия победы в своей стране, то вот тебе шесть лет подумать, посидеть о своем литературном творчестве...",1.0
Это не мои слова.,1.0
Это речь государственного обвинителя.,1.0
"А, логика.",1.0
Это только как бы в кавычках это произносить.,1.0
"Это не мой прямой текст «посиди, подумай».",1.0
Если вдруг почему-то...,1.0
"Я думал, что ты чуть лучше и чуть глубже в тексты смотришь.",1.0
"Если ты услышал про моих одноклассниц боль, в интервью, значит, ты внимательно слушаешь тексты.",1.0
"Здесь почему-то не понимаешь, что это просто цитата, плакатным пером написаны слова прокурора, или там военрука, или еще какого-то, не знаю, рыцаря с копьем, который государственно оглашает приговор.",1.0
"Это его слова, это не мои слова, это не мое мнение.",1.0
Я не сажаюсь за спектакли.,1.0
"Я даже не пишу доносы, когда кто-то ставит спектакль, если я вижу что-то, что мне не нравится, это вообще не моя специфика.",1.0
Тебе в следующем году 50 лет?,1.0
Каким ты видишь себя 50-летним?,1.0
Все то же самое будет.,1.0
Ты будешь когда отмечать?,1.0
Не решил.,1.0
Не знаю.,1.0
До этого не отмечал.,1.0
В последний раз в 40.,1.0
Каким ты видишь себя 60-летним?,1.0
Тоже не решил.,1.0
"Не-не, не отмечать, а себя как человека.",1.0
"Как ты думаешь, каким ты будешь через 10 лет?",1.0
Что будешь делать?,1.0
Как будешь жить?,1.0
"Смотри, я думаю, что поскольку вот та хуйня, которая сейчас происходит, она все равно закончится.",1.0
"Люди все забудут, все переформатируется, случится мега покаяние.",1.0
Для начала.,1.0
Покаяние?,1.0
Конечно.,1.0
"Ну, как покаяние?",1.0
"Те люди, которые там говорили всякие гадости, скажут, ой, нас обманывали.",1.0
Украину я имею в виду.,1.0
Я же с большим количеством народа переписываюсь.,1.0
"Есть люди, которые еще не боятся написать.",1.0
Я знаю их настроение.,1.0
"Наверное, ко мне пишут только те люди, которые со мной готовы общаться.",1.0
Это уже какая-то отдельная выборка.,1.0
Это не все.,1.0
"Я не претендую на то, что я знаю всех.",1.0
"Кто-то просто залег на дно, потому что они не хотят лишний раз в переписке оставлять след, чтобы их там потом в СБУ на бутылку не посадили.",1.0
Это другое.,1.0
"Есть люди, которые не боятся.",1.0
"Я знаю их чувства, что они думают.",1.0
"И я понимаю, как работает пропаганда, телевизор и переформатирование мозгов.",1.0
"Когда война закончится, будут розданы всем соответствующие... объяснение, что почему происходило, кого как обманули, кого...",1.0
"И еще там найдут кучу всякого говна, как расстреливали коллаборантов и так далее.",1.0
"Ты же не переживаешь за этих людей, которые...",1.0
"Пришла Россия, они, значит, стали работать с новой властью, потом Россия отошла, этих людей расстреляли.",1.0
Ты об их судьбах не переживаешь.,1.0
"Тебе важно, что кого-то на 6 лет посадили за спектакль, за плохие слова о победе.",1.0
"А там гораздо больше трагедия, потому что эти люди уже не живы.",1.0
"Эти хотя бы через 6 лет выйдут, а те через 6 лет из могилы не встанут.",1.0
"И, конечно же, они скажут...",1.0
Все все забудут.,1.0
"Это будет ровно то же самое, как с Чечнёй.",1.0
"Россия воевала с Чечнёй, и теперь чеченцы воюют с русскими на Украине, но только слова имеют другое значение.",1.0
"Они воюют вместе с русскими на Украине против людей с той стороны, против ВСУ.",0.0
И то же самое будет с Украиной.,0.0
"Она точно так же... переформатируется, все вернется обратно, все начнут снова, все родственники, у всех все равно все связи, это все, конечно, вернется.",0.0
"И забудется, после Гражданской войны забылось, после Второй мировой забылось, после любых событий все забывается, и дальше будет обычная жизнь.",0.0
"И в этом месте где-то мне примерно будет 60, наверное, и все забудут, что это вообще было, потому что память очень короткая у людей, и люди будут заниматься другими делами.",0.0
"Те процессы, которые сейчас происходят в России, очень важные, очень крутые, Россия в первую очередь начала тратить деньги сама на себя.",0.0
"Мы до этого построили две супермощные туристические индустрии в Турции и в Египте, и еще немножко в Черногории.",0.0
"Сейчас эти деньги остаются внутри страны, они тратятся на саморазвитие.",0.0
"А хорошо жить мы научились, и нет никаких предпосылок к тому, что сейчас нас вернут в брежневские времена, в мое детство, с пирамидами из консервных банок на полках магазинов.",0.0
У нас все хорошо.,0.0
"И в Москве вкуснее, чем в Европе, на всякий случай.",0.0
"Это не потому, что я кремлевский пропагандист на зарплате, а потому, что мне реально вкуснее.",0.0
"Я вот только что приехал из Англии. и ел там в Эдинбурге в прекрасном суши-баре с охуенным видом на город, вид пиздатый на миллиард, а еда говно.",0.0
Вот реально даже в Якитории вкуснее.,0.0
"Блин, ты так это всегда продаешь, я, честно говоря, не...",0.0
Слюни потекли.,0.0
"Нет, ты так это всегда продаешь, в том случае, как будто это какая-то новость.",0.0
"Как будто уже немного лет в России было вкуснее, чем более-менее где-то...",0.0
Вообще-то для многих новость.,0.0
"Сейчас ты потеряешь пола аудитории, они от тебя отпишутся.",0.0
"Ух, ух, ух.",0.0
"Кто-то должен обращать внимание на то, что есть хорошее.",0.0
"А у меня вообще, между прочим, я сейчас с тобой сижу и говорю, ты в основном мне задавал вопросы как человеку с высказанной моральной позицией, потому что у меня есть такой вот проектик про новости, который я комментирую, спасая людей.",0.0
"И единственная ценность моего продукта, вот этого шоу-продукта, она заключается в том, что я рассказываю о событиях в мире без истерики.",0.0
"Там я описываю самые чудовищные вещи, любой степени чудовищности.",0.0
Ты иди нахуй.,0.0
Все.,0.0
Но не хочет.,0.0
Кремль прилетел.,0.0
"Я это делаю спокойным языком, спокойным голосом, со спокойной интонацией.",0.0
"Можно обсудить абсолютно все, что угодно.",0.0
Нет запрета на темы какие-то.,0.0
Любые темы можно обсуждать.,0.0
"Но есть какая-то последовательность, есть какое-то объяснение, где можно, я не журналист, но все-таки я немножко иногда окопаюсь, чтобы узнать, что из чего состоит.",0.0
Я это пересказываю.,1.0
"Но вообще это 5% того, что является моим достижением.",1.0
"Потому что у меня большая, хорошая, серьезная, профессиональная жизнь.",1.0
Много лет.,1.0
"В следующем году будет 50 лет, и 30 лет будет студия.",1.0
"Это нихуй моржовый в нашей стране, где дизайн никому не нужен.",1.0
Я вообще не использую это слово.,1.0
"Я стараюсь не использовать это слово, мне кажется, не использую вообще, но ты его легитимизировал про каяться, случится покаяние.",1.0
"Допускаешь ли ты ситуацию, что придется каяться тебе?",1.0
Нет.,1.0
А за что?,1.0
Не знаю.,1.0
Нет.,1.0
У меня прекрасная непротиворечивая моральная позиция.,1.0
Она развивается.,1.0
"Поэтому ты можешь, конечно, показать мне какие-то мои слова, которые я говорил пять лет назад, когда не было войны, пандемии.",1.0
"Сейчас у меня мнение повзрослело, я на что-то обратил внимание.",1.0
"Когда я готовился и общался с людьми, которые тебя либо знают лично, либо следят за тобой, либо твои фанаты, люди говорили самые разные вещи, и в том числе были две реплики.",1.0
"Можно я их зачитаю, а ты коротко отреагируешь?",1.0
Ты что-то про это думаешь.,1.0
Первое.,1.0
"Лебедев, как Жириновский, питается славой.",1.0
"Циничный, умный и жизнерадостный чувак, который любит больше всего славу.",1.0
"Даже не деньги, а именно славу.",1.0
"Сколько здесь, правда?",1.0
Немного.,1.0
И еще одно.,1.0
"Хуже не то, что Лебедев часто меняет свое мнение.",1.0
"Хуже, что он, чтобы оставаться троллем, пиздит слабых, но боится обидеть тех, кого пиздить нельзя.",1.0
"Хочет не как все, но плодит непроверенную информацию по важнейшим вопросам под камуфляжем собственного мнения.",1.0
И постепенно превращается... в людоеда.,1.0
Сколько здесь правды?,1.0
Тоже какая-то хуйня написана.,1.0
И финальное.,1.0
В чем сила?,1.0
В омах.,1.0
Спасибо.,1.0
 Спасибо.,1.0
