text,label
"Я хочу, чтобы меня украли инопланетяне.",1.0
"Все тот же чел, потерянный внутри.",1.0
Что тебе нравится?,1.0
Почему тебе сейчас плохо?,1.0
"Я не знаю, кто я.",1.0
"Вы расстались, блядь.",1.0
У меня нет сил вставать по утрам.,1.0
У меня нет энергии.,1.0
"Блядь, я хотел выпилиться.",1.0
Блядь!,1.0
Серьезно?,1.0
"Рот закрой, что ты несешь.",1.0
Давай просто кто-ли-внету с хозяев на раздушке.,1.0
Без ножниц.,1.0
Цуев.,1.0
"Цуев. непривычно, кстати.",1.0
"Вот в прошлый раз у нас была одна камера, сейчас у нас три.",1.0
"Если что, ты можешь, смотря в ту камеру, что-то говорить в обращении к зрителям.",1.0
Это твой крупный план.,1.0
"Это общий план, это мой крупный план.",1.0
"Хочется думать о том, что это даже не снимают.",1.0
Нас не снимают.,1.0
"Ладно, спасибо.",1.0
Давай.,1.0
Обручальное кольцо на пальце.,1.0
Эксклюзив.,1.0
"Это знаешь, чтобы в начало вставить.",1.0
"Ты можешь самые такие фразочки закидывать, чтобы просто в начале как в этом.",1.0
Мы расстались опять.,1.0
"Не нашли же никакой планеты пока, типа, заселенной жизнью, формы жизни.",1.0
Их нет.,1.0
"Все такие типа, ну инопланетяне, где же они прячутся, почему их так?",1.0
"Ну не может быть, что мы одна форма жизни на этой планете.",1.0
И один ученый выдвинул такую теорию.,1.0
"Он следил за космосом и в какой-то момент на одной планете начал замечать, что планета вот есть, а потом что-то типа пролетает как будто бы и закрывает планету.",1.0
"И он выдвинул теорию о том, что те формы жизни, которые есть, Дошли до такого этапа развития, что для того, чтобы их не трогали со стороны, никаких взаимодействий не было, никто на них, грубо говоря, не нападал, они вокруг себя построили сферу, которая их скрывает визуально просто, их существование.",0.0
"И ученый сказал, что если они построили такую сферу, то она же нагреваться должна от солнца.",0.0
"Значит, если мы будем использовать какие-то инфракрасные датчики, то мы сможем увидеть, типа, прикинь такую штуку.",0.0
"Покинь, вот он у нас слева от Земли целый второй шарик такой.",0.0
Вселенная бесконечна и постоянно расширяется.,0.0
Как это представить?,0.0
"Невозможно такое, что больше нет жизни, кроме как на Земле.",0.0
"Мамой клянусь, что есть жизнь, блядь, зуб даю, есть жизнь где-то.",0.0
"Но вот этого, ну, не может быть.",0.0
Даже если просто вот... визуализировать.,0.0
"Вот эти, знаешь, все 3D-рендеры, блядь, галактик.",0.0
"Это все вот отдаление, вот это все.",0.0
"Блядь, это просто пиздец.",0.0
Я не верю.,0.0
"И знаешь, что говорил еще один из этих ученых?",0.0
"Он говорит, мы периодически посылаем сигнал через мощные вот эти, как это называется, спутники.",0.0
"Ну, ему говорят, а что, слышите что-то?",0.0
"Какой-то ответ, может быть?",0.0
"Он говорит, нет, но периодически приходят такие же сигналы.",0.0
"Просто вот такие, знаешь, как будто проверочные откуда-то.",0.0
"Может быть, это какое-то отражение, не знаю.",0.0
Я не верю.,0.0
"Подожди, ты сам себе противоречишь.",0.0
"Я до этого, блядь, говорил, что немало не может быть, нахуй, чтобы мы одни в этой вселенной.",0.0
"Блядь, слушай, я думаю, что...",0.0
"Нет, если честно, я не верю.",0.0
В космос полетел бы?,0.0
Вот завтра у тебя возможность есть.,0.0
В чем мне эти планеты?,0.0
Родился тут.,0.0
Тут и умру.,0.0
"Я думаю, что, к сожалению, несмотря на весь прогресс людей во всех сферах, мы родились очень рано.",0.0
Реально для полного кайфа.,0.0
"Я не думаю, что технически, когда нам будет по 50 лет, что что-то особо сильно поменяется.",0.0
"А я думаю, что наоборот.",0.0
"Технический прогресс очень сильно ускорился, и наоборот есть ощущение, что мы...",0.0
А давай заспоримся.,0.0
"А что, нас что?",0.0
На 50 секстиллионов марсианских?,0.0
Ну давай.,0.0
Ну давай.,0.0
"Прикинь, спорт до 2050 года.",0.0
"Ну давай, ну на что?",0.0
На плазменный телевизор.,0.0
Пансионат.,0.0
Пансионат на Марсе.,0.0
Там воздух.,0.0
"Съездишь, сразу все болячки уходят.",0.0
"Грязевые, врезевые ванны на Марсе.",0.0
"Прикинь, будет такая тема.",0.0
"Блять, жестко.",0.0
"Но я думаю, я говорю, что не будет.",0.0
"А я, мы знаешь, два старика.",0.0
"И потом нас показывают в старость, и мы так же сидим в шахматы.",0.0
"А я говорю, будет.",0.0
"Нет, не будет.",0.0
"И играем такими, понял?",0.0
Фигурки шахмат ненастоящие.,0.0
Голографические.,0.0
"Так получилось, что ты единственный, например, выжил из планеты Земля, и тебя закинуло на другую планету, где перед тобой другая раса людей.",0.0
"И они просто стоят вокруг тебя с вопросом, типа, кто ты такой?",0.0
"Ну, если поразгонять просто.",0.0
"Я просто понимаю то, что если бы я говорил правду, меня бы убили, я там нахуй не нужен.",0.0
Почему?,0.0
"Ну, кому я нужен, блядь?",0.0
А как бы ты говорил?,0.0
Стример.,0.0
"Как бы ты описал свою деятельность, вообще вот то, чем ты в жизни занимаешься, знаешь? словами?",0.0
"Бля, я не знаю, я сейчас очень сильно потерян.",0.0
Потерян?,0.0
"Да, вообще, типа, я не знаю, кто я, я не знаю, что я делаю, зачем я это делаю, я вообще не понимаю.",0.0
"А, ты имеешь в виду сейчас в рамках жизни этого момента?",0.0
"В рамках жизни, да, очень тяжело.",0.0
"Да, я не помню, когда было легко, когда я понимал, что я хочу, я не помню, но, типа, с каждым разом, типа, меня отпускает, потом опять начинается какая-то яма, блядь, из которой не могу выбраться уже полтора года.",0.0
Но ты в итоге выбираешься по опыту своей жизни?,0.0
То есть у тебя есть подъемы и падения?,0.0
"Да, есть, но всегда ощущается как стабильно хуёвый.",0.0
Какая-то тоска у меня постоянно.,0.0
Хроническая.,0.0
"Хроническая тоска, и она такая, знаешь, больше негативного вайба несет.",0.0
"А можно сказать, что она никак не объясняется?",0.0
Абсолютно.,0.0
Она просто есть всегда с тобой.,0.0
Абсолютно.,0.0
"Но изначально, мне кажется, с лет 13 начало появляться такое...",0.0
"Такие мысли о том, что...",0.0
"Бля, я как будто нахожусь не в своем теле, что ли.",0.0
Я живу не своей жизнью.,0.0
"Типа, я тут не должен быть.",0.0
Вот такая хуйня.,0.0
"Вот, знаешь, была бы возможность исчезнуть и появиться в другом месте, типа...",0.0
Вот просто...,0.0
Сменить все?,0.0
Да.,0.0
"Даже если у тебя исчезнут родители, ты абсолютно родишься в другой семье, вот я бы это сделал.",0.0
Вот я жил с таким ощущением.,0.0
"Естественно, родители вообще ни про что не знали.",0.0
"Для мамы был чистый игроман, который сидит.",0.0
"Лешенька, Лешенька, вот тебе покушать.",0.0
"Главное, что дома.",0.0
"Главное, что со мной.",0.0
Вот такая тема.,0.0
Поменьше за компьютером.,0.0
Я сижу у себя в комнате.,0.0
Играю в компьютер.,0.0
Подходит батя.,0.0
"Просто меня, как кота, нахуй, берет за шкирку, как котенка.",0.0
"Вот так за одежду, блядь.",0.0
"И за одежду, я не знаю, сколько в нем было силы, потому что у меня тогда уже было, ну, я не знаю, мне кажется, лет 15, блядь, я был большим, я весел, я хуй знает сколько.",0.0
"Он меня вот так, нахуй, за шкирку несет на кухню все это время, а квартира долго поймала, коридор, блядь.",0.0
"Это крайняя комната, я сидел в крайней комнате.",0.0
"Он меня несет, у меня ножки вот так вот. возле попала где-то болтаются, он нанесет и все это время думает, что за хуйня, он сошел с ума, он меня убьет сейчас, что это будет?",0.0
"А он меня просто приносит на кухню, блядь, вот так вот бросает, типа, с хуя ли тебе посуду-то не помыл, я же там говорил посуду, вот что-то такое.",0.0
"Бля, если я сейчас ему буду говорить, я там вообще не вспомню.",0.0
В то время я очень сильно увлекался Counter-Strike'ом.,0.0
"У меня всегда была такая посадка, то что все пацаны как играют, блядь, вот у них мышка, вот клавиатура, вот так вот играют.",0.0
"У меня была посадка следующая, вот так.",0.0
И до сих пор так и есть.,0.0
"У меня мышка вот находится за монитором, блядь.",0.0
Вот так.,0.0
Почему?,0.0
Я не знаю.,0.0
Вот ты с лука стреляешь?,0.0
Вот и хуй знаю.,0.0
"Мне так удобно, понял?",0.0
Окей.,0.0
"И с каждым годом я начал все ближе и ближе двигать монитор, потому что я видел, как проигроки играют, блядь, вот так, нахуй, борт.",0.0
"И однажды я понял, что я так привык.",0.0
"К тому, что монитор находится близко, что я просто так вот играю, у меня монитор вот здесь, блядь, в упор.",0.0
"А подходит отец, он видит то, что я вот это, ну, типа, вот так смотрю, а для них, да, это вообще пиздец.",0.0
"Он мне таких пизделей раздал, очень обидно было.",0.0
"Сходу вот он видит, что ты сидишь, играешь, и он сходу в тебя влетает, понял?",0.0
"С левой, с правой, как в UFC, типа, вот этот судья, типа, растаскивает вас там, как мама, как судья, знаешь, растаскивает.",0.0
"Или он, типа, такой, так?",0.0
"Я это зафиксировал, за это ты получишь пизды.",0.0
"И ты такой, не надо.",0.0
"Он такой, нет, получишь.",0.0
Моментально.,0.0
"Типа, либо сначала повышает голос, и спустя 5 секунд тебе прилетает, блядь.",0.0
Очень жестко.,0.0
"То есть он здесь настолько даже не дал тебе, типа...",0.0
Объяснить.,0.0
"Да, конечно, конечно, конечно, конечно.",0.0
"Видно было, что он просто такой заебанный жизнью, блядь.",0.0
"И каждый день работать. семья, он всю жизнь, он просто с молодости, он просто работает, чтобы обеспечивать семью.",0.0
Вот вся его жизнь от работы.,0.0
"Ну, блядь, звучит, как будто я его оправдываю.",0.0
"Ну, по факту так и есть, оправданно, блядь.",0.0
"Ну, типа, если у него есть какие-то психические моменты такие, да, он сейчас, ну, ему, блядь, 62 года, ему точно сейчас не до этого, ему похуй абсолютно.",0.0
Тогда...,0.0
"Мне кажется, для людей была психотерапия, это просто, блядь, ты что, чел?",0.0
Это как магия.,0.0
Психологи были не так общественно известны.,0.0
"Для людей, наверное, психолог — это психушка сумасшествия, когда тебя связывают руки, и ты в белых коридорах.",0.0
"И поэтому даже у многих детей, когда они начинают заявлять родителям про то, что они хотят к психологу, они подходят к этому вопросу жестко и говорят, подожди, ты что, у тебя что-то ненормально?",0.0
Вроде у тебя все нормально.,0.0
"Охуел, у тебя раскладушка.",0.0
"Тебе игрушку купили, бионикл. года назад, я охуел.",0.0
"И они как бы такие, нет, они, знаешь, ну, типа, социально боятся это принять, как будто, что, типа, у них с сыном там что-то, например, не так, они начинают сразу говорить, не-не-не, подожди, у тебя все норм, ты же вот со мной разговариваешь, ты же не какой-то там это.",0.0
"Но, слава богу, сейчас это все развивается, и ты с отцом поговорил.",0.0
"Как оказалось, он не мог себе представить, что он как-то вообще мог на меня повлиять.",0.0
"Он в ахуе был, когда я ему начал рассказывать, что, типа, мне приходится переживать, сколько следов он мне оставил, сколько травм.",0.0
"Он просто, ну, типа, он не мог поверить, он говорит, а что я делал?",0.0
"Ну, жалко его, если честно.",0.0
Для него это не осознавалось?,0.0
"Да, конечно, для него вообще неосознанная хуйня.",0.0
Для них никогда не было вот здоровья вот здесь вот.,0.0
Хотел из лучших побуждений.,0.0
"Психики, как это вот все воспитывается, как...",0.0
Они не понимают.,0.0
Для них здоровье это вот...,0.0
Ну здоров физически.,0.0
"Я его не виню за все это, потому что я знаю, что, блядь, он даже это не мог представить.",0.0
Потому что для него никогда не существовало психического здоровья.,0.0
"Да, он просто...",0.0
"Его так воспитывали, он себя нормально чувствует в советское время.",0.0
"Провинился, ебало разбили.",0.0
"Да, да.",0.0
"И я сейчас в том моменте, когда вот это вот...",0.0
Прервать цепочку.,0.0
"Прервать цепочку вот в этом дереве генетическом, чтобы эту хуйню исправить, чтобы дальше дети от меня здорово вышли.",0.0
Но у вас разговор прошел в позитивном ключе?,0.0
Не было от него негатива какого-то?,0.0
"Нет, у меня отец вообще нет.",0.0
"Не было такого типа, рот закрой, что ты несешь?",0.0
Серьезно?,0.0
"Да, да, да.",0.0
"Нет, сейчас у меня батя, он такой уж дедушка.",0.0
Отец начал тебя уважать за что?,0.0
"Ну, блядь, когда ты приносишь отцу там деньги, типа полмиллиона, приносишь, ясен хуй будет тебя уважать.",0.0
"Он скажет, обалдеть.",0.0
"Когда меня спрашивали, сколько я получаю, когда я ответил, сколько я зарабатываю, как-то вот суперсерьезность ко мне появилась, что я такой, ну, наш сынок депутат.",0.0
Вот такая тема.,0.0
"Признание, типа, да?",0.0
Все.,0.0
Для него всю жизнь деньги.,0.0
Все деньги.,0.0
"Проблемы, деньги, все вот это, да, все связано с деньгами.",0.0
"Я вот очень много про это говорил, что...",0.0
"Ну, очень много вопросов задают на стримах часто, когда говорят, что, типа, не понимают родители того, чем я хочу заниматься, но не верят они в меня.",0.0
"Я говорю, как только появятся какие-то деньги, сразу для них это по-другому будет выглядеть.",0.0
"То есть, типа, что такое там, ты Ютубе снимаешь, непонятно, ТикТоки там.",0.0
Ютубе.,0.0
"Да-да-да, ТикТоки там, ничего не понятно.",0.0
А вот мне за рекламу дали 100 тысяч.,0.0
"А, ну, снимай, снимай, снимай.",0.0
"У меня так и было, когда я монтировал видосы, я подумал, что хуйня какой-то занимаюсь.",0.0
Потом первая бумажка.,0.0
"Я ему говорю, пап, мне нужно подписать документы, чтобы ты подписал, потому что мне это 18 лет, а я вот на Wargaming работаю компанией.",0.0
"Мне нужно вот акт, чтобы ты подписал, там invoice, что у меня денежка.",0.0
"Вот я тут за три месяца там столько-то, столько-то заработал.",0.0
"Он такой, нихуя себе.",0.0
Да тебя наебывают.,0.0
"Подписал, но тебе ничего не выплатят, ты же знаешь.",0.0
И так было.,0.0
Четыре года.,0.0
"Каждый инвойс, который он подписывал, мне говорил, тебе ничего не выплатят.",0.0
Реально?,0.0
Потом деньги приходили.,0.0
Четыре года.,0.0
Я смотрел фильм в самолете.,0.0
"И там фильм был про отношения, типа, отца и сына.",0.0
"Сука, я ревел, как хуесос.",0.0
"Вот я думал, хоть бы меня никто не видит.",0.0
"Я так, типа, закрывался.",0.0
Супер глубокая история с моим отцом.,0.0
"Он, блядь, очень жестко повлиял на мою жизнь.",0.0
"И я ему, ну, в негативном ключе.",0.0
Но я его безумно люблю все равно.,0.0
И...,0.0
Это бургеры.,0.0
"Психологическая тема пошла нахуй просто из-за того, что мы заказали бургеры.",0.0
Давай сделаем просто...,0.0
"Знаешь, что я тебе предлагаю?",0.0
"Знаешь, что я тебе предлагаю?",0.0
Я тебе предлагаю просто молча друг на друга смотреть и есть.,0.0
Как тебе такой формат?,0.0
Интересно ты придумал.,0.0
"Я не знаю, что за период у меня в жизни.",0.0
Период задумчивости о хуйне какой-то.,0.0
"Я недавно так охуел, когда понял то, что мой котенок Баря дышит, типа, у него сердце бьется, живой организм, как и у меня, понял?",0.0
"Я бы задумался про это, я охуел.",0.0
"Очень тупая охуя, типа, понятная, ты это по дефолту понимаешь, но когда ты вдумываешься в это...",0.0
"Ебать, вы одним воздухом дышите.",0.0
Странно.,0.0
"Ладно, я понял, что поддержку от тебя не добьюсь.",0.0
Я просто идиот.,0.0
Я просто жую.,0.0
"Хотел сказать, как ты думаешь, как он тебя оценивает со стороны, своим сознанием?",0.0
"Хуйня, которая дает хавать.",0.0
"А вот когда ты ребенок, ты маму точно так же оцениваешь?",0.0
"Мне кажется, нет.",0.0
А почему он тебя так оценивает?,0.0
Потому что он нахуевший гандон.,0.0
"Бля, как минимум, то, что он кот.",0.0
А как ты это понял?,0.0
Что он нахуевший гандон?,0.0
"То, что он нахуевший гандон, я понял после того, как он меня начал ночью кусать.",0.0
Когда-то спал.,0.0
"Да, вот каждый день теперь он меня кусает ночью.",0.0
"И меня, и жену мою.",0.0
Ты просыпаешься от нападения?,0.0
Или как это?,0.0
Да пиздец.,0.0
Он тебя душит лапами.,0.0
Без хуйни.,0.0
"Я каждое утро просыпаюсь сейчас в тильте от того, что меня либо отпиздили, либо покусали, еще какая-то хуйня.",0.0
"Я помню, сегодня Аня меня случайно зарядила, блядь, по башке.",0.0
"До этого меня кот укусил, блядь, просто в лоб ночью.",0.0
"Я проснулся просто ночью и начинаю, типа, блядь, что за хуйня?",0.0
"Как батя орать, типа.",0.0
"Вот я начал понимать, что батя у меня еще сильный, потому что пятерых материально выдержал.",0.0
"Я кота не могу, нахуй.",0.0
Теперь мы с сытым желудком можем продолжить разговаривать обо всем.,0.0
"Какие цели у тебя ближайшие, к которым ты стремишься или хочешь достичь?",0.0
Есть что-то?,0.0
Цифровые цели какие-то?,0.0
"Типа достичь какого-то количества подписчиков, прослушиваний.",0.0
Что ты хочешь сейчас?,0.0
"Я хочу, чтобы меня украли инопланетяне.",0.0
И дальше что?,0.0
"Мне интересно, это возможно?",0.0
С проникновением или без?,0.0
"Нет, без проникновения.",0.0
"А, просто украли?",0.0
"Нет, с проникновением на их корабль.",0.0
"Посмотри, как мы живем, мы избранные.",0.0
Вот это ты представляешь?,0.0
Что они должны сделать?,0.0
Прокатили тебя и вернули?,0.0
Да хуйню какую-то.,0.0
Как ее зовут?,0.0
Очень популярная поп-исполнительница.,0.0
Она Катя Лель.,0.0
"Она говорит, за мной всегда следят инопланетяне.",0.0
"Они в какой-то момент украли меня, зубы там украли у меня.",0.0
"Короче, у нее там во всех интервью про это.",0.0
"Она говорит, за мной стабильно следят.",0.0
"Сумасшедшая, да?",0.0
"Я не знаю, как это можно, если по меркам вселенной мы с тобой сейчас рассуждаем, как можно назвать ее сумасшедшей?",0.0
"Это, прикинь, реально.",0.0
"Ну да, как можно назвать ее сумасшедшей?",0.0
"Человека реально похищают, но тебе никогда никто не поверит.",0.0
"Да, да, да.",0.0
"Вот мы сейчас с тобой сидим, прикинь, они заходят, и нас...",0.0
И что мы сделаем?,0.0
"Типа, а потом нас вернут, и мы такие...",0.0
"Вы это видели, блядь?",0.0
А там все стерто.,0.0
"А там нету ничего, да.",0.0
Понимаешь?,0.0
Я хуй знаю.,0.0
Я боялся инопонятяне в своем детстве.,0.0
Я фильм как-то посмотрел.,0.0
Меня пугали очень сильно родные.,0.0
"Как, заберут тебя инопонятяне, будешь плохо себя вести?",0.0
"В деревнях там, на полях что-то.",0.0
А вы слышали у нас там в деревне на поле?,0.0
Круги нахуй какие-то.,0.0
"И пролетало там. тарелка, там вот вся хуйня.",0.0
"Я даже в детстве, у меня маленький такой мыльница, фотоаппаратик, такой всратый-всратый.",0.0
"Отец купил сестре на день рождения старшей сестре, и мы дохуя лет семейный, это был фотоаппарат, такая серая мыльница.",0.0
"И мы в деревне, там щелк-щелк, и я вижу, типа, ебать, на фотографии тарелка.",0.0
Доказательство.,0.0
Доказательство было мне лет 9.,0.0
Пизда.,0.0
"Как мне доказать, что это реально тарелка?",0.0
"Но оказалось, что это просто птичка прилетала, и кадр смазался, и это было отлетающее.",0.0
"Но не факт, Леха.",0.0
Но не факт.,0.0
Доказательство инопланетян было у тебя в руке.,0.0
Ты мог это миру предоставить.,0.0
Еще один вспомнил историю про мыльницу.,0.0
"Странная история, она никак не связана с инопланетянином.",0.0
"Мыл руки, наверное.",0.0
У меня сестра снимала похороны дедушки моего на эту мыльницу.,0.0
"И снимала вот этот, когда гроб ставят возле подъезда.",0.0
"Цветочки раскидывают, знаешь, эту тему?",0.0
"Да, да, да.",0.0
"Такой пиздец ужасный, бля.",0.0
"Если человек просто прохожий идет, нахуй ему это видеть?",0.0
"Это ужас, блядь.",0.0
"Не у каждого психика приспособлена к тому, что видеть мертвых людей.",0.0
"Его загримировали, там, забальзмировали, понадебись, просто там, просто у него синие уши нахуй были, понял?",0.0
Реально?,0.0
Вообще ужас какой-то.,0.0
"Я все это в детстве стоял, смотрел, видел.",0.0
"И однажды я листаю что-то, фотоаппарат, и только смотрю, какая-то фотка.",0.0
"Хуйня какая-то, непонятно что это, удаляю это.",0.0
"Потом оказывается, что это просто было видео, это превьюшка была, типа.",0.0
"И я удалил видео с похорон деда, и там все расстроились в семье очень сильно.",0.0
Вот я мразь.,0.0
"Это был любимый контент их или, типа, почему расстроились, как это?",0.0
"Память не осталось, прикинь.",0.0
"Странная память с похорон, типа, обычно память, знаешь, фотографии жизни, как человек, типа, но не синими ушами, какая-то странная память.",0.0
"Бля, как бы я не хотел в детстве всего этого видеть.",0.0
Вообще ужас.,0.0
"То есть ты бы с радостью вернулся бы и, типа, что-то отредактировал?",0.0
"Тебе не кажется, что это странно?",0.0
"То, что после того, как ты умер, тебе нужны деньги, чтобы тебя похоронили.",0.0
"Тебе нужно платить нихуевую сумму, блядь, 1200, наверное, сейчас, чтобы тебя похоронили.",0.0
Иногда даже больше.,0.0
"Как минимум, хоть чуть-чуть достойно, типа.",0.0
"Ты знаешь, что на этом очень большие деньги зарабатывают, ну, типа, пока люди находятся в горе и в панике, из них прям тянут бабки.",0.0
Блядь.,0.0
"Ну, конечно же.",0.0
"Просто, к сожалению.",0.0
"Ну, что?",0.0
Все зарабатывают деньги.,0.0
"Хотелось бы, чтобы, знаешь, человек после смерти просто растворялся, как в Marvel-фильмах вот так на части.",0.0
"Типа, прощай.",0.0
"И все, и бесследно исчезает.",0.0
"Бля, я вообще не могу.",0.0
Вот атмосфера кладбища в России.,0.0
Ужас просто.,0.0
"Да, мы, по-моему, про это с тобой разговаривали или не с тобой.",0.0
Вроде бы мы говорили.,0.0
Я придерживаюсь просто этого.,0.0
"Блядь, это ужас.",0.0
Я ни за что не хочу туда после смерти.,0.0
"Я уже, ну, типа, своим родным я говорил, но это странно, типа, своим родным такое говорить, но я просто по приколу туда вкидывал, что, типа, если вдруг меня не станет по какой-либо причине, кремируйте меня и просто куда-нибудь, типа, нахуй эти кладбища, это ужас.",0.0
"Типа, кремом тебя заполнить, как торт, пистолет, через рот, через жопу кремируйте меня, шоколадный, и тебя вот это, фрукты на тебя положить, как эклер большой, правильно?",0.0
Да.,0.0
И на прилавок какой-нибудь кондитерский.,0.0
Пошел ты нахуй.,0.0
"Да, у меня почему-то вот такое, знаешь, было желание, что если бы я умер, я бы хотел, чтобы не плакали все на моих похоронах.",0.0
Я тоже.,0.0
"Я хотел бы какое-то видеопослание смешное оставить, чтобы вот все на похоронах собрались, и там такой вот телек, и я такой сажусь.",0.0
"Бля, я что, умер, что ли, реально?",0.0
"Знаешь, прям на похоронах.",0.0
"И что, я вот типа лежу там, ну и какую-нибудь такую шутку, типа, знаешь, я с микрофона выхожу, кручу провод и говорю, вы когда-нибудь умирали, знаете это чувство, лежите себе в гробу.",0.0
"Это сильно, если такое сделаешь.",0.0
Запиши прямо сейчас на всякий случай.,0.0
"Я надеюсь, вот хотя бы из этого уже что-то смогут нарезать, потому что...",0.0
"Ну, ты не знаешь, когда это произойдет, знаешь, ты типа такой...",0.0
"Нету такого дня, когда ты просыпаешься с мыслью, бля, сегодня нужно для похорон себе видео сделать.",0.0
"Ну, ты же не можешь так это все предугадывать.",0.0
"Ну, подожди, пожилые люди так и вот советские так и живут почти.",0.0
Как?,0.0
"У меня бабушка, вот сколько я помню, до того, как у нее начала прогрессировать деменция, она мне всегда говорила, ну, вот...",0.0
Коплю на свои похороны.,0.0
"Да, у меня тоже самое у бабушки.",0.0
"Типа, вообще никак не фиксится этот баг.",0.0
"Это типа, ну знаешь, тоже на подкорке записано в программе.",0.0
"Ну это почти похоже, как подготовить стендап к своей смерти.",0.0
"Ну у них это по-другому, знаешь, это у них типа...",0.0
У меня у бабушки это религиозно работает.,0.0
"Она говорит, ни в коем случае меня не кремируйте.",0.0
Это грех.,0.0
"Это, знаешь, это как будто бабушка всю жизнь следовала всяким заповедям, а я в конце взял и все это оборвал тем, что сделал крик.",0.0
"Пранк, понял?",0.0
"Она тебе что-то в детстве наказала, а ты это запомнил.",0.0
"Потом, когда она умерла, ты ее кривировал, чтобы она в рай не попала.",0.0
"Это интересно, знаешь, это уже другой уровень жизни.",0.0
Люди начинают себя осознавать же по-разному.,0.0
Это мы сейчас сидим на таком молодом вайбе.,0.0
"Пройдет время, нам будет по 45.",0.0
Мне очень страшно.,0.0
"Я задумываюсь об этом, и мне чертовски страшно.",0.0
Тебе страшно?,0.0
Очень страшно.,0.0
Что самое страшное для тебя во взрослении?,0.0
Типа что-то не успеть?,0.0
"Я не знаю, кто я, блядь.",0.0
"Я не знаю, чего я хочу.",0.0
"И я просто не могу представить, каким я могу быть в будущем.",0.0
"Я не знаю, что мне надо.",0.0
Я боюсь ошибиться.,0.0
"Боюсь ошибиться настолько, что расхлебывать будет очень больно.",0.0
"Вот я не представляю, как, предположим, завести семью, детей и как уйти из семьи.",0.0
Я не могу представить.,0.0
Как с этим можно жить?,0.0
"Очень долго вкладывал, что-то делал.",0.0
"Нет, ну жалко, ебать, охуеть.",0.0
Твой ребенок.,0.0
"И, типа, ты понимаешь, как было бы охуенно для них, если бы он жил в счастливой семье, где мама, папа.",0.0
И они любят друг друга.,0.0
"Ты это видишь, ты понимаешь, что такое любовь.",0.0
"Тогда топ-5 вещей, которые ты будешь давать своему ребенку.",0.0
"Я не могу с уверенностью сказать, чтобы я давал ребенку.",0.0
"Потому что я не знаю, даже когда у меня будет семья.",0.0
Я супер не готов.,0.0
"Ну хорошо, что бы хотел поменять.",0.0
Что бы хотел?,0.0
"Ну, типа, в своем испытании точно видеть.",0.0
Естественно.,0.0
Я бы хотел...,0.0
Я бы хотел давать полную свободу своим детям.,0.0
Абсолютно.,0.0
"То есть, например, тебе приходит ребенок...",0.0
Я бы с ним пошел.,0.0
Вот ему 16 лет.,0.0
"Он говорит, я слушаю прогрессив фонг металкор, мы блюем в ботинки и обливаем себя этим.",0.0
"Я бы его убил, нахуй.",0.0
"Нет, ты похуй.",0.0
Какая разница?,0.0
"Слушай тоже тебе в кайф, блядь.",0.0
Если мне...,0.0
"Я даже в каких-то моментах подстроюсь под тебя, чтобы быть на одной волне.",0.0
"Йоу, молодежь!",0.0
Чего-кого!,0.0
"Во-первых, свобода.",0.0
"Такая, чтобы я мог даже с ним спокойно покурить.",0.0
Сигарет.,0.0
Поддержка.,0.0
"В моментах, когда я буду видеть то, что это сейчас нужно, необходимо.",0.0
"Есть какой-то этап, и я буду замечать.",0.0
Супер!,0.0
Ненавязчивая хуйня.,0.0
"Не такая, как типа, блядь, опять меня предки заебут со своей...",0.0
"Что правильно, что неправильно, нахуй оно мне надо.",0.0
"Я сам не знаю, что правильно, что неправильно.",0.0
"И помню, и буду всегда помнить, каким я был ребенком, каким я был чувачком.",0.0
"И мне было до пизды на слова родителей, потому что это было просто дрочиво, чтобы меня задрочить.",0.0
"Просто будешь рядом, ты имеешь что-то поддержку.",0.0
Я хочу быть вот как мама Ани.,0.0
Вот супердругом.,0.0
"Не таким, как, типа, чувак, я свой, а именно реально другом, с которым мог зарезаться, чтобы в Counter-Strike поиграть.",0.0
"Было, типа, вот спокойно подстраиваться под мелкого, чтобы реально было ощущение, что, бля, батя, у меня батя крутой.",0.0
Чтобы он чувствовал вот этот саппорт.,0.0
Да.,0.0
"У меня не будет детей, пока я и мой партнер... возможно, будущего супруга не пройдут курсы, как минимум.",0.0
"Во-первых, не наладят полностью свою голову.",0.0
Психологическое состояние и понимание ребенка.,0.0
"Да, это точно консультация с психологом.",0.0
"Да, вот полностью пока не наладят, потому что это пиздец.",0.0
"Если ты себя не поправишь, если есть какие-то моментики, потом это раскроется из-за того, что будут триггеры.",0.0
"Да, да.",0.0
И все на ребенка.,0.0
"Конечно, конечно.",0.0
Вот так как с ведра.,0.0
"Да. нативно, супернативно учить самостоятельность.",0.0
"Типа, я за хлебом схожу и сейчас на 10 лет вернулся.",0.0
"Ну как, ты понял жизнь?",0.0
Ну меня по факту отец тоже учил.,0.0
"Типа, приучал меня к тому, что деньги добываются трудом.",0.0
Как?,0.0
"Но не интеллектуально, а физически.",0.0
Деньги нужно зарабатывать.,0.0
Вот.,0.0
"Одна лейка, два рубля.",0.0
"В бочку лейку. набрал, несешь вот так вот, наперекосяк, потому что лейка половина тебя весит, нахуй.",0.0
И тебя от нее болтает.,0.0
Да-да-да.,0.0
"И потом у меня грыжа, нахуй, спасибо тебе.",0.0
"Полил кустик, одна лейка, два рубля.",0.0
И так вот.,0.0
"Я помню, с первой своей зарплаты после огорода приехал, пошел гулять и купил себе 10 жвачек по рублю.",0.0
"Прихожу домой, мне мама дала ремня, нахуй, за то, что купил 10 жвачек по рублю.",0.0
Что это за хуйня?,0.0
Мои предки.,0.0
"Вы не могли договориться, типа.",0.0
Что это за хуйня?,0.0
"Почему нельзя сказать было, что это не лучшее вложение?",0.0
Так может это финансовая грамотность?,0.0
"Бля, 10 рублей?",0.0
Какая финансовая грамотность?,0.0
Потому что ты все деньги вложил в жувачки.,0.0
"Не все, у меня было 30 рублей.",0.0
А я вложил 10.,0.0
Одну третья потратил на кайф.,0.0
А остальные?,0.0
На жувачки.,0.0
Подожди.,0.0
"Я приезжаю в Электросталь, а я до этого написал, типа, в Телеграме, что я поеду в Электросталь.",0.0
"Я приезжаю, и мы с родителями откуда-то, мы где-то встретились, и с родителями шли вместе домой.",0.0
"И возле подъезда, типа, человек 7-8 меня ждут сфоткаться.",0.0
"Откуда они знали, где ты живешь?",0.0
"Блядь, маленький город.",0.0
"И там родители просто вот так, типа.",0.0
Они что-то говорили тебе в такие моменты?,0.0
"Мама, нет.",0.0
Маме вообще все это чуждо.,0.0
"Главное, чтобы я был живой, и со мной все было хорошо.",0.0
"И самое главное, чтобы я был верующий.",0.0
"А остальное, типа, это вот от мира всего, от вот этого грязного мира, вот этот вот разврат, похабщины, все, оно не надо.",0.0
"Поэтому мама на интервью, когда мы вписку снимали, там была одна такая фраза, Очень жесткая, которая развирусилась.",0.0
"Я не знаю, почему Эдиты, блядь, начали делать с этими...",0.0
Грустные Эдиты с этими словами.,0.0
"Где Вася, по-моему, спрашивает маму, типа, ну вот гордитесь сыном то, что получилось?",0.0
"Она такая, нет.",0.0
"Вообще, надо было сказать, чтобы это вырезали.",0.0
"Потому что я знаю, она очень сильно меня любит.",0.0
"Она просто абсолютно другой человек, которого не поймут обычные простые люди.",0.0
"То есть в понимании сейчас людей, верующий человек, это просто верующий человек.",0.0
"Ну, он верит, может быть, если он там ходит в церковь, если он православный, предположим, иногда.",0.0
"Но он живет почти обычную жизнь, как и все.",0.0
"Но мало кто знает настолько сильных религиозных людей, как...",0.0
Моя мама.,0.0
То есть она живет жизнь полностью по Библии.,0.0
"Не знаю, для тебя это известно или нет.",0.0
Она всю жизнь была такая?,0.0
С какого возраста?,0.0
"Я знаю, как все было.",0.0
"Она мне как-то про это рассказывала, но я уже сам дополнил ее слова.",0.0
"Я понял, что так оно все и было.",0.0
"Короче, после того, как она вышла замуж за моего отца...",0.0
"И у них появился первый ребенок, моя старшая сестра.",0.0
А потом еще второй ребенок появился.,0.0
И в этот момент у нее началась какая-то сильная депрессия.,0.0
И что-то было.,0.0
"Ей было очень хуево, она рассказывала.",0.0
"После родовая депрессия, наверное, такое бывает.",0.0
"Мне кажется, нет.",0.0
"Мне кажется, общая какая-то...",0.0
Окей.,0.0
Не знаю.,0.0
"Ну все вместе, возможно.",0.0
"Ну да, да, да.",0.0
"И у нее был один знакомый, который ходил...",0.0
"А, и она начала себя пробовать.",0.0
Начала ходить по разным религиям.,0.0
Какие-то ответвления от христианства.,0.0
"Ну, все христианство, короче.",0.0
"И ей там нигде не нравилось, и однажды ей ее знакомый говорит, типа, приходи к нам, у нас там домик, мы собираемся, все разговариваем, молимся, читаем Библию все вместе.",0.0
"Вот, она мне так рассказывала.",0.0
"И с того момента, по ее словам, у меня, Лешенька, у меня жизнь, ну вот, другими красками наливается.",0.0
То есть я вот...,0.0
"Я начала жить по-настоящему, я стала счастливой.",0.0
"Но каждый раз, когда я прихожу, либо звоню, говорю, мам, как дела?",0.0
"Ну, сыночка, как?",0.0
"Ну, как, потихонечку.",0.0
Трудно бывает.,0.0
Вот такая тема.,0.0
"И я говорю, мам, ну ты же в религии, ты же с Богом, ты в церкви.",0.0
"Ну да, я счастлив, потому что я буду на небе с Богом.",0.0
"Это же жизнь, она...",0.0
Она не вечная.,0.0
Это всего лишь тело.,0.0
"Душа внутри, типа, душа вечная.",0.0
"Тело, оно на время, и оно умрет, а душа будет навсегда с Богом.",0.0
"Просто, Лешенька, пожалуйста, уверуй.",0.0
"Я хочу, чтобы мы вместе были у Бога.",0.0
"И, кстати, вот, пользуясь вот такой вот небольшой лазейкой, я переубедил маму, чтобы она нормально реагировала на татуировки мои.",0.0
А какой лазейкой?,0.0
Смотри.,0.0
Я набил...,0.0
Ты набил Иисуса?,0.0
Нет?,0.0
Только Бог мне судья.,0.0
"И она такая, ну...",0.0
Тут есть слово Бог.,0.0
"Когда я набил первую татуировку, я сначала не хотел показывать маме, потом спалился случайно, она ко мне в ванную зашла, я тогда еще с родителями жил, вот у меня здесь есть такой портак ебучий, я его набил в 18 лет, когда мне плохо было.",0.0
"Я что-то такой, блядь, пойду, я буду менять жизнь.",0.0
Набью татуировку.,0.0
Начал с малого.,0.0
"Короче, однажды мама увидела татуировку.",0.0
Мне тогда уже было 18 лет.,0.0
"В принципе, похуй.",0.0
"Я мог сказать, типа, мама.",0.0
"Мама, да я взрослый!",0.0
Вот так вот.,0.0
"Но я понимал, что мама, блядь, маму расстраивать не хочется вообще никогда.",0.0
"И когда она уже спалила, я начал с ней разговаривать.",0.0
"Говорит, мам, я это сделал, потому что мне все равно на это тело.",0.0
Оно не вечное.,0.0
Вечная душа.,0.0
"А потом уже летом, или не помню, когда уже тут у меня появились туировки, я уже просто так в футболке приезжал, мама вообще ни слова ничего не говорила, главное, что я приехал.",0.0
"А как ты объясняешь себе, вот вера мамы в Бога, типа, как будто бы инвестиция какая-то?",0.0
"То есть, типа, я вот сейчас что-то делаю для того, чтобы потом все было хорошо?",0.0
Или...,0.0
"Ну, типа, как ты объясняешь вообще вот ее уверование?",0.0
"Почему, например, ты не уверовал?",0.0
"Я для себя понял то, что это ее жизнь.",0.0
"Вот во мне был, к сожалению, тогда какой-то воинствующий атеист.",0.0
Да.,0.0
Который пытался...,0.0
"Да, потому что всю жизнь мне это доказывали.",0.0
Я всю жизнь из-за этого страдал.,0.0
"Я, считаю, потерял нормальное воспитание из-за этого.",0.0
Я всю жизнь пытался доказывать.,0.0
"Типа, да что вы там...",0.0
"Вот, посмотрите видео научное.",0.0
"Ну, посмотрите, блин.",0.0
Вот из такого разряда.,0.0
"Сейчас мне абсолютно все равно, я никому ничего не доказываю.",0.0
"Я, короче, понял то, что от моих действий, когда я пытаюсь маме что-то навязать, либо сестре, еще кому-то, страдаю только я.",0.0
Потому что ты разбиваешься в глухую стену.,0.0
"Да, да, да, абсолютно.",0.0
Непробиваемую.,0.0
"Я долблюсь, долблюсь в эту стену, но типа бессмысленно.",0.0
"И я каждый раз... переживал, расстраивался, что у меня не получается, вы все тупые, вы меня не понимаете.",0.0
"А потом я подрос и понял, типа, нахуя я это делаю?",0.0
Их жизнь меня не касается.,0.0
"Вот так, по факту.",0.0
"И, возможно, вот все это отчасти повлияло на то, что я сформировался таким образом, что у меня нету тоски по родным.",0.0
"Я это начал замечать, не помню, наверное, кажется.",0.0
"Вот как только я переехал в Москву, я начал это отчетливо замечать. прям понимать то, что это так и есть.",0.0
"Я знаю, что если пропадут все мои близкие за один день, мне кажется, я расстроюсь, поплачу, возможно, и потом мне станет абсолютно все равно.",0.0
"У меня нету чувства, я не скучаю по маме даже, по папе, я не скучаю, я не знаю почему.",0.0
"Ну, как знаю, вот, скорее всего, из-за вот тех моментов, когда я не был услышан, а я всегда, меня никто не хотел услышать в семье.",0.0
Это какое-то перенасыщение или это именно из-за отношения?,0.0
"То есть это из-за того, что они много воздействовали на твою жизнь?",0.0
Из-за отношения.,0.0
"Я уже не помню, каково это жить в большой семье, потому что, ну, во-первых, мы всегда вместе жили, да, но, наверное, весь этот опыт был очень травмирующим, поэтому у меня как-то мозг постарался все это забыть.",0.0
"Я помню, что в 18 лет я переехал от родителей.",0.0
"И мне стало намного лучше жить, потому что я не слышал крики отца каждый день.",0.0
"А когда я еще жил с родителями, у меня начались панические атаки, тревога.",0.0
"И когда ты находишься в тревоге, в состоянии тревоги, ты становишься как божья коровка, блядь.",0.0
"Тебе так плохо, что ты молишься, несмотря на то, что я атеист.",0.0
"Типа там очень плохо и в моменте приходит отец с работы и просто начинает на кого-то орать, а у тебя и так тревога.",0.0
"Блядь, я хотел выпилиться.",0.0
"В GTA 5 РП, разумеется.",0.0
На сервере Маджести.,0.0
Пятый сервер.,0.0
"Я затупел, блядь.",0.0
"Я недавно так отупел, нахуй.",0.0
В смысле недавно?,0.0
Ну как?,0.0
Ты это ощутил?,0.0
"Я всегда знал, что я тупой.",0.0
Да?,0.0
"Ну так, это я просто говорю, потому что мне нравится.",0.0
"Я не знаю, почему мне нравится себя принижать.",0.0
Хуй знает.,0.0
Ну такая хуйня.,0.0
Знаю почему.,0.0
"Не хочу, чтобы от меня ждали.",0.0
"Что я, типа, умный.",0.0
Я не хочу пытаться...,0.0
"Я боюсь не оправдать чьи-то ожидания, поэтому я говорю, блядь, ну я тупой.",0.0
У меня очень сильно прогрессирует синдром самозванца.,0.0
"Я постоянно думаю о том, что я недостоин, о том, что я нахожусь не на своем месте.",0.0
"Кому нахуй интересно, блядь, меня смотреть.",0.0
"Кому нахуй нужна там моя музыка, либо что-то вообще?",0.0
"Как я нахуй вообще выбрался, блядь, вот в медийку?",0.0
"Есть ощущение, как будто бы это все произошло случайно, и в любой момент тебя спалят, типа с этим и такие...",0.0
"Да, да.",0.0
Чел.,0.0
"Ах, вот оно как.",0.0
Пошел вон.,0.0
"Блядь, а вот он, один из хозяев выбивается.",0.0
Лох какой-то.,0.0
"И вот странно, несмотря на это, я понимаю то, что я к этому шел, типа, и все делал для этого.",0.0
"Я ебашил очень много, у меня были цели, я там, я реально, ну, простраивал планы, постепенно достигал их, знал, что, вот, предположим, я сделаю вот это, я знал, что из этого будет.",0.0
"Я прекрасно понимал, когда я делал Корич ТВ, я знал, что это будет, ну, типа...",0.0
"Для меня это будет супер успех, потому что на Твиче это не делали.",0.0
"Я знал то, что у меня это получится, типа, и вот я понимал.",0.0
"Но все равно спустя время, блядь, я для себя обнаруживаю нахуй вот этот синдром самозванца, понимая то, что я ебучий самозванец.",0.0
"Знаешь, что интересно?",0.0
"Когда, ну, мы говорим вот, если мы говорим о хозяевах...",0.0
Как о проекте вот типа яркости энных персонажей.,0.0
"Я всегда тебя видел самым ярким персонажем из всех в плане, но я думаю, многие согласятся в плане вот подачи.",0.0
"Я как раз хотел с тобой об этом поговорить сегодня, как у тебя получается настолько органично, искренне. проявлять себя, короче.",0.0
"Я помню первый день, когда мы вместе стримили, и ты, по-моему, позвал меня как раз вообще стримить с вами.",0.0
"Ты вообще очень такой, знаешь, я хочу сказать, ты очень искренний человек в плане, ты очень любишь людям отдавать, ты любишь, типа, всех приглашать, делиться как-то, знаешь, поддерживать людей, то есть очень много можно этого заметить.",0.0
"Я шел с таким ощущением, знаешь, зажатости внутренней, ну, то есть не комфорта такого, и смотрел, как вот...",0.0
"Ты типа играешь с этим, знаешь, идешь и прям вот просто импровизируешь, импровизируешь, выдаешь.",0.0
И я не чувствовал в этом фальши никакой.,0.0
"То есть ты прям делаешь это, знаешь, ну, филигранно.",0.0
"То есть ты изображаешь какую-то глупость, но это настолько искренне и круто выглядит, что ты прям, ну, ты во все это как будто веришь.",0.0
"И вот среди, так скажем, как раз вот хозяев, если посмотреть, для меня четкая параллель, короче.",0.0
Вот стримы с тобой. и стримы без тебя.,0.0
"То есть, знаешь, когда тебя нету в общей движухе, ты как бы пытаешься что-то разгонять, но нету того вот проводника, через которого это все раскрывается, ну, типа, и иксуется, там, X5, X10.",0.0
"Эта химия, она зарождается не со всеми, короче, не все так могут.",0.0
"И это удивительно, что вот в моих глазах ты, типа, ну, вот, знаешь...",0.0
Яркий представитель прям вот сквада.,0.0
"Прям вот, знаешь, ну, если вот как-то делить, хотя не очень хочется это делать, но, знаешь, как-то вот расставлять всех по местам, то для меня в плане вот уровня какой-то харизмы, подачи, юмора, вот этой импровизации, ты типа на первом месте.",0.0
"Ну, типа, это не...",0.0
"Это не какие-то, знаешь, ну, типа там слова...",0.0
Ебанут эго мою потешил сейчас просто.,0.0
"Просто это интересно, потому что на контрасте в этот же самый момент ты видишь себя лишним во всей этой истории, но при этом ты делаешь... всего, и даже этого не замечаешь.",0.0
"И интересно, как твое к этому отношение.",0.0
"То есть, получается, ты делаешь что-то крутое, посмотрел на это круто, и дальше уже все, у тебя новый вызов.",0.0
Как это работает внутри?,0.0
Можешь рассказать?,0.0
Интересно.,0.0
"Бля, у меня нет ощущения того, что я чего-то добиваюсь, понял.",0.0
"Бля, как будто начинается следующий день, и у меня ничего нет.",0.0
Все с чистого листа.,0.0
"Типа все, что там было, уже было, не в счет идет.",0.0
"Да, да, очень странно.",0.0
"То есть как будто бы, знаешь, вот можно визуализировать это, как в играх бывает, там, Индиана Джонс бежит от камня, и камень сзади давит все, что типа сзади него, и вот ты так же бежишь, и твоя жизнь, она сзади стирает все, что ты делал, типа, для тебя самого.",0.0
Очень похоже.,0.0
Вот как будто так и есть.,0.0
И...,0.0
"Я себя в последнее время очень сильно винил за то, что я как будто стал другим человеком.",0.0
Как будто...,0.0
"Я понимаю, что я просто устал. устал от вот этого клоунства.",0.0
"А может быть, ты устал от какого-то самобичевания, наоборот, типа, от того, что ты так к этому относишься?",0.0
"Ну, типа, что ты себя вот...",0.0
"Или так, вполне возможно, потому что я, если честно, я думаю о себе очень плохо.",0.0
"Типа, блядь.",0.0
"Бля, ебать, здесь просто обо мне подумают.",0.0
"Я просто, блядь, клоун ебучий.",0.0
"Я нахуй, кому я нужен?",0.0
Я просто клоун.,0.0
Что из меня серьезного?,0.0
"Чего, блядь, там ребята крутые есть?",0.0
"Ебать, я клоун, нахуй.",0.0
Вот так постоянно о себе думал.,0.0
"И очень забавно то, что, бля, я в жизни, ну, супер депрессинг, блядь, депрессинг кит. Просто я настолько грустный постоянно.",0.0
"В общем, что если поставить рядом то, какой ты в кадре, и то, какой ты в жизни, и сравнить это, но с другой стороны, как будто бы, ну, то не сказать, что прям в кадре, ну, знаешь, там, специально из себя что-то дать.",0.0
"Бля, я как будто живу только вот в...",0.0
"Как будто мне легче жить, когда включена камера.",0.0
Интересно.,0.0
"Может, потому что мне никогда...",0.0
"Может, потому что мне...",0.0
"Хотя вроде мне хватало внимания, хуй знаю.",0.0
"Нет, ну, скорее всего...",0.0
Как будто я начинаю что-то из себя строить.,0.0
"Потому что я знаю, что на меня смотрят.",0.0
"И когда я из себя что-то строю, мне интересно, мне самого нравится.",0.0
Хотя я из себя нихуя не строю.,0.0
"Кого, блядь, из себя трудно?",0.0
"Я же, блядь, дурак дураком, нахуй, в кадре.",0.0
"Я могу тебе сказать ответ, если тебе интересно.",0.0
Давай.,0.0
"Когда ты находишься на стриме, у тебя есть шкала, оценка твоих действий. постоянная оценка со стороны человека, и ты, типа, радуешься тому, что тебе пишут, что круто, и ты, типа, радуешься.",0.0
"Когда делаешь что-то другое, пишут что-то другое.",0.0
Постоянная оценка.,0.0
"Как только стрим уходит, ты остаешься наедине с самим собой, а сам себе оценку дать ты, ну, типа, грамотную, как мы поняли, не можешь.",0.0
"Из-за этого тебе тяжело, наверное.",0.0
"Не хотелось бы, чтобы это было правдой, потому что это супер тупая хуйня.",0.0
"Я не знаю, очень сложно это понять.",0.0
"Но почему-то, когда идет стрим, либо мы снимаем видео, кого-то проще.",0.0
"Не знаю, чувствую что-то другое.",0.0
"Получается, во время исполнения вот этих приколов в кадре ты другой человек?",0.0
В образе?,0.0
Тебе проще быть в образе?,0.0
Или как это работает?,0.0
"Когда я в кадре, я не другой человек.",0.0
Я именно тот человек...,0.0
Я — это именно я тогда.,0.0
"Когда я не в кадре, когда я супер, блядь, грустный, как обычно, это нихуя не я.",0.0
Объясню один момент.,0.0
Я считаю себя...,0.0
"Это очень странная хуня, потому что я шизик ебучий.",0.0
Да нет.,0.0
"Я считаю себя человеком только тогда, когда я под антидепрессантом.",0.0
"Именно в эти моменты, когда я прохожу терапию антидепрессантами, когда у меня уже есть накопительный эффект, я ощущаю себя собой.",0.0
"Вот это я, блядь.",0.0
"Я Леша Кореш, нахуй.",0.0
Вот я.,0.0
Мне хорошо жить.,0.0
Я все люблю.,0.0
"Когда я слезаю с антидепрессантов, я превращаюсь в хуйню, которую сама себя ненавидит. за то, что он такой.",0.0
И это исправить не может абсолютно.,0.0
Всяческими путями я кучу раз пытался наладить свою жизнь без антидепрессантов.,0.0
У меня нет сил вставать по утрам.,0.0
У меня нет энергии.,0.0
"Я не кайфую от сложной дофамин, как это называется.",0.0
Я понял.,0.0
Достижение цели.,0.0
"Я не кайфую от того, что, типа, так, мне нужно умраться, я сейчас уберусь и награжу себя дофаминным органом.",0.0
Мне не приносят никакого удовольствия.,0.0
У меня просто мрак ебаный.,0.0
Когда я не бью антидепрессанты.,0.0
И вот в этом мраке я должен быть интересным человеком для людей.,0.0
Потому что иначе я все проебу.,0.0
"Кому нужен нытик, нахуй?",0.0
"Ну, я плачу на стримах.",0.0
"Я тоже, блядь.",0.0
"Ну, кому нужен чел, который только и делает, что загоняется и тильтует?",0.0
"У меня нет выхода никак, кроме как надевать маску.",0.0
"Но очень часто, даже когда я не пью антидепрессанты, очень часто мне становится комфортно в этой маске, которую я надеваю на момент, когда мне это необходимо.",0.0
"Я не могу сказать, что это все, что это искусственно.",0.0
"Я реально вот в эти моменты, когда мы стримим, либо что-то снимаем, Я счастлив, хуй знает.",0.0
"Я думаю, большая проблема заключается в том, что ты просто постоянно по-разному себя оцениваешь.",0.0
"Например, если взять твоего зрителя, то они такие, типа, Лех, запускай стримы, там, типа, разговаривай, будь собой.",0.0
"Мы тебя любим, мы любим все твои, типа, шероховатости, всю твою искренность и в музыке в том числе.",0.0
"Но ты постоянно, типа... себя не устраиваешь в каких-то форматах, и тебе хочется резких перемен, потом, когда ты идешь к резким переменам, ты такой, нет, это все тоже не то, или там, типа...",0.0
"Ну, то есть ты колеблешься.",0.0
"И как будто бы тебе не хватает больше стабильности в собственном, как бы, внутреннем мире, что ли.",0.0
"Так потому что я, бля, я не могу найти себя.",0.0
"У меня только 22 года, скоро 23, я не могу пока найти себя.",0.0
У меня не получается.,0.0
23 года — это еще пиздюк-пиздюком.,0.0
"Еще есть время, на самом деле, очень много для того, чтобы прийти.",0.0
"Я тебе скажу, что мне сейчас 27, и за время в твоем возрасте, наверное, я был тоже достаточно таким, знаешь. мечущимся человеком.",0.0
"Таким человеком, который метался из стороны в сторону, очень много думал, очень много не понимал, постоянно с собой был недоволен, что-то там-то.",0.0
"Потом как-то, знаешь, был такой момент в жизни, помню, вот не помню точно в какой период, но я четко понял, что не мир вокруг виноват, не дело, которым я занимаюсь, виновата, короче. проблема четко в том, как я на все это смотрю.",0.0
"И я такой, я прям откровенно с собой сел и поговорил, и такой, что-то не так вот где-то внутри, надо понять, как я вообще, типа, делаю выбор, как я на все в этой жизни смотрю.",0.0
"И начал очень сильно свой взор обращать не во внешнее. а прямо вовнутрь себя, то есть анализировать каждые свои действия с позиции именно себя.",0.0
"Ну, то есть почему я сейчас, вот, знаешь, там, сегодня я хочу делать там какие-то вещи, а завтра, через месяц я такой, типа, это вообще говно.",0.0
"Вот почему такие скачки происходят, типа, начал внутрь себя смотреть, как-то это анализировать, и начал находить очень много ответов.",0.0
"Поэтому я думаю, что у тебя есть, ну, много еще времени, достаточно молодой.",0.0
Я явно прогрессирую в этом.,0.0
"Потому что если сейчас вспомнить, каким я был два года назад, ну просто тупень, блядь.",0.0
"Дурачо полное, которое не понимает, как устроен мир, не понимает, как устроена его собственная голова.",0.0
"Сейчас тоже не понимаю, но не понимаю меньше.",0.0
То есть что-то начинает распутываться в этом клубке все-таки со временем.,0.0
"Кстати, возвращаюсь к антидепрессантам.",0.0
"Я думаю, опять пить.",0.0
"Я недавно говорил с одним человеком, который... пил их достаточно долго, потом бросал, и опять пил.",0.0
"И в разговоре с этим человеком я понял очень хорошую фразу, он мне сказал, ну, разумеется, я пойду к психотерапевту, что это все будет официально, и если он скажет, что нужно, то нужно, а не так, что просто где-то добылся, купил.",0.0
"Вот этот человек мне сказал одну фразу о том, что...",0.0
"Врач ему говорил, ты гораздо быстрее умрешь от своих нервов, от того, что ты постоянно переживаешь, чем от токсичности этих таблеток.",0.0
"Это интересное замечание, на самом деле, потому что нервы большую играют роль в жизни человека.",0.0
Очень большую.,0.0
Очень на много чего влияют.,0.0
"Хронический стресс – это, знаешь, как будто хронический износ твой организм.",0.0
"Если у тебя хронический стресс, как будто ты на жиге стоишь и в тупую просто жмешь газ, знаешь, и держишь его.",0.0
Просто ничего при этом.,0.0
"Слушай, я уже не помню момента, когда у меня не было тревоги.",0.0
"Она у меня настолько, ее настолько много в жизни, что это с утра просыпаешься, о, тревога, нормально.",0.0
"Значит, я жив.",0.0
Адаптировался.,0.0
"Адаптировался, но не могу сказать, что мне нравится, я хочу так жить.",0.0
"Тревога, иди нахуй, есть ты тревога.",0.0
Скорее ты привык просто.,0.0
"Я помню, когда у меня были панические атаки, я читал очень много сообщений о том, что...",0.0
"Там люди на форумах пишут, типа, ну да, у меня панические атаки, да, мне плохо, я просто привык с ними жить и живу, все нормально, типа.",0.0
"А я все время думал, как привыкну, типа, нужно же с этим бороться, нужно найти причину, нужно от них избавиться.",0.0
"Нет, типа, много людей просто такие, я привык по расписанию, знаешь, типа, о, паническая атака, ой-ой-ой.",0.0
"И типа, о, закончилось все, живу дальше своей жизни.",0.0
"А так с этим надо как-то работать, бороться.",0.0
У меня нет панических атак?,0.0
"Нет, я имею в виду вообще в целом с состоянием. тревоги вот этого всего хронического.",0.0
"Блядь, как будто нужно и это делать без антидепрессантов, но мне как будто нужен костыль.",0.0
"Бля, я настолько сейчас, сука, еле хожу, если так можно выразить.",0.0
Не факт.,0.0
Антидепрессанты многим людям нужны по умолчанию.,0.0
"На тысячу, блядь, процентов я уверен, что...",0.0
У меня как будто необходимость в этом.,0.0
"Представь, что просто есть, например, завод, фабрика счастья у каждого в голове.",0.0
"И вот есть много лент, вот этих, знаешь, все работает.",0.0
"И вот есть люди, у которых там 20% этих лент работают, а остальные просто стоят, потому что неисправность.",0.0
"Ты пьешь антидепрессанты, они начинают работать как надо.",0.0
"То есть работа заключается в том, что у многих людей просто вот прям жесткий недостаток в этой работе.",0.0
Антидепрессанты как раз это компенсируют.,0.0
"Ты становишься как бы, знаешь... базово нормальным человеком, не то, что они дают тебе суперсилу.",0.0
"Вот, вот.",0.0
"Да, ты начинаешь чувствовать себя живым.",0.0
"Я хотел это сказать, но из-за того, что у меня очень маленький словарный запас, я не могу нормально выражать свои мысли иногда.",0.0
"Я не чувствую себя сверхчеловеком, когда я пью антидепрессанты, я чувствую себя собой.",0.0
"То, что я работоспособный, то, что я могу что-то делать, у меня есть эмоции, я могу, блядь, радоваться, я могу там что-то прочитать, посмеяться, сам посмотреть видос, поугарать, что-то не только на стриме.",0.0
"Вот из этого можно сделать вывод, что тебе стоит сходить к врачу, начать грамотно принимать антидепрессанты, и пока ты принимаешь антидепрессанты и чувствуешь себя человеком, начать менять что-то внутри себя, то есть в плане работы, психотерапии какой-то, искать какие-то трудности, ответы.",0.0
"И таким образом за несколько лет ты уже более станешь крепким, что ли, в отношении этого всего.",0.0
"Сколько лайков должен выпуск собрать, чтобы ты пошел к психотерапевту?",0.0
Один.,0.0
"Ну давайте, ребята, сделаем свое дело.",0.0
Не смогут.,0.0
"Влюбился, появились отношения.",0.0
Уже 18 лет было.,1.0
А типа секса не было.,1.0
"Я пошел, купил колонки.",1.0
"Гению, самые дешевые, которые там были за 2000 какие-то.",1.0
"Знаешь, для чего?",1.0
Чтобы заглушить звук секса.,1.0
Нет.,1.0
Еще варианты.,1.0
Включить музыку для секса?,1.0
Нет.,1.0
Колонками закрыть ее лицо?,1.0
Не знаю.,1.0
"Я купил колонки для того, чтобы позвать ее фильм посмотреть домой.",1.0
А. И потом в какой-то момент ты фильм стопаешь и типа...,1.0
"Нет, во время фильма.",1.0
У многих людей такая...,1.0
"Подожди, не убегай.",1.0
Вот ты купил колонки.,1.0
"Да, я говорю, что у меня не получилось.",1.0
Фильм посмотрели?,1.0
У меня хуй не встал.,1.0
Ага.,1.0
В какой момент когда-то колонки покупал?,1.0
"Типа, я вот пытаюсь понять, ты очень резко срезал этот угол.",1.0
"Нет, ты просто уже говорил о том, что вы смотрите фильм, и ты ее держишь.",0.0
Я с этого момента продолжил.,0.0
Так.,0.0
"Встал, все было норм.",0.0
"Так, стоп.",0.0
"Встал, все было норм.",0.0
"Я понял то, что без презерватива, ну нахуй, типа, мало ли.",0.0
У нее до меня уже был партнер.,0.0
Да.,0.0
"Я понимал, что такое.",0.0
ВИЧ и все различные заболевания.,0.0
"Что могут быть проблемы, да.",0.0
"Конечно, конечно.",0.0
И это очень опасно.,0.0
Бережное отношение к пенису.,0.0
Можно это назвать?,0.0
Конечно.,0.0
Ну и она там разделась полностью.,0.0
"Я начал, взял презерватив.",0.0
"Мне надо было встать, до полочки дотянуться, взять.",0.0
Открыл.,0.0
"Хуй поймешь, какой стороной, блядь.",0.0
"Куда, туда, сюда.",0.0
"Не понимаешь, как, что.",0.0
И в этот момент типа пытаешься.,0.0
"Понимаешь, что, блядь, уже не на что.",0.0
"Эти переживания, когда на моменте презерватива, они портят все.",0.0
Конечно.,0.0
"Ты не сказал тебе, послушай, мы фильм вообще-то смотреть?",0.0
Ты что тут разделаешь?,0.0
"Я хуйню какой-то сказал, блядь, которую тысячу раз повторил, и после того, как я на интервью про это рассказывал, каждый раз за разом я всегда думал о том, что нахуй я это рассказываю, блядь.",0.0
"Мне так стыдно, нахуй, за эту хуйню.",0.0
Мне не стыдно.,0.0
У меня тоже такие моменты были.,0.0
"У меня, знаешь, был такой же момент.",0.0
"Я очень сильно девушку одну любил, и прям у нас очень долго не строились отношения, а потом в какой-то момент все очень резко начало разворачиваться в сексуальный контекст.",0.0
"Она, типа, меня целует, а потом снимает футболку, я вижу ее грудь, и, типа, ну, слишком много напряжения.",0.0
"И в какой-то момент уже начинается вот эта вся движуха, как будто бы я уже должен проявлять себя как, типа, самец, мужчина.",0.0
"А я настолько сильно стрессанул с этого, что у меня ничего не получается.",0.0
"И я, знаешь, что начал делать?",0.0
"Я начал ей говорить, слушай, ну, я вообще так не... хочу.",0.0
У меня к тебе другое отношение.,0.0
Ты не девушка на одну ночь.,0.0
"Я налил ей в уши про то, что...",0.0
Я так не могу.,0.0
"Ну, не так, конечно, но я начал говорить про то, что, типа, это обязательно будет, но давай не сразу.",0.0
Давай дадим какое-то время для романтики.,0.0
"Я сам такой, чел.",0.0
"Ну, если у меня в процессе этого разговора все-таки все вернулось, я бы такой, а хотя, знаешь, ехала.",0.0
Либо просто молча.,0.0
"Да, да, да.",0.0
"И, типа, это было очень странно.",0.0
"Бля, ты прикинь, я какую хуйню навешал на уши.",0.0
"Я сказал то, что у меня это проблема из-за того, что я пью седативные таблетки.",0.0
"А я в тот момент, у меня были панические атаки, я лечил не момент секса.",0.0
"Пью седативные таблетки для члена, типа.",0.0
Я просто пытаюсь этого зверя успокоить.,0.0
Прости.,0.0
"Меня так вырубало, просто ужас.",0.0
"Попиваешь через 15 минут, просто, ну, в состоянии, мне кажется.",0.0
"Ну, как его описать?",0.0
"Ну, недееспособный абсолютно.",0.0
"Просто, нахуй, ваша техника.",0.0
Лучше свои годы.,0.0
"И ты ей сказал, что это из-за этого, и потом купил Виагру.",0.0
"Да, я сказал, что у меня...",0.0
"Не-не-не, конечно.",0.0
"Ты типа сказал, я сейчас куплю Виагру, и ты получишь.",0.0
"Не-не-не, я сказал, типа, я не знаю, что делать, но...",0.0
Попробуем в другой раз.,0.0
Да.,0.0
Спустя неделю.,0.0
И все это время я боялся ее к себе опять звать.,0.0
"Ну, нахуй.",0.0
"Полезет, а у меня...",0.0
Просто неуверенность в себе.,0.0
У меня же просто от головы работает.,0.0
"Когда подрастаешь, ты начинаешь понимать, как это все устроено.",0.0
"И купил Виагру, выпил.",0.0
Бля.,0.0
По-другому все пошло.,0.0
"Слушай, да я, блядь, ебарь так-то оказался.",0.0
Жесточайший.,0.0
Раскрылся потенциал.,0.0
Раскрылся.,0.0
"Вот они все, года дрочки.",0.0
"Все, насмотренность.",0.0
"Первый раз, когда у меня был оральный секс.",0.0
Я испугался очень сильно.,0.0
Я не понял.,0.0
"То есть я все время смотрел где-то, знаешь, в порно и как это происходит.",0.0
"Я думал, это какой-то суперкрутой момент.",0.0
"Такой, let's go.",0.0
Она что хочет съесть мой член?,0.0
Я испугался.,0.0
"И знаешь, вот так.",0.0
Я же тебе купил шаурму.,0.0
Отползаешь.,0.0
"Нет, правда, очень сильно...",0.0
Я очень сильно испугался.,0.0
Я почему-то...,0.0
"Я знаешь, типа, начал...",0.0
"Ну, вот на моменте, короче, вот этого я такой, так, что-то как-то все странно.",0.0
"Не так, как я это представлял.",0.0
"Как-то странное ощущение, знаешь, типа, некомфортно.",0.0
"И я такой, типа, давай не будем все.",0.0
"Я такая, в смысле?",0.0
"Я такой, да нет, знаешь, мне вообще это не нравится.",0.0
"Типа, я вот так ей сказал, типа, это в сексе я не котирую.",0.0
Как будто я разобрался в этом.,0.0
"То есть я проанализировал, хотя у меня там опыта было, ну, вот, знаешь.",0.0
Мне это не надо.,0.0
Да-да.,0.0
"И я такой, знаешь, да, мне это не надо.",0.0
"И типа я такой, не, мне это не нравится.",0.0
"Давай, типа, знаешь, детка, давай мне это не то, что мне нравится.",0.0
"И, ну, страшно было.",0.0
Потом тоже через это я с этим боролся.,0.0
"Наверное, много парней.",0.0
Со страхом меня-то?,0.0
"Да, типа ту-ду-ту просыпался и мне, знаешь, под музыку роки отсасывали.",0.0
Ту-ду-ту на рассвете.,0.0
Вот я не могу.,0.0
Типа у меня такого не было.,0.0
"Мне кажется, это очень проблема большого количества ребят.",0.0
"Типа вот эти, знаешь, там какие-то психологическая импотенция, если так можно ее называть.",0.0
"Блять, охуенно, кстати, я писал.",0.0
"По-моему, так и есть.",0.0
Психологическая импотенция.,0.0
"Да, да, кто-то же развивает это в худшую сторону потом.",0.0
"То есть у них происходит первый опыт неприятный, и они идут, развивая это в то, что со мной что-то не так, и это больше страхов добавляет, и все.",0.0
Блин.,0.0
Пенис в отпуск.,0.0
"Как будто человек должен с этим сам справляться, либо идти к сексологу.",0.0
"Нет, а вот у нас настолько не...",0.0
"У нас, если ты знаешь, психолог, а сексолог еще, мне кажется, сложнее.",0.0
Люди не любят говорить.,0.0
Я ходил к сексологу.,0.0
В тот момент или...,0.0
Не-не-не.,0.0
"Год назад, мне кажется.",0.0
Просто тупейшая хуйня вообще.,0.0
"Я ему душу излил, блядь.",0.0
"Чуть ли не флакал, нахуй.",0.0
Час.,0.0
"На то, что он мне сказал просто тупейшую хуйню, которую ты можешь вычитать в первой статье, если загуглишь.",0.0
Да.,0.0
"Блядь, он настолько хуесос.",0.0
"Я его, блядь, возненавидел, этого, блядь, сексуала.",0.0
Ого.,0.0
А что он тебе сказал такого?,0.0
"Ну, просто, как будто он меня выслушал, и чтобы я отъебался, любую хуйню сказал, чтобы я отъебался.",0.0
"Типа, знаешь, ты такой вот, из разряда...",0.0
Попробуйте увереннее.,0.0
Очень.,0.0
У тебя все получится.,0.0
"Знаешь, раз я тебя послушал, я вижу, что мужик хороший.",0.0
У тебя все будет нормально.,0.0
Я прямо по глазам вижу.,0.0
Вот так?,0.0
Точно был квалифицированный какой-то специалист?,0.0
"Хуелок он был, блядь.",0.0
"Но я не думаю, что все сексологи хуелок.",0.0
Просто ты попался на...,0.0
"Просто был какой-то мужик, хуй полет.",0.0
"Сексолог, ты пиз, хуй полет.",0.0
"В какой момент вообще, в каком возрасте у тебя появилось вот это желание, типа, исполнителем быть?",0.0
"У всех музыкантов, у всех рэперов.",0.0
"Кого интервью не посмотришь, они все с детства, типа, да.",0.0
Сразу понял.,0.0
"Правильную музыку слушали, которую вот надо.",0.0
У меня вообще не так было.,0.0
Я к музыке был как будто равнодушен.,0.0
"До подросткового возраста, до 16 лет.",0.0
"Короче, я влюбился в музыку, наверное, тогда, когда я узнал о Post Malone.",0.0
До этого у меня как будто...,0.0
А какой трек тебя прям типа зацепил?,0.0
Именно вот с какого трека?,0.0
"Go Flex, Post Malone.",0.0
"Блядь, я не знаю почему, но после этого я понял, что охуеть.",0.0
Это в каком возрасте было?,0.0
"Ой, блядь, чтобы не спиздеть, я даже не знаю, как он вышел, мне кажется.",0.0
"Ну, 17-18 лет.",0.0
И ты тогда захотел быть как он?,0.0
"Не знаю, я просто на репите слушал музыку, и мне было, знаешь, на рефлекторном таком уровне мне было хорошо.",0.0
"Мне ничего не надо, дайте мне наушники, я буду слушать, и все, мне ничего не надо.",0.0
"Я просто любил музыку, у меня не было желания ее делать.",0.0
"Мне стало интересно, как это делают, типа, это так охуенно все звучит тогда.",0.0
"Типа для меня, я думаю, блядь, как круто, нахуй.",0.0
"Когда вот только трек вышел, я считаю деньги на столе.",0.0
"Блядь, сука, насколько это охуенно тогда ощущалось.",0.0
"Даже сейчас, если включаешь, блядь.",0.0
"Сука, вот тут оно, понял?",0.0
Я смотрю в ее глаза и вижу только отражение.,0.0
"Денег, машины, одежды.",0.0
"Это зеркало разбито, как и все в этом мире.",0.0
И мы лишь осколком.,0.0
И мы начинаем.,0.0
Подкаст на этот заканчивается.,0.0
"Вот именно с математической такой точки зрения, блядь, где вступать, я не поймал, как начинать, не чувствовал, как сейчас.",0.0
"Типа ничего не понимал, мне было очень тяжело, я не мог сам ничего написать, я такой, блядь, ну возьму слова из другого трека.",0.0
"Да, и я на этот бит зачитал вот этот текст и залил типа ВК, МПТ-шку, и мне понравилось, пиздец.",0.0
Она осталась?,0.0
"Да, она осталась.",0.0
Можно?,0.0
Мне просто прикольно.,0.0
Представляю тебя.,0.0
Это все?,0.0
"Да, это был единственный мой опыт.",0.0
И это опыт для тебя был негативным?,0.0
Ты скорее не полюбил себя после этого?,0.0
Тебе был отрицательный эффект?,0.0
"Я попробовал после этого что-то еще на какой-то другой бит, что-то...",0.0
"И мне нихуя не получалось, и...",0.0
"Я забивал хуй, у меня горела жопа, я забивал хуй, и если забивал хуй, я понимал то, что я не хочу это делать.",0.0
"Год проходит, год проходит, и думаю, блядь, вот надо что-то сделать, вот интересно же, пиздец.",0.0
"Не отпускало, типа.",0.0
"Хочется, вот не отпускало.",0.0
"Не отпускало, но вот держало меня на расстоянии и не туда, и не сюда.",0.0
Полностью не могу отпустить и начать делать не могу.,0.0
Странная тема была.,0.0
"Мне написала ведущая этого шоу на Твиче, типа, Дина, блин, она мне написала, говорит, не хочешь поучаствовать?",0.0
"Аня, типа, у вас...",0.0
"Мы тогда уже так, как сказать, в медийке общались, нас все шиперили, но она меня держала во френд-зоне.",0.0
"Я думаю, блядь, спрашиваю, а когда это шоу будет?",0.0
"Она говорит, да, а я в этот момент снимаюсь в видосе у Илюхи и понимаю, блядь, тилд.",0.0
"У меня было несколько дней, и я понял то, что... было бы прикольно записать трек.",0.0
"Типа, чтобы просто включили, что я не могу присутствовать, и вот я написал для тебя трек.",0.0
"Ну, пиздец романтическая хуйня.",0.0
"Ну да, это мечта девушек, наверное, какого-то рода.",0.0
Вот.,0.0
"И прихожу на студии полностью обосранной, ничего не понимая, бля, это будка ебаная, как это неудобно, нахуй.",0.0
"Ты стоишь в будке, там чел тебя записывает.",0.0
И вот на тот момент у меня нихуя не получалось на этой студии.,0.0
"Я, блядь, у меня...",0.0
Очень горела жопа.,0.0
И мы с этим человеком вместе написали...,0.0
Ретройси его зовут.,0.0
Мы с ним написали текст.,0.0
И я просто за ним перепевал.,0.0
"Он мне показывал, как надо, и я пел.",0.0
И вот так вот получился трючок.,0.0
И по факту это мой первый трек.,0.0
Помнишь какие-то слова там?,0.0
Сука.,0.0
"Что-то там, опоздай на самолет, ведь уже поздно.",0.0
"Оставайся у меня, ты хоть да поздно.",0.0
Быть друзьями.,0.0
"Да что я пижу, я знаю его наизусть.",0.0
Я не могу уже слушать.,0.0
"Да мне плохо, я не могу уже слушать.",0.0
"Мне понравился заход, подожди.",0.0
"Ну подожди, чуть-чуть.",0.0
"Ну фу, блядь.",0.0
Супер.,0.0
Хуёво звучит.,0.0
Мне нет.,0.0
Он звучит хуёво.,0.0
Какой был фидбэк?,0.0
Ебануто людям понравилось.,0.0
Я так удивлён.,0.0
"Я даже сейчас ощущаю, как вот типа...",0.0
"И сейчас я показываю какую-то демку, предположим. которая объективно в миллиард раз сильнее.",0.0
"Вот то, что для меня, я понимаю, что я нахожусь только на старте, типа, для меня эта демка сильная, пиздец, очень охуенно звучит.",0.0
"Я показываю людям, кучу людей найдутся, которые пишут, что хуйта ебаная.",0.0
"Вот эту хуйню, когда я показал, когда она была на шоу, типа, все охуели.",0.0
Вот ноль негативной реакции.,0.0
"Просто все, типа, охуеть, вау в чате, плюс уши, вообще.",0.0
"То есть, типа, всем понравилось, а тебе не понравилось?",0.0
"Да, мне тоже вначале понравилось, потом я слушаю, типа, бля, хуй знает.",0.0
"Ну и, бля, не было желания делать, поэтому я ничего не делал.",0.0
"И в моменте опять у меня это, типа, такими накатами было.",0.0
"Похуй, потом опять, типа, просыпается желание.",0.0
Сколько лет не отпускало желание начинать писать музыку.,0.0
А опыта типа ноль.,0.0
"В начале, 22-го года.",0.0
"Я начинаю, съездил к Косте.",0.0
Я купил у него микрофон.,0.0
"В этот майк записаны планеты, платина, робчик писался.",0.0
"По-моему, он сказал, что Будда даже писался в этот микрофон.",0.0
Именно вот в этот микрофон.,0.0
"Я приехал к нему за микрофоном, и в итоге он такой, а хочешь что-нибудь попишем?",0.0
"Я такой, ебать.",0.0
Я боюсь.,0.0
"Я не хочу, но хочу.",0.0
"Ну, вот так вот споешь, вот так вот.",0.0
"Я такой, ну, попробую.",0.0
Вот примерно вот так у нас было.,0.0
"И весь, типа, мы там микротрычок какой-то написали, и все он, типа, сделал.",0.0
Я просто за ним пытался повторять своим голосом.,0.0
Тебе понравился опыт?,0.0
"Ну, в тот момент, да.",0.0
"Короче, в следующий раз я приехал на трап уже для того, чтобы с пинком пописаться.",0.0
"Просто чтобы, типа, дядя, помоги, поучи.",0.0
Вот такая тема была.,0.0
"Короче, наставники какие-то у тебя были в этом плане, которые тебе помогали.",0.0
"Ну да, вроде как ему было, типа, не западло, а мне просто было, ебать, как интересно.",0.0
"Ты приезжаешь на трап-дом, где написано, типа, куча охуенных треков, вот это все, и там пацаны все, музыканты, атмосферка охуенная.",0.0
И...,0.0
"Интересно, но сразу же, как только я, типа, зашел, я себя ощущал так вот, типа, блядь, ебаный стример, нахуй.",0.0
"Приехал, блядь.",0.0
"Думал, что она меня смотрит как на уебка, который, нахуй, я тут нужен.",0.0
"Вот так, ну, не знаю почему.",0.0
Типа чужим себя чувствовал.,0.0
"Очень, очень, очень чужим, потому что, наверное, себя не любил и не уважал никогда.",0.0
Мы что-то совместно трек хотели делать.,0.0
Просто по угару.,0.0
"Он писал свой парт и уходил, потому что я переживал, волновался при нем. Он уходил в комнату играть в плойку, пока я пытался записывать свой парт.",0.0
"В моменте я что-то записываюсь, записываюсь, написал четверку какую-то.",0.0
И заходит Жуас.,0.0
Муж иду в комнату.,0.0
"Я такой, нихуя.",0.0
Ебать.,0.0
"Он говорит, что пишешься?",0.0
"Я говорю, ну да, что-то пытаюсь.",0.0
"Ну включи, что там?",0.0
Включила там полная хуйня.,0.0
"Он говорит, блядь, нормально, тяни, нормально, продолжай, красавчик.",0.0
"Вот Жуаса, блядь, пиздец, респект.",0.0
Вот насколько...,0.0
"Вот есть люди, которые с добром относятся.",0.0
"Несмотря на то, что я мог казаться просто каким-то, блядь, чужаком ебаным, но вот в тот момент мне так не хватало этой поддержки.",0.0
"Насколько, типа, у меня было желание и рвение все это делать, но я понимал то, что это я как будто вступаю на, блядь, на закрытую территорию из-за того, что все преподносят эту, блядь, рэп-игру.",0.0
Как все серьезно.,0.0
Охуеть.,0.0
"И, короче, у меня оставалось последний, там, сколько у меня было денег, на тот момент 1300 у меня всего было накоплено.",0.0
"Я понимаю, ну все, в пизду.",0.0
Я покупаю MacBook.,0.0
"Покупай макбук и... дописался до Doom, слава богу, он ответил, заплатил Doom, чтобы он приехал, поставил мне свой темплейт с пресетом настроенным уже, чтобы хоть чуть-чуть не супер дрочиться, потому что желание могло отбить, вот эта техническая хуйня может фулл отбить желание писать музыку, чтобы саму себе ничего не настраивать, чтобы знающий человек помог.",0.0
"Для людей это, типа, определенные настройки голоса.",0.0
"Да-да-да, то есть эффекты на дорожку с голосом, чтобы ты сразу, когда ты пишешься, чтобы ты слышал и изначально уже...",0.0
Хорошо звучал голос.,0.0
"Потому что демки нужно делать такие, чтобы их на сведение, когда ты отдаешь на сведение, чтобы ты не думал, ну сейчас охуенно звучит.",0.0
Ты должен отдавать готовый хороший продукт.,0.0
Тебе это помогло?,0.0
"Да, конечно.",0.0
Тогда это было мне важно.,0.0
Тогда это все были мои последние бабки.,0.0
"Вот, и сидел, писал, и помню месяц, нихуя не было денег.",0.0
"А несмотря на это, онлайн был нормальный.",0.0
Треник нихуя не было.,0.0
"И Анька, помню, месяц платила за нас.",0.0
"Одна из первых, которую я написал на Маке, это Копатыч.",0.0
"А, я помню, конечно.",0.0
На Тачке это Копатыч.,0.0
И тебе начало нравиться?,0.0
"Да, именно трек Копатыч.",0.0
"Он был суперлегкий для меня, мне было легко это сделать, и я охуелся со своих возможностей то, что я могу написать трек, который нормально, типа, звучит, ну, не фулл, уебищная хуйня какая-то.",0.0
Все так получилось.,0.0
И после этого такой дофамин.,0.0
"Вот серьезный дофамин я получил после того, как я закончил трек.",0.0
"Я слушаю, бля, ебать, мне нравится, как это звучит.",0.0
"По факту, одна из первых работ.",0.0
Вот.,0.0
"И дальше начал писать. другие какие-то демочки, вообще по чуть-чуть продуктивности нулевая у меня была, потому что мне чертовски тяжело писать тексты.",0.0
Не доводил до конца.,0.0
"Бля, ебануто тяжело нахуй.",0.0
Я вот супер антипоэт.,0.0
"Самый переломный момент в моей жизни случился, вот когда мы расстались с Аней, и в первый же день расставание, ну то есть вот произошло, ты понимаешь.",0.0
"И я понял, что, блядь, я сейчас просто с ума сойду, если я не сяду писать музыку.",0.0
"Потому что там такая душа, например, когда ты делаешь что-то, ты отвлекаешься, утягивает процесс написания музыки, он затягивает тебя очень сильно.",0.0
От реальности тебе немножко выдает.,0.0
"От реальности, да, тебе легче становится.",0.0
"Большой респект, хочу сказать, Синаю, Синаю Май Нейм и Амор Бейби.",0.0
"Я вот услышал бит, который мне кинул, на глаза не врут.",0.0
Блядь.,0.0
"Сразу начал писать, типа, пишу, плачу нахуй, сопли, слюни, блядь.",0.0
"Пишу, пишу, успокаиваюсь.",0.0
Реально плачу?,0.0
"Да, да, да.",0.0
"Получилось, мне кажется, за час, за полтора написать трек.",0.0
И после этого у меня ни разу не получалось написать трек так быстро.,0.0
"Само шло, да?",0.0
Как будто бы изнутри все уже готово было.,0.0
Понял?,0.0
Поток.,0.0
"Ловишь поток, охуенно.",0.0
Но у меня этого потока почти никогда не получается поймать.,0.0
Когда я начал...,0.0
"Понимая то, что у меня чуть-чуть получается, мозг начал меня вознаграждать дофамином.",0.0
И хотелось еще.,0.0
И хотелось еще делать.,0.0
"Делал, делал, делал.",0.0
Потом просто начинает...,0.0
Появляется любовь к этому действию.,0.0
"Появляется любовь, другая абсолютно любовь к музыке, когда ты ее пытаешься сам сделать.",0.0
Но что дальше?,0.0
Вот ты это выпустил.,0.0
"Заебался, думай, то, что я лишний, понял.",0.0
"То, что я чужой.",0.0
Вот чужак.,0.0
Везде?,0.0
Вот насколько вот...,0.0
"Все из себя строят важных людей, блядь.",0.0
Не лезьте в рэп.,0.0
"Настолько это, если посмотреть с другой стороны, настолько это смешно.",0.0
"Типа, я просто человек.",0.0
Почему я не могу это делать?,0.0
Ты начинал с чего-то.,0.0
"Блядь, ну твои работы не были сразу же.",0.0
"Буду, нахуй, не написал свои лучшие треки в первый месяц.",0.0
Да-да-да.,0.0
Я хочу это поделать.,0.0
"Ну, блядь.",0.0
"Ну, вместо того, чтобы хуй ланить...",0.0
"Объясни, как лучше.",0.0
Да.,0.0
"Ну, я просто этого не понимаю, типа.",0.0
"Для тебя этот трек, он стал каким-то подтверждением того, что ты...",0.0
"Нет, не стал.",0.0
Не стал.,0.0
Как ты к этому отнес?,0.0
Как должно?,0.0
"Я наоборот, типа, я вот хуй знает, что было бы лучше, если бы его не было, или все то, как сейчас.",0.0
Почему?,0.0
"Слишком, типа...",0.0
"Если бы его не было, я бы не стал делать музыку, я бы даже не стал ничего делать.",0.0
Как будто вот так.,0.0
"Никому не было бы дела до этого трека, если бы это не был бы инфоповод.",0.0
Объективно.,0.0
Но я не делал его ради инфоповода.,0.0
У меня тогда просто пиздец был в голове.,0.0
И как хочется...,0.0
Просто хочется душу вылить.,0.0
Так оно получилось.,0.0
"Ну, типа, супер некрасиво по отношению к Ане.",0.0
"Хотя вроде там нихуя плохого не было, но Аня супер обижал.",0.0
"Ну, типа, для нее это...",0.0
"Ну, понятное дело, почему.",0.0
"Когда ты вырастаетесь, ты хочешь забыть человека.",0.0
Просто у тебя все...,0.0
Все твои отметки в сторис от этого трек.,0.0
"Ты кликаешь, и там сколько бы...",0.0
Сколько бы...,0.0
Сколько бы...,0.0
Сколько бы...,0.0
"Вот такая хуйня, и, блядь, ее...",0.0
Половина лица ее.,0.0
Миллион отметок прослушиваний.,0.0
"Вот как бы твоя музыка становится, начинает иметь признание, так скажем, в первый раз в твоей жизни.",0.0
Что ты чувствуешь?,0.0
Абсолютно недослуженно.,0.0
"Недостойно, типа, абсолютно.",0.0
"Хуево звучит относительно того, что делают люди.",0.0
"Хуевое качество музыки, реальное.",0.0
"Все не так, типа.",0.0
"Вот, как будто вся эта поддержка была, знаешь, из жалости.",0.0
Не знаю.,0.0
"И ты не почувствовал радости, типа, принятия, не знаю, не почувствовал ни ничего?",0.0
"Не, не, не.",0.0
"Почувствовал, что так чисто побаловался и все.",0.0
"Молодец, молодец.",0.0
Иди нахуй отсюда.,0.0
Вот такое было ощущение.,0.0
Я сам собой как будто.,0.0
"Я понимаю, что сейчас все моменты я просто сам себе навязал.",0.0
Все проблемы у себя в голове.,0.0
"Думаю, что ко мне относятся по-другому, иначе плохо.",0.0
Это все у меня в голове.,0.0
Всем похуй на меня.,0.0
"Мне нужно это понять, чтобы...",0.0
Всегда у меня была эта хуйня.,0.0
Всем на меня похуй.,0.0
В хорошем смысле.,0.0
Я такой холерик.,0.0
Мне начинается сентябрь.,0.0
Писта жизни просто.,0.0
Вот жизнь коту под хвост.,0.0
"Типа сейчас я описываю, что у меня и так хуево, но это такое дефолтное состояние.",0.0
А сентябрь писта.,0.0
"Сам... момент любви вообще для тебя, он большое значение имеет?",0.0
"Любовь в жизни, как близкий человек рядом?",0.0
Какой ты вообще в этом плане человек?,0.0
"Когда я один, я очень сильно тоскую.",0.0
Безумно.,0.0
"Я прям ощущаю, что мне нужен человек рядом.",0.0
"Когда у меня есть человек рядом, я иногда замечаю то, что я хочу быть один.",0.0
Очень странная тема.,0.0
"И непонятно, что с этим делать, да?",0.0
Непонятно.,0.0
"Как будто эмоции, которые ты переживаешь, когда ты один, а я всегда, блядь, страдаю, когда я один, мне всегда нужен, блядь, человек.",0.0
"Как будто вот это, не знаю, двигатель прогресса.",0.0
По ощущению.,0.0
"Странно, да?",0.0
"Потому что, наоборот, когда есть здоровые отношения, это что же?",0.0
"По факту, двигатель, когда тебя поддерживают во всем.",0.0
Да.,0.0
"Ну, для каждого, наверное, что-то свое является топливом.",0.0
"Короче, я человек, которому всегда нужно тепло.",0.0
"Когда у него есть это тепло, он особо это не ценит.",0.0
Но любит.,0.0
"Я такой человек, который благодарный.",0.0
"Я, наоборот, всегда за обнимание.",0.0
Тактильный.,0.0
"Тактильный, за поцелуй, погладить по голове.",0.0
Вот такая тема.,0.0
"То есть я человек, который может согреть.",0.0
"Короче, не ценю я это на 100%, когда есть.",0.0
"Когда нет, ценю на 100%.",0.0
Странная хуйня.,0.0
"Когда нет, вспоминаешь, как было хорошо, да, типа, момент.",0.0
"Я ебануто завыл, когда вот...",0.0
Сколько прошло месяцев?,0.0
Писта.,0.0
Сентябрь начался.,0.0
"Ох, ебать я завыл вообще, нахуй.",0.0
Я не мог спать.,0.0
"Я ложился, у меня просто, блядь... истерики.",0.0
"Я один в кровати, мне хуёво.",0.0
Я себя ощущаю мразью из-за некоторых моментов.,0.0
"Я не понимаю, кто я, блядь.",0.0
Мне плохо.,0.0
"Я вспоминаю, какой я человек охуенный.",0.0
Как ко мне по отношению со мной поступали.,0.0
И вся вот эта вот ху...,0.0
Ничего плохого в голове нет.,0.0
Только хорошая одна доброта остаётся.,0.0
"И ты сидишь один, блядь, у разбитого корыта, уёбок нахуй со слезами и думаешь, блядь, я вообще нахуй никому теперь не нужен.",0.0
Любовь — это для тебя круто?,0.0
"Да, да, да, однозначно, конечно.",0.0
Можешь представить себя без этого чувства жизни?,0.0
"Типа просто вот взял один, уехал в горы и прожил там всю жизнь без людей.",0.0
Смог бы так?,0.0
Без людей — нет.,0.0
"Без отношений, думаю, да.",0.0
"А вот в формате тет-а-тет с самим собой, ты как, смог бы там, типа, на месяц на остров уехать и прожить там один?",0.0
"О, хуй знает.",0.0
"Я с собой минут пять не могу посидеть, поговорить.",0.0
С самим собой у себя в голове покопаться очень тяжело.,0.0
Почему?,0.0
"Фух, не знаю. куча навязчивых мыслей, каша ебаная, в которой ноль желания разбираться, хотя нужно.",0.0
Но я все равно объясняю сам себе очень многие моменты.,0.0
"Раньше у меня была супер неконтролируемая агрессия, под которую мог попасть любой человек, любимый человек в том числе.",0.0
"Ну, естественно, не физическая какая-то, а просто вспыхивает жопа, начинаешь хуйню нести.",0.0
Сейчас у меня более контролируемая эта хуйня.,0.0
Я могу это просто оставить в себе.,0.0
Эта хуйня случается.,0.0
"Я могу стать суперхолодным, бесчувственным челиком на какое-то время, на чуть-чуть.",0.0
"Потому что во мне гнев, во мне демоны ебаные.",0.0
"И мозг пытается бороться, тушить этот пожар внутри.",0.0
Разными способами.,0.0
В основном это объяснение.,0.0
"Не объяснение, даже наводящие вопросы для этой хуйни, чтобы...",0.0
"Я сам себе, блядь, как это сложно звучит.",0.0
"Из разряда какая-то хуйня происходит, и ты просто вкидываешь сам себе в голове вопрос, типа, а почему она не может это делать?",0.0
"Да, да, да.",0.0
"И ты такой, блядь, ну...",0.0
"То есть, рациональности себя...",0.0
А почему у тебя горит жопа?,0.0
Да.,0.0
Двигаешь себя более к рациональному взгляду на жизнь.,0.0
"Типа, чтобы не терять контроль, это достаточно правильно.",0.0
"Не могу сказать, что охуительно получается, но получается.",0.0
Явно.,0.0
За год точно прогресс очень сильный.,0.0
"Мне кажется, есть постулаты такие, типа ты начинаешь писать музыку, у тебя первый трек заходит, там клип заходит, первое выступление, то есть, ну, знаешь, какие-то такие отрывки.",0.0
"И вот как ощущается, ты стоишь на сцене. исполняешь свой трек, что ты в этот момент чувствуешь, как ты видишь это все вообще, как это работает?",0.0
Это как сон какой-то видится?,0.0
"Нет, не как сон, ну...",0.0
"Ебануто приятно, но супер страшно.",0.0
"Пока я еще не прощупал для себя концерты, сцену, мне тяжело двигаться на сцене как-то, мне...",0.0
"Просто очень скованно себя чувствую, волнуюсь.",0.0
"Нету такого, что выходишь свой и, типа, все, там.",0.0
"Бля, ну не хочется просто вот на отъебись выходить, типа, сперданул, что ты съебался.",0.0
"Хочется как-то, ну это же твои люди, они пошли, типа, с ними поразговаривать.",0.0
"Бля, ну ебать страшно, когда в жизни, нахуй, на тебя смотрят столько людей.",0.0
Вот.,0.0
"Бля, да охуел просто.",0.0
Я просто охуел.,0.0
Ну как?,0.0
"Я думал то, что меня там люди вообще нахуй не знают.",0.0
А потом я на сцене и...,0.0
"Все типа в ахуе начинают играть моя песня, все начинают визжать, фонарики достали.",0.0
И пели ее.,0.0
"Охуеть, да.",0.0
Зал громче меня пел.,0.0
С этого момента я охуел.,0.0
Я не мог себе представить таких масштабов.,0.0
"Концерт закончился, домой пришел, как-то это все переваривал?",0.0
Нет.,0.0
"Забыл, забил?",0.0
Как это было?,0.0
"Ну нет такого, что я лежу, блядь, молодец.",0.0
"Не было такого, да?",0.0
Все хорошо.,0.0
Странно.,0.0
"Эмоции после концерта, супер, кайф, суета со всеми людьми, общаешься.",0.0
"Все, приезжаешь домой, все.",0.0
В депрессию?,0.0
Реально?,0.0
Круто.,0.0
"Вот так, мимолетные эти мысли такие, чтобы чуть-чуть себя потешить.",0.0
И заканчивается все.,0.0
"Все тот же чел, потерянный внутри.",0.0
"Хуй знает, кто ты, хуй знает, что ты делаешь, зачем ты это делаешь, что тебе нравится.",0.0
"Что тебе не нравится, блядь.",0.0
Почему тебе сейчас плохо?,0.0
Почему ты боишься чего-то?,0.0
Почему у тебя тревога?,0.0
Вот так вот.,0.0
Запутанность.,0.0
Запутанность очень сильная.,0.0
И ты...,0.0
"После этого концерта не было такого, что ты такой все.",0.0
Это дорога открыта.,0.0
Типа флагом махнули и начинаешь просто писать жестко музыку.,0.0
У меня сейчас этого нет.,0.0
"Несмотря на то, что я все прекрасно понимаю.",0.0
"Я понимаю, кто...",0.0
Кто что из себя строит.,0.0
"Я понимаю, что такое вот эта вся вот индустрия, музыка, рэп.",0.0
Сейчас понятно.,0.0
Я все это прекрасно понимаю.,0.0
Как это устроено.,0.0
Все равно страх какой-то.,0.0
Страх чего?,0.0
Я чувствую себя чужим.,0.0
"Плюс, блядь, синдром самозванца.",0.0
Плюс вот это.,0.0
"Ну, типа, ясен хуй.",0.0
Я не знаю.,0.0
Мне как будто нужно больше разговоров с пацанами по типу Жуаса.,0.0
Ваня66.,0.0
"Как будто мне нужен вот наставник оттуда, который...",0.0
Не знаю.,0.0
Всегда боялся.,0.0
Потому что в музыке все серьезные.,0.0
И...,0.0
"Я думал, блядь, ну ебать мне пизда.",0.0
"Залез на территорию, блядь.",0.0
Один лишний шаг мне пизда.,0.0
Сейчас полегче.,0.0
"Но все равно переживаю больше из-за того, что примет ли моя аудитория и так далее.",0.0
"То есть, типа, зайдет, не зайдет?",0.0
Боюсь.,0.0
"Очень сложно писать музыку, потому что я все равно еще учусь.",0.0
"А уже аудитория, типа, огромная.",0.0
Даже музыкальная аудитория огромная.,0.0
"Не только стримеры, ну, типа, как стримеры.",0.0
200 с чем-то тысяч слушателей в месяц на Spotify.,0.0
Это очень много.,0.0
"Пишешь трек и не понимаешь, примут, не примут, как отрабатывать?",0.0
"Да, да, да, тяжело.",0.0
Типа...,0.0
Тебе нравится?,0.0
"Трек проходит твои какие-то критерии, да?",0.0
"Ты понимаешь, тебе нравится, и потом ты начинаешь думать, блядь, может, это вообще не то, нахуй.",0.0
Но вот в последнее время получается. получается писать.,0.0
"Месяц назад я садился, меня эти мысли настолько атаковали, что я не мог ни одной строчки записать в тильте, нахуй, макбук просто вот так вот, блядь, хлопком закрывал и уходил в тильте и думал, все, я впизду, я это ебал, я это никогда в жизни больше не буду этим заниматься, нахуй мне это надо.",0.0
"Настолько у меня вот вызывало сильные эмоции то, что у меня не получается ничего написать.",0.0
"И потом недавно на концерте у Платины просто спонтанно решил поехать на концерт. познакомился, вживую пообщались с Нестом.",0.0
Это музыкальный продюсер.,0.0
"Мы с ним пообщались, и он что-то сам про музыку там пообщались, и он говорит сам, типа, если хочешь, давай что-нибудь попишем.",0.0
"Я такой, блядь, нихуя себе.",0.0
"Для меня, типа, Нест, я думаю, типа, блядь, Нест.",0.0
"И я думаю, охуеть, нахуй я тебе всрался.",0.0
"Вот опять этот момент, когда я думаю, что я никому нахуй не нужен, и всем от меня, наоборот, если со мной хотят контактировать, то от меня что-то нужно.",0.0
Либо я нахуй просто не нужен.,1.0
А как ты это себе объясняешь?,1.0
Не знаю.,1.0
"Типа, ты в базовой своей форме никому не интересен?",1.0
"Как будто бы ты не можешь быть просто человеком, который цепляет другого человека, типа...",1.0
Сеанс психотерапии?,1.0
"Не, ну мне просто интересно, я не стараюсь.",1.0
"Бля, я не знаю. когда я не под антидибирсантами, когда не пью.",1.0
"Я настолько сам себе нахуй неинтересен, что у меня нет ощущения, что я могу быть кому-то интересен вообще.",1.0
Я просто к чему?,1.0
"К тому, что если взять наш разговор, вот так его развернуть, ты говоришь, типа, тут я чужой, в семье я чужой, в хозяевах я чужой и плохой, в музыке я чужой и плохой.",1.0
Ты замечаешь это?,1.0
"Конечно, я замечаю.",1.0
"Я поэтому и думаю насчет антидепрессантов, пока я окончательно не руинил себе все, что можно нахуй.",1.0
"Потому что я не помню, когда в последний раз так долго не пил антидепрессанты.",1.0
Почти пять месяцев.,1.0
Хуёво!,1.0
Так надо сказать.,1.0
Сейчас чуть-чуть.,1.0
Можно покурить или нет?,1.0
"Хотелось, чтобы сейчас с темой не слетать.",1.0
А у тебя есть что?,1.0
"Ну, у меня...",1.0
А у тебя есть что?,1.0
Вот так еще.,1.0
"Почему-то у меня районный рефлекс какой-то выработанный сразу, знаешь.",1.0
Почему-то пальцы сами начали играть.,1.0
"Знаешь, как у пианиста пальцы сами играют.",0.0
"Я имею в виду, это что-то, что здесь можно курить, или ты про сигареты?",0.0
Это Айкос.,0.0
"Ты считаешь, что тебе нужно сделать в этой жизни, чтобы считаться достойным человеком?",0.0
"Если ты разумный человек, который... не делает хуйню, которая не делает кому-то плохо, никого не кидает, я считаю, что это достойно жить.",0.0
Если ты имеешь в виду именно материальное...,0.0
"Нет, я имею в виду в целом, как это оценивается, знаешь, вот я тебе объясню, когда вот ты смотришь на кого-то со стороны, ты смотришь, например, с позиции своей, там, типа, ты рвешься куда-то там к достижениям у тебя здесь, достижения здесь, ты на это кладешь все хуй, дальше пытаешься забраться.",0.0
"Ты в какой-то гонке, ты думаешь, вот где же этот момент в жизни, когда я вот...",0.0
"Бля, его нет.",0.0
Он вот здесь находится.,0.0
"Если ты думаешь, что тебе нужно ебать, какой огромный путь пройти, чтобы быть счастливым, чтобы у тебя все было охуенно, да ты можешь на месте стать, ты можешь вот тут вот покопаться и прийти к тому, что, блядь, да у тебя все хорошо.",0.0
"А ты можешь точно так же просто бежать, блядь, всю жизнь что-то хуячить, думая, что вот это мне нужно для того, чтобы у меня была достойная жизнь, чтобы у меня было охуенно.",0.0
Да нихуя.,0.0
"Я бегу, я что-то пытаюсь делать, это чисто про материальное.",0.0
"То есть ты стремишься, стремишься, стремишься, и жизнь уже закончилась.",0.0
"Я, наоборот, считаю, что я проебываю вот тут себя, пока я, блядь, стремлюсь к чему-то.",0.0
Вот у меня такая хуйня.,0.0
"Как будто я сейчас остановлюсь, перечеркну все, что у меня есть, и дальше не пойду.",0.0
"И начну копаться в себе, как будто я намного счастливее заживу.",0.0
Больше выиграешь от этого?,0.0
Ты боишься с приобретением счастья потерять какую-то достигаемость?,0.0
Или как это?,0.0
"Блядь, страшно оставлять то, к чему ты шел несколько лет.",0.0
Просто отбросить?,0.0
"Просто отбросить с нихуя, потому что тебе что-то захотелось в себе покопаться.",0.0
Я бы как минимум попробовал это параллельно делать.,0.0
"Я считаю, что тебе просто должно быть комфортно внутри себя.",0.0
Ты должен быть счастлив.,0.0
"Ты должен радоваться тому, что ты имеешь.",0.0
Даже если по факту ты не имеешь нихуя.,0.0
Если сравнивать с другими людьми.,0.0
"Блядь, рамки, все понятия, у всех все по-разному вообще, абсолютно.",0.0
"Я даже изначально, когда мы говорили про достойную жизнь, у меня какая-то хуйня, вот это слово «достойная», оно у меня всплывает из разряда типа «достоин ли человек жизни?»",0.0
"Что за хуйня, блядь?",0.0
"Как понять, достойная жизнь?",0.0
"Да и делай, что хочешь вообще, типа.",0.0
"Если тебе эта жизнь достойна, ну, пожалуйста.",0.0
"А как ты относишься к тому, что многие люди думают, что вот я должен оставить в этой жизни след?",0.0
"Знаешь, с позиции того, что вот обо мне должны помнить, когда я умру.",0.0
"То есть ты бы хотел, чтобы это было?",0.0
А какая у тебя разница после смерти?,0.0
"Ну, то же самое, типа, какая разница, похоронят меня на ебаном, вонючем, блядь, некрасивом кладбище, где страшно, или не похоронят?",0.0
"Типа, тут то же самое.",0.0
Да после смерти?,0.0
"Ну, какая нахуй разница?",0.0
"Это мечта человека, который внутренне там, типа, очень сильно... считает, ну, какой-то неуверен, недооценен, он хочет, типа, максимизировать все настолько, что прям след в истории.",0.0
"Кстати, вот хорошая теория.",0.0
"Что, типа, настолько его там, может быть, как-то не означает.",0.0
"Мне непонятно, потому что я никогда не хотел.",0.0
"Ни разу в жизни я не думал о том, что я хочу, чтобы меня помнили после смерти.",0.0
Мне похуй.,0.0
"То есть все, что произойдет после смерти, уже не моя, типа, да?",0.0
Не моя задача.,0.0
Нет.,0.0
"Ясен хуй, если вот...",0.0
"Как из сериала «Во всей тяжке», где Уолтер заболевает раком, и у него семья, типа, ипотека, нахуй, больной сын, еще сейчас дочка родится.",0.0
"Ясно, хуй, там не похуй, то, что будет после твоей смерти.",0.0
"Понятно, не с этой позиции, не с позиции, что кому останется, я имею в виду, с позиции твоей личной.",0.0
"Что там после будет, тебе уже не важно.",0.0
Такая вот тема интересная.,0.0
"Меня, знаешь, всегда вот к этим мыслям подводила мне...",0.0
"Бабушка, по-моему, или...",0.0
"Бабушка постоянно говорила, типа, нужно съездить на кладбище, постричь травку.",0.0
Знаешь такую тему?,0.0
Нужно там забор покрасить.,0.0
"Ну вот, типа...",0.0
"Вот с детства, если у тебя с детства эта тема, это очень...",0.0
Это странная тема.,0.0
Для меня это странно.,0.0
"У тебя похоронили, да?",0.0
"Ты бы хотел, чтобы я приходил травку стричь на твоем газоне?",0.0
То есть ты готов был и в джунглях находиться?,0.0
"Ну, как бы я не готов?",0.0
Что в твоем понимании смерть?,0.0
Что происходит после смерти?,0.0
"Или ты имеешь в виду, вот сейчас на этом моменте хотел бы или я?",0.0
"Да, да, да.",0.0
"Ну, типа, пока ты живой, как ты это оцениваешь?",0.0
Да меня не существует.,0.0
"Человек, когда умирает, его не существует.",0.0
"Все то, что...",0.0
Есть только прошлое.,0.0
"Все, его не существует.",0.0
"Соответственно, все желания, все мечты и цели.",0.0
"Нихуя нет в земле, что твое тело закопано.",0.0
"Да нихуя там нет, блядь.",0.0
Я...,0.0
"Прикинь, как ты охуеешь, когда умрешь и появишься на другой планете, где новый уровень, типа, следующий, ты перешел.",0.0
Охуеть жестко.,0.0
"Прикинь, ты просто вот встанешь там и типа...",0.0
Но я не умру.,0.0
Ты решил уже этот вопрос как-то с бессмертием поделишься?,0.0
А я ебанутый.,0.0
"Я верю в квантовое бессмертие, я не умру.",0.0
"Вот прям сейчас можешь достать пистолет и выстрелить мне в голову, я не умру.",0.0
Я умру только в твоей реальности.,0.0
"В одной реальности я умру, и я выживу в другой, во второй...",0.0
"Я понял, много мультивселенной.",0.0
"Да, мультивселенная.",0.0
Во второй вселенной я...,0.0
"Жизнь в этот момент, вселенные разделяются в этот момент.",0.0
"В одной ты мертвый, в другой ты живой.",0.0
И так ты вечно живой.,0.0
Что происходит после естественной смерти?,0.0
Хуй знает.,0.0
"Мы совсем не поговорили про хозяев, типа вообще.",0.0
"Блин, давай поговорим.",0.0
Давай про хозяева поговорим.,0.0
"Да, да, да.",0.0
"Блядь, можно покурить здесь прям?",0.0
Да давай.,0.0
"Извините меня, хозяева квартиры.",0.0
Не курить — это очень плохо.,0.0
"Кстати говоря, про курение.",0.0
Да мне сказать нечего.,0.0
Мы со Славой просто про это разговаривали.,0.0
"Он как раз говорил, что очень сильно зависим от этого.",0.0
"Долгое время, типа, не может от этого избавиться.",0.0
"И кого-то рад был бы не курить, но не может.",0.0
"Да, то же самое.",0.0
Очень тяжело.,0.0
"В моменте, когда я посмотрел твой стрим, где ты говоришь, говорил и смотрел видео про топочные компании, про всю эту хуйню, про онкологию.",0.0
"Ебать, желание отпало моментально.",0.0
На следующий день появилось опять.,0.0
Зависимость.,0.0
Жесточайшая зависимость.,0.0
И сейчас очень сильно прогрессирует из-за плохого психического самочувствия.,0.0
"Я могу... сидеть, писать музыку и просто не заметить, как я скурил пачку, две пачки стиков и лайкс.",0.0
Это равно две пачки сигарет.,0.0
Много?,0.0
Очень много.,0.0
И это пизда как плохо.,0.0
В семье кто-то курит?,0.0
Нет.,0.0
Ты первый?,0.0
"Ну, батя у меня курил до того, как у него дядя Володя лучший друг умер от рака.",0.0
Почему это не является примером каким-то негативным?,0.0
Как ты себе это объясняешь?,0.0
"То есть почему у тебя нет такого ебать, типа, я так не хочу?",0.0
Люди мыслят следующим образом.,0.0
"Случайно там заболевание, это у кого-то там, фу, меня пронесет.",0.0
"Точно так же, как о смерти, ты не думаешь же.",0.0
"Ты бы сошел с ума, если постоянно об этом думал.",0.0
Тут то же самое.,0.0
"И ты задумываешься только тогда, когда уже поздно, по факту.",0.0
"Ну, когда уже ты понимаешь, что все, я бросаю, тогда уже, ну все, чего пиздать, я тебе год жить остался.",0.0
"Я все равно, я всегда, когда курю, я, бля, в ебанутом тильте.",0.0
"Очень сильно, потому что всегда, когда я курю, я думаю о том, что как сильно это влияет на мое здоровье.",0.0
"Особенно, если это сигареты, где тебе просто, тебе даже на пачке написано, содержат системные яды, вызывают мутации.",0.0
"Блядь, да это, ну, пиздец.",0.0
"Нет, просто написано, типа, курение убивает.",0.0
"И ты такой, ну...",0.0
Ну и что?,0.0
"Вот странная хуйня, блядь, очень...",0.0
"Как это странно, пиздец.",0.0
"Человек не хочет замечать того, что он не хочет замечать.",0.0
"Сигареты — это яды, это процесс горения, это дым, нахуй.",0.0
"Даже если просто сравнить ватку, блядь, вот они делают, как рекламный ход, вот они делают, они кладут в коробку ватку и описывают, что нужно сделать.",0.0
Попробуйте.,0.0
"В сигарету, когда вы курите, ватку.",0.0
"И в другую ватку, вот от этого.",0.0
На сигарете черное нахуй все.,0.0
Тут нет.,0.0
"То есть это не дым, как минимум.",0.0
"Это меньше вредности, но это вредно.",0.0
"Тут все не на ватке остается, а внутри просто ватка.",0.0
Ватка на себе следов не оставляет.,0.0
"Они просто, они ее доработали.",0.0
Доработали ватку.,0.0
Ватку доработали.,0.0
Две ватки.,0.0
И подписано для сигарет.,0.0
"Да, да, да.",0.0
Бесследная ватка.,0.0
"Ватки, краситель, понял?",0.0
"Да, это, ну, конечно, это вечная тема.",0.0
Курение.,0.0
Очень много людей курят и в окружении вообще.,0.0
Кошмар.,0.0
"Будь проклят тот день, когда я начал курить.",0.0
"Как было охуенно, когда я не курил.",0.0
"Если бы мог, сейчас по щелчку пальцев раз и как не было внутри сделал бы.",0.0
Сто процентов.,0.0
"Да, конечно, любой человек, который курит.",0.0
"Это вообще ингалятор, если честно.",0.0
У меня астма.,0.0
"Думаешь, поверят?",0.0
Было бы странно с огромным козяком сидел и то же самое бы сказал.,0.0
"Вот формат вообще стриминга, как тебе?",0.0
"По сравнению с форматом Ютуба, например.",0.0
"Ты в нем себя чувствуешь органичней, правильней?",0.0
Вот как ты для себя это откопал?,0.0
"Намного больше можно делать в формате видео, конечно же.",0.0
Как это понять?,0.0
Намного больше.,0.0
Болтаж.,0.0
Ты можешь усиливать шутки.,0.0
"Я слышал... мнение людей некоторых из разряда, что типа, ну, хозяева, типа, классно, но юмор, типа, там, люди не представляют, насколько сложно это делать в прямом эфире на постоянной основе.",0.0
Каждый день по 8 часов.,0.0
"Это не монтаж, где ты вставил какой-нибудь там звук охуенный, бля, ебало расплющенный.",0.0
"Это уже плюс, там, 30% к смеху.",0.0
"Ну, это же театр, по сути, такой. одного актера, знаешь, там вот какая-то игра, часто шутки из пустого места, но здесь нету монтажа, здесь нету среза плохих кадров, знаешь, здесь нету плохих шуток, срез, здесь все, одним потоком идет.",0.0
"А я еще понял, что недавно понял то, что я стал вывозить максимум два стрима.",0.0
Энергия сразу.,0.0
Да.,0.0
Осаждается.,0.0
Старею хули.,0.0
Многое это закрывает во мне.,0.0
Это же мечта.,0.0
Это же мечта каждого подростка стать в какой-то момент.,0.0
"Я вот, знаешь, хочу тебе процитировать, так скажем, вот этот момент.",0.0
Мы делали вот эту пародию на Буш и Бежо.,0.0
Тесно.,0.0
"Просто по фану, что на стриме вот там это начали исполнять.",0.0
"Я смотрю постоянно, как подростки это повторяют во разных местах, в городах.",0.0
"Я понимаю, что, блин, вот раньше были для меня лидеры мнений, которых я смотрел, а сейчас я сам являюсь для кого-то таковым, и у меня это в голову не укладывается.",0.0
"Ну, знаешь, как будто вот, да, ну, круто.",0.0
"Возможно, я не до конца чувствую всего масштаба, но мне приятно очень.",0.0
"То, что все равно мы очень большую работу проделали и очень громко о себе заявили, это охуенно.",0.0
Снежный ком. Вот мы чисто толкнули комочек небольшой и просто он полетел.,0.0
Никто не ожидал.,0.0
"Я не ожидал вообще, когда вот с вами тогда постримил и все вот это так химически замутилось.",0.0
Я не ожидал.,0.0
Для меня тогда еще настолько это все в новинку было и типа...,0.0
Фреймтеймеров хозяева.,0.0
Весь чат писал.,0.0
"А что если бы не Илья Эксайл, который тебя позвал стимать?",0.0
"Не стрельнули бы вопросы, чуваки, что?",0.0
Что разговаривать?,0.0
"Остались бы там же на низком онлайне, если бы я в медведя не нарядился.",0.0
Хуй набитый творогом.,0.0
"Когда я уже не мог, мне было очень плохо, я пишу, Саня, пожалуйста, можно с тобой поговорить?",0.0
"Потому что я видел у тебя в сторис, что ты начал изучать психологию и начал, ну, типа, в этом.",0.0
"Я такой, Саня, пожалуйста, можно с тобой поговорить?",0.0
Интересно.,0.0
"И вот я помню, что я пришел.",0.0
"У меня было жесткое ощущение, что в моменте, когда все зарождалось, у меня было ощущение, что мои интересы идут вразрез с интересами Кости и Сани.",0.0
"И я ощущал то, что я кинут, как будто.",0.0
"Сейчас я не ощущаю то, что я лишний.",0.0
"Это то, что было в самом начале, да?",0.0
Да.,0.0
"Я думал то, что...",0.0
"Был день, даже когда я понял то, что я ухожу, все.",0.0
Я начинаю двигаться отдельно.,0.0
"Даже на какой-то стрим не пришел, в параллель что-то там.",0.0
Что для тебя сейчас хозяева?,0.0
Феномен. не до конца раскрывшись.,0.0
Вот.,0.0
Но прежде всего близкие друзья у меня никого нет больше.,0.0
"Но вот это вот именно те самые друзья, которые...",0.0
"И уверен, что не было бы сейчас вот все исчезло бы, ничего общего бы не было.",0.0
Я бы точно так же со всеми продолжил общаться.,0.0
"И вот безумно рад, что компания людей, которые дружат и... по факту работают вместе, почти всегда расходятся из-за дележки денег.",0.0
Всегда конфликты.,0.0
"Я невероятно горд, что мы целый год продержались, и при этом мы постоянно работали над взаимоотношениями.",0.0
"Зрители даже просто, вы не можете представить, какие внутренние конфликты были, насколько они были просто жесткие. через какой пиздец мы проходили всей кампании, но каждый раз мы это садились и решали.",0.0
"Я думаю, если бы тебя не было, мы бы распались.",0.0
В нужный момент.,0.0
"Я убежден в этом, да.",0.0
Вот ты...,0.0
"То самое звено, которое всех начало скреплять разговорами и так далее.",0.0
То есть...,0.0
"Как минимум, твое увлечение психологией...",0.0
Сыграло свою роль.,0.0
Очень сильную роль.,0.0
Вот.,0.0
"И мы через все это проходили. прошли, и в будущем, я уверен, точно так же будем проходить, потому что все вопросы, даже вопросы денежные, мне кажется, все было, да?",0.0
Да куча всего было.,0.0
И мы все решили.,0.0
Но это круто.,0.0
"Знаешь, я чувствую, насколько вот просто духовно мы стали крепче.",0.0
"Вот просто, знаешь, типа, проходя через кучу трудностей, мы же люди.",0.0
"Ну, типа, знаешь, я не очень понимаю многих людей, если они там со стороны, на это смотрят как-то утопически, типа.",0.0
"Вы что там друзья, вы не друзья, вы там то, вы не то.",0.0
"Но мы люди, типа у всех людей бывают проблемы какие-то.",0.0
"Самое главное, как ты эти проблемы проходишь, так же и в отношениях.",0.0
"То есть либо ты эту проблему решаешь, разговариваешь об этом, либо ты это отпускаешь, и все это начинает в тебе прорастать.",0.0
"Вот у нас было много стычек, а еще я хочу сказать, что мы-то при этом все мужики. нос к носу все там начинается, вот это какое-то пере...",0.0
"А я, правда, против твоей правы.",0.0
"Ну да, да, да.",0.0
"Просто вот в моменте, знаешь, ты просто за свое топишь, этот за своего топит, и вот вы начинаете, типа...",0.0
"Ну много всего было, и правда, ты говоришь, но я вот прям реально горд тоже тем, что какие-то моменты не проходили, как мы все это, ну вместе, типа, обсуждали, выносили что-то.",0.0
"Бля, это сильно.",0.0
Мало кто из людей может нормально разговаривать.,0.0
"Ну, просто для многих это даже как-то как будто неловко.",0.0
"Ну да, да, конечно.",0.0
"Ты с другом, типа, вы угораете там, смеетесь.",0.0
"А вот как сесть и вот на серьезную какую-то тему, что меня там это трогает, вот это вот, мне это неприятно, вот как поговорить?",0.0
Тяжело.,0.0
"И, бля, я так безумно рад, что все это пройдено.",0.0
"Бля, я чувствую такую крепость.",0.0
"Вот за всем происходящим, за хозяевами.",0.0
"Что я понимаю, что в моменте я могу себе позволить...",0.0
Как сказать?,0.0
Уйти на второй план.,0.0
"Побыть самим собой, в своей башке, чуть-чуть почилить, менее активничать, и я понимаю то, что...",0.0
Будет поддержка.,0.0
Будет поддержка от людей.,0.0
И этого так мало в жизни.,0.0
Вот какой пример провести?,0.0
"Все примеры, которые, мне кажется, есть, все распадались.",0.0
"А мы еще недолго вместе, честно.",0.0
"Так подумать, сколько?",0.0
Год?,0.0
Когда распадетесь?,0.0
Когда захотим.,0.0
"Когда придет время, ну хуй знает.",0.0
"А что касается работы, настолько.",0.0
"И каждый сам по себе такой творческий чел, который что-то может.",0.0
"Я думаю, мы...",0.0
"Не может быть такого, что мы просто типа все, перестаем.",0.0
Все делать по всем фронтам и расходимся.,0.0
Как будто не может быть такого.,0.0
Все от одного звена идет.,0.0
"Если вдруг в моменте кто-то такой, ребята, я отделяюсь.",0.0
"Вот тут хуй знает, что делать.",0.0
"Особенно, если это ты, предположим.",0.0
"Ну, как тебя переубедить?",0.0
Ты вообще в своей башке всегда.,0.0
"Чувствуешь, что за одним звеном может посыпаться все?",0.0
Вполне.,0.0
"Типа неважно, какое это звено.",0.0
"Можно проверить, могу ливнуть.",0.0
"Ну, давай.",0.0
Через 50 лет тогда.,0.0
"Посмотрим, что-то.",0.0
"Давай просто кто ливнет из хозяев на раз, два, три.",0.0
Без ножниц.,0.0
"Целуй, ефа.",0.0
"Целуй, ефа.",0.0
"Целуй, ефа.",0.0
Сорян.,0.0
Мне бывает очень нравится делать какую-то бессмысленную хуйню.,0.0
"Которая ни к чему не приводит, либо к чему-то хуёвому.",0.0
Я не знаю.,0.0
"Мне иногда нравится просто побеситься, какой-то хуйней позаниматься.",0.0
"К примеру, что?",1.0
Алексей Деревешкин.,1.0
Например?,1.0
Что за хуйня?,1.0
Меня толкнули только что.,1.0
Это планетяне.,1.0
Проходи.,1.0
Александр Ермолаев.,1.0
"Какую-то хуйню я сказал, забей.",1.0
В целом все.,1.0
"Ты сказал, например, я думаю, что?",1.0
Нахуй я это сказал вообще.,1.0
Типа все до этого вырезать.,1.0
Сейчас начнем подкаст.,1.0
"Мы решили встретиться с Лехой, обсудить пару моментов.",1.0
"Сори, ты просил так не делать.",1.0
"От стакана, кстати, нет таких вибраций.",1.0
Ёбаный.,1.0
Ты че ебанул?,1.0
Ты меня выпугал?,1.0
"Я подумал, мне показалось.",1.0
"В какой-то момент подумал, инопланетянин еще поугарал с этого.",1.0
А это гиро.,1.0
"Ебать страшно, нахуй.",1.0
