text,label
Я попробовал бы бычий член.,1.0
А оливки мне все еще не нравятся.,1.0
"Подожди, а ты кайфанул, хочешь сказать?",1.0
Нет.,1.0
"У меня была собака у родителей, и у меня была миска с едой и с водой.",1.0
Я просто солод до рода и пил просто собачью воду.,1.0
"Я тебе клянусь, у тебя не было конфликтов с собаками, что ты возвращаешься после гулянки домой, знаешь, такой...",1.0
"И там собака сидит, такая, слушай, нам нужно с тобой поговорить.",1.0
"Ты же заебал пить мою воду, бля.",1.0
"Это вообще то, о чем бы я мечтал.",1.0
"Знаешь, взять просто сейчас с тобой, сорваться в какие-нибудь горы, покататься на лошадях, что-нибудь такое сделать.",1.0
"Да, меня тоже очень сильно заряжает природа.",0.0
"С вами я, Янчик Грилс.",0.0
Сегодня мы отправимся в самый обычный российский подмосковный лес.,0.0
И постараемся выжить любой ценой.,0.0
Откуда ты идешь?,0.0
Нам туда точно не вряд ли.,0.0
"Нам вот туда, вот пароход.",0.0
"Нет, мы уже вот оттуда пришли, сад.",0.0
Вот мы и потерялись.,0.0
"Придумывая ролики, берешь это всегда изнутри.",0.0
Пять диалогов разных в голове.,0.0
"Причем я не понимаю, откуда они, люди просто разговаривают, понимаешь?",0.0
"Я не думаю об этом, это не мои мысли, они откуда-то есть.",0.0
Откуда эти мысли берутся?,0.0
"Ну нет, смотри, если у тебя конкретные диалоги в голове, неконтролируемые, значит я ебаный, значит я ебаный.",0.0
"У меня отец здесь злился, типа, это все, это пи***ц.",0.0
Самое страшное.,0.0
"Были моменты, когда он мог ударить или что-то такое?",0.0
"Ну были, да, были.",0.0
"У меня есть проблемы, например, с лишней брезгливостью.",0.0
"Я вот когда с кем-то здороваюсь, у меня ощущение возникает, как будто у меня грязная рука, мне очень хочется ее помочь.",0.0
"Ручку я дверную открываю не рукой, а локтем.",0.0
"Честно признаться, я люблю выпить.",0.0
Это отсутствие меры?,0.0
"Да, это отсутствие меры.",0.0
"Представляете, какая будет новость?",0.0
"Два блогера умерли в лесу, просто потерялись.",0.0
"Вот к чему, к чему, Саня, вот к такому я точно готов.",0.0
Это меня зовут подкаст к себе.,0.0
Да никогда я не хотел убить кого-то.,0.0
"Не, серьезно.",0.0
"Не было таких мыслей, типа, знаешь, там, сталкнуть кого-то.",0.0
"Топором зарубить, там, застрелить.",0.0
"Блин, сосиски уже просто ебутся сами с собой.",0.0
Ты говоришь сосиски?,0.0
Почему ты говоришь?,1.0
"Вот если люди говорят сосиски, я говорю сосиски всегда.",1.0
Почему сосиски?,1.0
"Звучит, как будто бабушка какая-то, я не знаю.",1.0
"Ну не кричит, нас убьют.",1.0
"О, кто-то стрельнул, слышал?",1.0
Ты выстрелил?,1.0
"Они все ближе, Саня.",1.0
"Ты боишься им влить, Саня?",1.0
— А тебя мама учила водить машину?,1.0
— А бабушка больше учила водить машину.,1.0
"— Не было такого, что ты взял машину и разбил ее?",1.0
"— Ну, когда у меня прав не было, такого не было, нет.",1.0
"Но да, я влетел в фуру.",1.0
— В смысле?,1.0
"— Ну, вот так вот.",1.0
"На встречке там, получается, ехал по дороге.",1.0
"Там вот так вот фура, получается, поворачивал.",1.0
"Я думал, что она меня пропускает.",1.0
А я по телефону еще разговаривал в этот момент.,1.0
"Я просто помню, вот здесь сидит подруга на переднем сиденье, и в это она говорит, Ян, фура.",1.0
"Я просто поднимаю голову, надо мной вот так вот, фура, я просто как-то чуть успею ворачивать влево и...",1.0
"Я не знаю, почему.",1.0
Такие пироги.,1.0
"Короче, девочки едут, пьют пиво.",1.0
"Здесь, сзади еще три тоже с пивом.",1.0
Мы ехали куда-то к другу за город.,1.0
Да.,1.0
"И просто все пиво. вот так вот по стеклу, вот так вот.",1.0
"Я выхожу, опускаю стеклу, говорю, блять, выбрасывайте пиво нахуй срочно.",1.0
"И все, я подхожу к этому фуристу, я был на бабушке на машине как раз, и у меня закончилась страховка, вообще без страховки.",1.0
"Я говорю, чувак, давай, решим так, давай скажешь то, что не я за рулем был, потому что у меня нет страховки, мне так легче будет тебе покрыть, чтобы тебе страховка выплатила.",0.0
"Я говорю, у меня сейчас бабушка уже едет сюда с мамой, она сядет за руль.",0.0
Ну хорошо.,0.0
"Все, приезжают менты, буквально через минуты-две приезжает бабушка с мамой.",0.0
"И я объясняю, говорю, так и так, кто за рулем был?",0.0
"Я говорю, ну вот у меня бабуля была, а где она?",0.0
Сейчас приедет.,0.0
"Я говорю, да, она сейчас приедет, а куда она уехала?",0.0
"Я говорю, ну типа она вот...",0.0
"Она говорит, она куда уехала с места?",0.0
"Говорит, покидание места ДТП.",0.0
Преступление.,0.0
"Да, да, да.",0.0
"Я говорю, ну ей плохо стало, она взяла таблетками и поехала.",0.0
"И в этот момент подходит второй мусор и говорит, полицейский.",0.0
Второй полицейский говорит...,0.0
А чё ты врёшь-то?,0.0
"Вот водитель на фуре сказал то, что ты за рулём был.",0.0
"Притом он мне сказал то, что хорошо, я так скажу.",0.0
"Я думаю, блин, ну чё ты за мудак?",0.0
Никто не пострадал.,0.0
"Нет, прикол в том, что удар пришёлся в колесо правое боковое.",0.0
"То есть то, что я как раз вырулил.",0.0
"Если бы я вырулил чуть сильнее, то просто фур бы влетела в девочку, девочек бы смяло на хуй.",0.0
Вот так никто не пострадал.,0.0
Кроме пива.,0.0
"Да, кроме пива.",0.0
"Я так обиделся, мы ехали.",0.0
Такое хорошее настроение.,0.0
"Лето, короче.",0.0
Я ехал пить.,0.0
"И все, и я думаю, ну все, пиздец.",0.0
"Я звоню пухану, все это рассказываю.",0.0
"Потом говорю, ну можно я поеду потусить?",0.0
"Он говорит, ладно, едем.",0.0
"Я думаю, ладно.",0.0
И поехал и потусил.,0.0
Нетипичная ситуация как будто для батька.,0.0
Ну да.,0.0
"Но он обиделся на меня, говорит, типа, зачем ты мне не позвонил?",0.0
Зачем ты позвонил бабушке и маме первым делом?,0.0
Все так решили.,0.0
"Я говорю, я не знаю. стал востребованным, можно так сказать.",0.0
Относительно.,0.0
"Это то чувство, к которому ты всегда стремился?",0.0
Именно чувство ты имеешь внутреннее?,0.0
Или все-таки...,0.0
"Наверное, не обязательно это прям, знаешь, к чему-то одному приводить именно.",0.0
"Это, скорее всего, комплексно.",0.0
"Это не чувство, к которому я стремился, потому что чувство, которое у меня возникает, в основном это такое, что, блин, завтра съемка, я не смогу где-нибудь потусить или что-то сделать.",0.0
"И при этом я потом вспоминаю то, что я...",0.0
Ты же этого и хотел.,0.0
Это нормально.,0.0
"Я явно к этому стремился, но есть и свои минусы тоже.",0.0
"Ты жертвуешь своим временем, ты жертвуешь какими-то интересными тусовками, новыми знакомствами, еще чем-то.",0.0
"Интересен момент того, что ты не выгораешь.",0.0
Испытываешь ли ты чувства?,0.0
"Когда ты прям такой, ну все, я больше не могу, эти все дела, это все вот.",0.0
"Ну понял, какие-то пиковые вот такие моменты.",0.0
У меня было выгорание недавно.,0.0
"Я не скажу, что это было прям выгорание-выгорание.",0.0
"Но было такое, что мне просто...",0.0
"Вот я садился, я понимал, что мне нужно написать себе сценарий.",0.0
Мне нужно написать рекламный сценарий.,0.0
И мне просто совсем не шло.,0.0
"Я просто думаю, я не хочу.",0.0
Сейчас у меня такого нет.,0.0
"Возможно, меня это, наоборот, бустит сейчас.",0.0
"Но это в силу того, что это только недавно началось относительно, что меня вот так вот часто куда-то начали звать.",0.0
"Если я, может быть, поживу так год-другой, чтобы было бы неплохо тоже, может быть, мне это будет немножко стимулировать мое выгорание.",0.0
"Вообще, первая стадия выгорания, если научным языком говорить, это безумная тяга к делу, и когда у тебя все получается, и все круто.",0.0
"Кто-то, просто не давая себе отдыха, делает куча-куча всяких проектов, вещей, параллельно.",0.0
"А вот я замечал за тобой, что ты себе выделяешь какой-то...",0.0
"Конечно, да, да.",0.0
Это очень важно.,0.0
"Если я не буду этого делать, я буду не я уже.",0.0
Это будет уже очень...,0.0
"Очень неправильно, мне кажется, по отношению к моему организму, к моей психике и к моему творческому потенциалу.",0.0
"Все деньги мира не заработаешь, как говорится.",0.0
"Меня это удивляет, знаешь почему?",0.0
"Потому что я разговаривал с энным количеством людей до этого, и они скорее все были похожи тем, что они все бесконечно бегут и стремятся к захвату вот этой, знаешь, там звезду какую-то поймать, заработать денег, стать лучше, стал лучше, стать еще лучше. культ, знаешь, вот этот постоянной продуктивности.",0.0
"Это тоже важно, но это не должно перерастать в какой-то психоз.",0.0
"Почему-то я думал, что ты тоже такой, вот знаешь.",0.0
"Слушай, я творческий человек, мне кажется.",0.0
"Это очень важно для творческого человека, давать себе отдохнуть.",0.0
Это здорово.,0.0
"Ты считаешь, это правильно или нет?",0.0
"Да, это очень правильно.",0.0
Это круто.,0.0
"Потому что, когда мы с тобой общались вот недавно буквально на дне рождения Ильи Иксайла, я тебе сказал, Сань, типа, полетели куда-нибудь месяц, и ты мне сказал, нет, я не могу, у меня очень много, мне вот нужно сейчас прям, типа, сделать, заработать столько, чтобы потом, типа, я мог комфортно существовать.",0.0
А будет ли это потом?,0.0
"Понимаешь, человеку всегда будет мало, сколько бы он ни заработал.",0.0
"Он всегда будет думать, блин, а вот есть же там другие люди, у которых еще больше.",0.0
"При этом ты не смотришь на то, чего ты уже достиг, где ты был.",0.0
В этом и проблема.,0.0
Я попался на эту историю.,0.0
Я очень долгое время своей жизни пытался добраться вот до этого всего.,0.0
Понял?,0.0
"Я очень долго в детстве там что-то смотрел, о чем-то думал, мечтал.",0.0
"И в какой-то момент я начал чувствовать, что вот оно, приходит.",0.0
"Вот я здесь, среди популярных людей.",0.0
"Вот меня зовут на этот ролик, на этот ролик.",0.0
"Туда поучаствовать, туда поучаствовать.",0.0
"Это же все, что я хотел.",0.0
"И в какой-то момент ты понимаешь, что...",0.0
"Это построилось в цепочку, где ты постоянно такой, ой, да я вот это сделаю, но потом отдохну.",0.0
"Ой, здесь еще что-то выстроилось, ну я это сейчас доделаю и потом отдохну.",0.0
"Ну и потом отдохну, ну и потом отдохну.",0.0
"И вот когда я встретил тебя, и когда мы с тобой начали разговаривать, ты такой, да я вот планирую туда поехать.",0.0
"И ты мне говоришь, может быть, мы вместе сгоняем куда-нибудь.",0.0
И я думаю в голове.,0.0
"Это вообще, это вот, ну...",0.0
"То, о чем бы я мечтал.",0.0
"Знаешь, там, взять просто сейчас с тобой, сорваться в какие-нибудь горы, там, не знаю, покататься на лошадях, что-нибудь такое сделать.",0.0
"Ну, не как в фильме «Горбатая гора».",0.0
Не именно с тобой.,0.0
"Ну, ты понял, да, направление мысли?",0.0
"Да, да.",0.0
"Но я такой, как будто бы, знаешь, у меня появляется в голове какой-то запрет.",0.0
"Ну, ты не сможешь так сделать сейчас.",0.0
"Ты не можешь с ним договориться сейчас, отдать ей, потому что там будут много-много других дел.",0.0
И к чему это меня привело?,0.0
Я начал выгорать очень жестко.,0.0
Недавно?,0.0
"Да, и я осознал это все, и я такой остановился в какой-то момент и сказал себе, ты вообще не забыл, что вот то, что есть у тебя внутри, твои собственные мысли, когда ты созидаешь, когда ты творишь, у этого ценность гораздо больше, чем у всего, что ты пытаешься вокруг достать сейчас, вырвать какими-то маленькими кусочками.",0.0
"Это тот самый случай, в который ты можешь остановиться, но из-за этого дальше прыгнуть.",0.0
"Потому что ты в момент остановки и осознания придумаешь, кто ты есть вообще еще.",0.0
"Ты же можешь перестать быть собой в какой-то момент, если ты будешь сильно очень находиться вне себя.",1.0
И я это все начал осознавать.,1.0
"Да, я тоже.",1.0
Меня очень сильно заряжает природа.,1.0
"В такие моменты, когда ты находишься где-то вне рабочего пространства, и за рабочее пространство можно взять даже город Москву просто.",1.0
"Ты очень сильно абстрагируешься от этого, и ты понимаешь в какой-то момент, что ты же просто человек, которому достаточно наслаждаться просто какими-то обычными вещами.",1.0
"Например, постоять и посмотреть пять минут просто вдаль на гору, там, или в какой-нибудь красивый лес, или просто на море какое-нибудь.",1.0
Вот.,1.0
"А есть люди, которые не умеют так делать.",1.0
"То есть, ну, они будут смотреть и думать, да, море, ага.",1.0
"А так у меня же там еще есть дела, так, мне же нужно было закрыть это, у меня там встречи будут.",1.0
Так у меня же море дел.,1.0
"Да, у меня же море дел, да.",1.0
"Я думаю, нужно научиться дать своему мозгу расслабиться и просто, как бы это ни звучало банально, жить в моменте, наслаждаться моментом.",1.0
"Наступает 2024 год, а это значит, что нам пора украшать свою новогоднюю елку.",0.0
"Ведь именно елка является тем самым инструментом, который дарит нам то самое новогоднее настроение.",0.0
"И сегодня я расскажу вам, как создать идеальную елку.",0.0
"Для этого нам понадобится обычная елка, новогодние шары, яркая гирлянда, блестящая мишура и подарки для близких людей.",0.0
Готово!,0.0
Теперь мы имеем отличное праздничное настроение.,0.0
Также Новый год – это время перемен.,0.0
"Уверен, что каждый из вас уже задумал цели, которые он обязательно осуществит в этом новом году.",0.0
"И как и с Ёлкой, для того, чтобы иметь идеальный сотовый тариф, тебе нужно сконструировать его самостоятельно.",0.0
И в этом тебе поможет Йота.,0.0
"Идеальный тариф состоит из нужного количества гигабайт, определенного количества минут на звонки, хорошего, качественного соединения, а также безлимит на те приложения, которыми вы пользуетесь чаще всего.",0.0
"Давайте дадим себе обещание в новом году не переплачивать за лишние услуги. и определиться с тем, что вам действительно нужно.",0.0
И в этом вам поможет тариф максимум от Yota.,0.0
"2000 минут, 50 гигабайт интернета и безлимит на все приложения.",0.0
И все это всего за 399 рублей на первый месяц.,0.0
"Не ограничивая себя в связи, ты сможешь лучше понять свои истинные потребности.",0.0
"И после, как я уже говорил, сможешь сконструировать свой собственный тариф вместе с Yota.",0.0
"Плати только за то, чем пользуешься, ведь с Yota можно.",0.0
Какое в твоей жизни вообще деньги занимают место?,0.0
"Ну, не первое и не последнее.",0.0
"Естественно, я понимаю, что это очень важный ресурс.",0.0
Но я как-то спокойно к этому отношусь.,0.0
Спокойно относишься к деньгам?,0.0
Да.,0.0
"В детстве, я помню, я постоянно мне там давали деньги.",0.0
"Я их умел отлично откладывать, короче.",0.0
Давали деньги мне.,0.0
"Мам дарили, условно, и сестренки мои.",0.0
"Она сразу затратила на какие-нибудь конфеты, а я складывал их, короче.",0.0
"Вообще вплоть до того, я прям в детстве очень любил деньги.",0.0
"Прям вот буквально любил, я их гладил этим утюгом, складывал.",0.0
"У меня была какая-то там копилка, банк, вот это все.",0.0
У меня были...,0.0
"Ты застал время, когда были копилки такие, знаешь, которые разбивать нужно было?",0.0
"Конечно, конечно.",0.0
Вот.,0.0
"То есть я как-то всегда умел их копить и откладывать, и потом что-то покупал себе.",0.0
"В детстве были какие-нибудь, не знаю...",0.0
"Игрушки, наверное.",0.0
"Потом уже, как стало постарше, вещи какие-нибудь.",0.0
"Но изначально, когда я вообще все это начинал делать, у меня даже мысли не было о том, что я буду на этом как-то зарабатывать.",0.0
"Я просто делал, потому что мне в кайф.",0.0
И сейчас так же.,0.0
"Я думаю, когда ты начнешь делать это ради денег, ну, это убьет вот эту вот искорку творчества.",0.0
Искорку оригинальности.,0.0
"Потому что это будет, ну, знаешь, штука, поставленная на конвейер.",0.0
"Я сам замечал это, когда там, знаешь, нужно...",0.0
Придумать много рекламы.,0.0
Ты как-то уже начинаешь делать это.,0.0
Теряется качество.,0.0
"То есть можно сказать, что у тебя какие-то вообще были финансовые цели, когда ты, например, просто задумывался о том, что я бы хотел заработать на что-то.",0.0
Я бы хотел иметь свое что-то.,0.0
Такие были мысли?,0.0
"Ну, сейчас я думаю машину купить себе.",0.0
"Пока, наверное, это моя самая первая серьезная цель.",0.0
"Финальная цель вообще наслаждаться тем, что я делаю, наслаждаться жизнью, я думаю.",0.0
"Деньги в этом могут помочь, слава, известность может в этом помочь.",0.0
То есть я на это больше так смотрю.,0.0
"Интересно, что является твоим двигателем в жизни?",0.0
"Ну это точно не деньги сами, 100% не деньги.",0.0
"Деньги, естественно, тоже присутствуют, но... не так сильно.",0.0
"Я вот не знаю, мне просто нравится в какой-то мере известность больше, потому что я понимаю, если будет известность, будут деньги.",0.0
"Как бы это уже второстепенно, это выходящее следствие известности, скажем так.",0.0
То есть я на это больше так смотрю.,0.0
Хочется быть услышанным.,0.0
"Есть какие-то вещи, которые, я думаю, можно было бы, скажем так, пропагандировать.",0.0
"То есть я понимаю то, что у меня есть влияние на аудиторию и хочется, чтобы...",0.0
То есть на тебя в любом случае растут люди.,0.0
"Тебя смотрят, с тебя что-то впитывают.",0.0
И хочется показывать хороший пример.,0.0
"Я вот ставки никогда не рекламировал, хотя мог бы.",0.0
"Прикинь, сколько бы я заработал бабок, сколько у меня было денег.",0.0
"Это показывает то, что у меня крутой контент?",0.0
"Или я там, не знаю, классный парень?",0.0
Ни хрена.,0.0
"Это просто показывает то, что у меня много денег.",0.0
"Кстати, вот интересно.",0.0
"То есть у тебя есть... какое-то ощущение совести в этот момент, или как это работает?",0.0
"Ну, я думаю, да просто как-то для меня ставки, я не знаю, когда вижу людей, которые перегоняют, там, не знаю, трафик, да, вот там, заходите, там, сегодня играет, там, тот-то, тот-то с тем-то, тем-то, мне это отвращение вызывает, честно говоря.",0.0
"Но это связано с тем, что ты думаешь о людях?",0.0
"Да, я не хочу, конечно, ты же, ты же, может быть, будешь толчком к банкротству человека, например.",0.0
"Я бы хотел жить в доме, когда буду взрослым, когда будет семья.",0.0
"У меня прям цель, если говорить о целях, это дом.",0.0
"Просто это не та цель, о которой я постоянно думаю и работаю ради этой цели.",0.0
"Это та цель, которую я просто держу в голове.",0.0
"Это то, что, как я вижу, например, свою старость.",0.0
"То есть ты хотел бы жить в доме, не в квартире?",0.0
"Да, сто процентов.",0.0
Сто процентов.,0.0
"Когда у меня будет семья, дети, сто процентов будет собака.",0.0
"Может, еще пара животных каких-то.",0.0
"Так, ну погоди, пока здесь посиди.",0.0
Сейчас.,0.0
"Блин, чувства у меня сейчас пойдут просто в башку стрелять.",0.0
"Сейчас, подожди.",0.0
Мы как раз хотели змея запустить.,0.0
В машину их выбучить и на тарелке принести.,0.0
Она все видела.,0.0
"Окей, я готов.",0.0
"Короче, я из общества по защите и домогательству лошадей, и ты только что показал лошади, я заснял это.",0.0
Она не видела у меня плохое зрение.,0.0
"Я заснял это на камеру, поэтому...",0.0
Ты должен...,0.0
Ты ему ничего не докажешь.,0.0
Нам вот туда.,0.0
Куда?,0.0
"Ну, вон туда.",0.0
Туда?,0.0
К коням?,0.0
"Они, кстати, заметили нас.",0.0
Да.,0.0
"Подожди, что-то они это...",0.0
"Стой, стой, стой, стой.",0.0
"Не, иди, не, иди.",0.0
Что-то они навострились очень.,0.0
Можно идти?,0.0
А я не знаю.,0.0
Ты боишься за свою безопасность?,0.0
"Да нет, лошади вроде не агрессивные.",0.0
Главное сзади не подходить к ним.,0.0
"Стой, тут под напряжением забор.",0.0
Я тоже так думаю.,0.0
"Да, он под напряжением.",0.0
Как он умер?,0.0
Он умер красиво.,0.0
"Вот этот забор мы построили, он под напряжением.",0.0
"Твоя задача, во-первых, придумать, как это напряжение снять от забора, потом перелезть туда и оседлать одну из лошадей и на ней выехать.",0.0
И мы потом поедем уже в лес на лошадях.,0.0
Ладно.,0.0
Так.,0.0
Одну из лошадей мне нужно выбрать.,0.0
Но забор реально под напряжением.,0.0
"Я понял, я понял.",0.0
Он прям под сильным напряжением.,0.0
"Ты его не трогай, я имею в виду про это.",0.0
"Но мне нужно сначала напряжение, да, снять с забора?",0.0
Или я могу как-то перелезть туда?,0.0
Мне нужно сначала снять напряжение и подр***л.,0.0
Нет.,0.0
Слушай.,0.0
"Ну, типа, мне обязательно нужно выключить напряжение, правильно, как-то?",0.0
Или нет?,0.0
"Знаешь, я просто...",0.0
"Я просто остановился, увидел это.",0.0
Серьезно?,0.0
Сука.,0.0
У меня тут...,0.0
"Я просто, знаешь, задумался, в какой момент мне стоит тебя остановить, а потом подумал, блин, а может, я остановлюсь?",0.0
"А может, я остановлюсь?",0.0
"Это нормально, это хорошо.",0.0
"И просто издалека снимать, как, знаешь, сторож выфекает, и ты ему говоришь, где у вас тут напряжение снять, я хочу лошадь вывести.",0.0
А что мне делать тогда?,0.0
Зачем я сюда привел?,0.0
"Или ты меня наебал, что ты меня наебал, и все-таки мне реально нужно снять напряжение?",0.0
"Все, я же ебаный сейчас.",0.0
"Да нет, ну пойдем.",0.0
Я до последнего думаю.,0.0
Нам здесь нечего делать на самом деле.,0.0
"Я не верю, мне кажется, что-то есть.",0.0
Да нет.,0.0
На самом деле в одной из этих...,0.0
"Это костюмы, да?",0.0
"В одной из этих лошадей спрятан миллион, и ты от него отказался.",0.0
А ты...,0.0
Вот такой у меня к тебе вопрос.,0.0
"Ты себя... в детстве представлял кем-то в будущем, типа, кем я буду, к чему я стремлюсь?",0.0
"Было что-то в прошлом, что тебя цепляло, там, например?",0.0
"Ну, я в детстве, как и многие, думаю, дети, интересовался очень сильно динозаврами.",0.0
"Я вот прям без шуток, я знал, мне кажется, каждого динозавра.",0.0
Какой тебе больше всего нравится динозавров?,0.0
Я всех забыл.,0.0
"Ну, я помню, там, типа, трицератоп, всякий диплодок, там еще что-то было.",0.0
"Ну, если форменно представить, есть динозавр с большой шеей?",0.0
"Мне нравились хищники, естественно.",0.0
"Типа, ты же ребенок, тебе кажется крутым динозавром, который жрет других динозавров.",0.0
"Эти там диплодоки с длинными головами, ну, типа, скучно.",0.0
"У меня была куча игрушек динозавров, у меня была куча книжек с динозаврами.",0.0
Вот.,0.0
Я хотел стать палеонтологом.,0.0
Я хотел заниматься раскопками.,0.0
"Я помню, как я выходил на улицу, брал с собой кисточку, там же лопатку какую-то, и просто перед домом стоял и копал яму.",0.0
"И что-то находил, какие-то камни.",0.0
"По-моему, нашел какую-то вазу.",0.0
"Нашел череп коровы, кажется.",0.0
И для меня это было круто.,0.0
"Я, типа, смотрел, как это делается профессионалами в книжках.",0.0
"Я там нахожу череп и начинаю, типа, аккуратненько...",0.0
Мне прямо это доставляло большое удовольствие.,0.0
Вот.,0.0
"Хотел стать строителем, я помню.",0.0
Представляешь?,0.0
Я очень сильно вдохновился.,0.0
"Нам что-то строили, типа, баню.",0.0
"Я смотрел, как это все возводится.",0.0
"Я думаю, блин, как круто, когда из ничего вырастает дом. в которой мы живем.",0.0
Это же прикольно.,0.0
"И я помню, у меня отец покупал типа раствор для бетона, кирпичи, и я строил на территории маленький домик себе даже.",0.0
"Помню, была яма у меня большая.",0.0
Тоже вырыл яму себе.,0.0
"Ну, то есть она была выше моего роста на тот момент.",0.0
Была очень глубокая яма.,0.0
"Я остановился, когда уперся в какую-то породу очень твердую, которую я не мог раскопать.",0.0
"А мои родители, ну, когда я их попросил, типа, можете дальше ко мне сказать, что я, нет, мы этим заниматься не будем.",0.0
Вот.,0.0
"У меня была яма, в которой, я помню, я летом запрыгивал, там было очень холодно.",0.0
В какой-то момент я сделал из нее погреб.,0.0
Накрыл чем-то?,0.0
"Да, я накрыл ее какой-то херней.",0.0
"И думаю, я типа, знаешь, как бабушки маринуют там что-то.",0.0
"Я туда закинул Несквик, помню, или что-то такое.",0.0
"Типа, не знаю, я хотел это сохранить до следующего лета.",0.0
"Я все протухло, конечно.",0.0
А потом яму закопали.,0.0
"А, еще в детстве, я помню, в садике я тоже рыл подкоп.",0.0
"Сейчас только вспомню, давно это не вспоминал.",0.0
"Я вообще не помню, я реально очень много ямы рыл, я сейчас понимаю, в детстве.",0.0
"Я вырыл яму под заборчиком из садика, и типа я мог вылазить из садика через эту яму.",0.0
Потом ее закопали.,0.0
Откуда у тебя это рвение?,0.0
Я не знаю.,0.0
Как-то мне это доставляло удовольствие просто.,0.0
Процесс?,0.0
"Да, как-то меня всегда завораживало.",0.0
"Я смотрел, как там экскаваторы копают ямы.",0.0
"Думаю, блин, прикольно.",0.0
Типа какая там внутри дальше порода.,0.0
"Типа ты там копаешь, смотришь, вау, глина, вау, там еще какие-то камни.",0.0
"Думаю, прикольно.",0.0
Вдруг динозавра найдут.,0.0
"А время, с которого ты примерно себя помнишь, хорошо, вот там школьные какие-то годы?",0.0
"Я думаю, класс шестой.",0.0
Где-то так.,0.0
"Наверное, в школе у тебя тоже не было проблем в общении с людьми?",0.0
"В школе нет, у нас хорошая дружная школа была.",0.0
"У меня были проблемы с учебой, я вообще не учился.",0.0
Мне это было абсолютно неинтересно.,0.0
Где-то после пятого класса все у меня просто начало идти по пи***.,0.0
А расскажи подробнее.,0.0
"Ну, я не знаю, просто в какой-то момент меня начали интересовать какие-то другие вещи.",0.0
"Я сидел на уроках, либо в телефоне залипал, я там сидел на 2Ч, помню.",0.0
Либо еще очень просто...,0.0
"Встречал в какие-то игры играл, когда там совсем маленький.",0.0
"Потом что-то в интернете сделал, рисовал постоянно.",0.0
"Я всегда садился на заднюю парту, всегда.",0.0
"Я, типа, сажусь, там, знаешь, там, накрываю, какой-нибудь пенал выстраиваю, типа, сижу сам в телефоне, типа, рисую что-нибудь.",0.0
"Главное, не дай мне.",0.0
Да.,0.0
Вот.,0.0
"И мне сколько, там, недели замечаний, сколько там моим родителям говорили, это было бесполезно абсолютно.",0.0
"Я понимал то, что вот даже тогда я понимал то, что, ну, мне это не пригодится как будто бы.",0.0
"Еще я как бы играл роль того, что, возможно, что я всегда думал то, что... типа, блин, нахрена мне это надо делать?",0.0
"У меня есть уже дело у отца, которое я продолжу потом.",0.0
Мне там как бы не нужна особо математика.,0.0
"Я понял, ну ладно, русский язык там нужен, понятно, для чего.",0.0
"Я всегда говорил, ну зачем мне нужно там уметь что-то там вычислять, если...",0.0
"Ну, географию, ладно.",0.0
"Зачем что-то вычислять, если у меня вот, у меня есть телефон, есть калькулятор.",0.0
"Либо там я говорю, я могу на себя нанять человека какого-нибудь, который будет за меня делать какую-то работу.",0.0
"Я буду просто деньги платить за это, и все.",0.0
"И это действительно так, мне кажется, должно работать.",0.0
"Типа, ты должен распределить и делегировать какие-то вещи, которые не умеешь делать ты, на других людей.",0.0
"И все, тогда у тебя будет замечательно построенный бизнес.",0.0
А в какой момент была пиковая точка этого всего?,0.0
"Да, что как я не учился?",0.0
Да.,0.0
"Ну, типа, ты говоришь, что ты плавно скатывался, скатывался, скатывался.",0.0
"Да, я не знаю, просто в какой-то момент мне сказали Шей Мухаммедов, мы тебя не сможем взять в 10 класс со школы, типа, и все.",0.0
"У меня там вроде родители просили, чтобы я остался, они говорят, нет, ну, типа, он нифига не учится, типа, пускай идет там в колледж или куда-то.",0.0
Я пошел в колледж. в котором тоже про*****.,0.0
Естественно.,0.0
"И единственная учеба, где мне нравилось действительно учиться, где мне было интересно, это в Москве, когда я переехал в Москву, я здесь отучился на дизайнера интерьера, в британской высшей школе дизайна.",0.0
Там действительно интересно.,0.0
Там уже это все по-другому было.,0.0
А почему дизайн?,0.0
"Ну, мне это было интересно.",0.0
Это совершенно другое.,0.0
"Там уже, то есть это хорошее, это самая, насколько я знаю, одна из самых лучших школ в России точно по дизайну.",0.0
"Да, там просто очень круто, там очень красиво, там все располагает к тому, чтобы ты учился.",0.0
"Я вот, более того, я даже хочу опять пойти учиться в британку, просто, ну, куда-нибудь, просто чтобы там потусить, потому что там очень классный вайб, в принципе, на арт-плее.",0.0
"Учишься, все спокойно, там тебя особо не запаривает домашка, тебе интересно, ты выходишь на переменах, на какие-то, там куча кофейн разных рестиков, ты выходишь, там пьешь кофе, болтаешь с взрослыми интересными людьми.",0.0
Мне это нравилось.,0.0
Вот.,0.0
И ты закончил это?,0.0
"Я закончил, да.",0.0
Хорошо закончил?,0.0
"Да, достаточно неплохо закончил.",0.0
"Почему, если ты так хорошо в этом направлении развивался, ты не стал в этом направлении работать?",0.0
"Вообще изначально я пошел для какой-то насмотренности, чтобы потом это возможно как-то, когда я там, например, буду открывать свой бизнес, чтобы я мог туда внедрить свои знания.",0.0
Вот.,0.0
"А потом я подумал, что, блин, а это прикольно тоже, можно пойти работать.",0.0
"Но было очень тяжело найти что-то, на самом деле.",0.0
Я пытался найти долгое время работу хотя бы просто подмастерья какого-нибудь там в какой-нибудь студии дизайна или просто у какого-нибудь классного дизайнера.,0.0
Ни хера не получается.,0.0
"Я помню, я нашел какую-то девушку, она мне говорит, хорошо, сделай мне вот эти типа план квартиры и дизайн квартиры.",0.0
"А я, блядь, не умею это делать, я еще ни разу этого не делал, и я как бы пришел к тебе, чтобы этому научиться.",0.0
"Она мне это говорит, у меня чуть ли не нервный срыв случился.",0.0
"Я думаю, да что за пи***ц?",0.0
"Плюс там, честно сказать, деньги, которые, там хорошие деньги, но деньги, которые ты зарабатываешь, там, ты можешь 3 месяца, там, 6 месяцев вести какой-то проект и заработать сумму, которую я могу заработать, просто сняв одно видео рекламное, понимаешь?",0.0
"Мне вот это легче, мне это приятнее, зачем мне нужно этим заниматься?",0.0
"Дизайн интерьера, это круто, когда у тебя свое агентство большое есть.",0.0
Вот это прикольно.,0.0
"Алиса, включи свет.",0.0
Надо как-то расслабиться.,0.0
"Алиса, выключи свет.",0.0
Что ты здесь делаешь?,0.0
"Да, мне просто интересно, что ты делаешь посреди ночи в своем телефоне.",0.0
Я играю в Плюс Сити от Яндекс Плюса.,0.0
"Это мобильная игра, в которой ты можешь развивать свой город, играть в крутые мини-игры и выполнять задания, используя сервисы Яндекса.",0.0
"Кстати, хочу вам показать город.",0.0
"До того, как я начал его развивать, он выглядел примерно вот так.",0.0
"Ты просто пользуешься доставкой в реальном мире, и это влияет на прогресс в игре.",0.0
"Или стоит, например, проехать на такси, послушать любимый плейлист в Яндекс.Музыке, посмотреть фильм на Кинопоиске.",0.0
Ну или заказать продукты из Яндекс.Лавки.,0.0
"Как тут же в игре появится новый домик, декор или ты сможешь поселить нового персонажа.",0.0
А вот так мой город выглядит сейчас.,0.0
"И вот как раз я самые домики, которые я получил за сервисы, которыми я пользовался в жизни.",0.0
"Итак, Новый год приближается.",0.0
И так хочется поймать этот праздничный вайб.,0.0
И в Плюс Сити как раз обновление.,0.0
"Карта стала снежной, новогодней.",0.0
Сразу хочется дарить подарки своим близким.,0.0
"Кстати, их ты можешь заказать на Яндекс.Маркете, тем самым выполнить задание в игре.",0.0
Еще там появилась новая крутая игра под названием Комбинатор.,0.0
В ней тебе нужно соединять одинаковые предметы и получать предметы более высокого уровня.,0.0
"Например, соединяем два пластиковых стаканчика, два хороших кофе, соединяем кофе с собой и получаем эспрессо.",0.0
Ну а потом и американо.,0.0
"Ну а дальше, соединяя ростки вместе с собой, получаем саженец и выполняем заказ нашего жителя, получая за это награду.",0.0
"Слушай, ну мне нравится, я тоже хочу свой город.",0.0
"Тогда несите на свой телефон, и мы сможем скачать эту игру по ссылке в описании.",0.0
"Пока мы просто дойдем до машины, И переоденемся, потому что у нас будет выживание в дикой природе.",1.0
И мы должны соответственно выглядеть.,1.0
Есть ощущение какое-то предвкушение?,1.0
Вообще дикое.,1.0
"Игорь, мне уже нравится.",1.0
Нам нужно будет сейчас вот туда добраться.,1.0
"Давай, пойдем.",1.0
Пешком пойдем?,1.0
"Да, можем, я не знаю.",1.0
Можем пешком.,1.0
Есть просто варик один.,1.0
С мужиком?,1.0
Ну да.,1.0
"Сзади, да, в люльке?",1.0
Да.,1.0
Вот спрашиваешь.,1.0
Здрасте.,1.0
Вариант до леса с вами добраться.,1.0
Трогаем.,1.0
Ну я в очень сильном предвкушении.,1.0
"Не знаю, мне прям уже очень нравится.",1.0
Я просто раньше очень любил смотреть как раз передачи с Вэром Грилсом.,1.0
"Такие типа, да, я обожал, типа Discovery Channel.",0.0
"Всегда смотрел, как он строил какие-то палатки, еще что-то.",0.0
Меня всегда завлекало это.,0.0
"Так что я думаю, я бы кайфанул, если бы потерялся.",0.0
Особенно с тобой.,0.0
"А можешь записать подводку, как будто ты биогриллс?",0.0
"Блин, давай подумаем.",0.0
"С вами я, Янчик Гриллс.",0.0
И мой оператор Александр...,0.0
Гриллс тоже не очень оригинальный.,0.0
Это мой брат.,0.0
Мы отправляемся сегодня с вами в путешествие в лес.,0.0
"Как видите, мы подготовились, взяли с собой рюкзаки.",0.0
"Возможно, найдем пару симпатичных девушек, познакомимся с ними, мило посетим у костра, пожарим медведя.",0.0
"Ну и кайфанем, наконец.",0.0
Ради этого мы с вами сегодня здесь.,0.0
Бэр Гриллс.,0.0
Сегодня мы отправимся в самый обычный российский подмосковный лес.,0.0
И постараемся выжить любой ценой.,0.0
Мы прибыли.,0.0
Давай сзади спустимся тогда.,0.0
Кувров сделал.,0.0
"Как в паркуре, чтобы правильно появляться.",0.0
"Ладно, если что, передадите нашим женщинам, что мы их любим.",0.0
"Да, всем моим женщинам.",0.0
Обязательно.,0.0
Моей маме хотя бы.,0.0
"До свидания, спасибо.",0.0
"Саня, я думал, ты исчез, я тебя просто за деревом потерял, прикинь, как я...",0.0
"Я просто поворачиваюсь, никого нет, я вижу просто дерево, и тебя за деревом не видно, короче.",0.0
"Я на секунду подумал, что это какой-то пранк, специально все это подготовил.",0.0
"Расскажи про музыку, Ян, давай, давай.",0.0
"А я думал, ты подумал, что типа ты придумал меня.",0.0
Так мы же и есть один человек.,0.0
"Прикинь, на самом деле, я реально сейчас один просто по лесу хожу.",0.0
А я твой воображаемый оператор?,0.0
"Да, да.",0.0
"Такс, вот, видимо, впереди как раз нас ожидает болото.",0.0
"Там уж Рэк, скорее всего.",0.0
Сказочные твари!,0.0
Не суетесь на мое болото!,0.0
"Так, я тогда пока еды добуду, а ты можешь шахту начать копать.",0.0
— Верстак сделаешь тогда?,0.0
"— Ну да, надо сейчас это.",0.0
— Навеивают тебе все это какие-то воспоминания?,0.0
"— Ну что-то есть такое, да, из детства.",0.0
"Слушай, я даже не помню, когда я прям в лесу был, вот именно в лесу.",0.0
"Блин, вообще кайф.",0.0
"Это прям, спасибо большое за такой формат, я прям обожаю такое.",0.0
— А ты давно любишь электронную музыку?,0.0
— С детства.,0.0
Я...,0.0
"Мне кажется, полюбил ее прям очень в раннем возрасте, лет 5, может даже в 4 годика.",0.0
Я лежал в машине у родителей.,0.0
"Была ночь, мы откуда-то приехали.",0.0
"И знаешь, я на таком классном вайбе, когда-то вернулся с какого-то отдыха, кажется, домой.",0.0
Прям поздно ночью приехал из аэропорта.,0.0
"Они в какой-то магазин зашли, я лежу на заднем сиденье вот так вот и смотрю, там сверху панорамное окно.",0.0
"И играл трек, я не помню, как он называется.",0.0
"И я прям очень сильно заворажился в тот момент, смотря на звезды, и меня прям очень сильно зацепил трек.",0.0
"Потом, когда я его услышал опять на радио, я прям такой, ой, мама, вот эта песенка.",0.0
"Подожди, а ты, получается, не было момента, когда там слушал рэп, когда все слушали рэп?",0.0
"Нет, вообще, когда слушали рэп, я его хейтил жестко, когда не было популярно хейтить рэп.",0.0
"А когда его начали хейтить, мне началось нравиться, знаешь, типа, Витяк.",0.0
"Я слушал рэп, но я такой любил, типа, я услышал ТВЖ, Контейнер, там, Паша Техника, вот такие всякие.",0.0
"Вот, но раньше я слушал баслайн вообще такой, 4 на 4 хороший.",0.0
Прям такой кисленький.,0.0
"Сейчас я такой не могу, слушай, сейчас для меня это слишком кисло, и...",0.0
"Ну, типа, ты же вот как взрослеешь, у тебя меняются вкусы в музыке, но у меня они меняются именно в электронной музыке.",0.0
"Сейчас я люблю более такое, типа, спокойно, более взрослый такой хаос, скажем так.",0.0
"Ох, стоп.",0.0
У тебя порвалась эта держалка.,0.0
Да ладно.,0.0
Да.,0.0
"Блин, вот этого не хватало еще.",0.0
"Блин, ну вот, короче, я скачал в 2015 году или в 2014, Fruity Loops.",0.0
Угу.,0.0
"Вот, я скачал фрукт, начал писать.",0.0
"Сначала я писал какой-то, ну, типа, я совсем ничего не имел.",0.0
"Более того, я вообще не смотрел никакие уроки на YouTube, я просто кликал там по кнопкам.",0.0
"Вот, и...",0.0
Я писал Big Room или что-то такое похожее больше.,0.0
"Такое, типа, попсовый стиль.",0.0
"Ну, раньше как бы еще нормально было.",0.0
Вот.,0.0
Потом потихоньку начал делать что-то похожее на бас-лайн такое больше.,0.0
Дело какое-то с...,0.0
Всякие штуки с таким более агрессивным басом.,0.0
Помню потом.,0.0
Я слушал ребят из ЮАР.,0.0
Вот.,0.0
"А мне очень нравился стиль, в котором они делают.",0.0
Я делал в похожем стиле.,0.0
В России вообще никто такого не делал.,0.0
"Такой, типа, южноафриканский дип-хаус с таким очень бурлящим, жирным басом, похожим на, не знаю, звучание ядерного реактора.",0.0
Вот.,0.0
И я делал с ними пару этих коллабов даже.,0.0
Вот.,0.0
"И у меня пару треков даже крутили на каком-то их местном радио, короче.",0.0
Ого.,0.0
Да.,0.0
"Ну, радио, знаешь, такое, типа, тоже хаосовое.",0.0
"It's boy from Russia, бабушка.",0.0
"И тебе поставили мой трек, и такие, ну, неплохо.",0.0
"Вот, для меня тогда было, типа, ебать как круто.",0.0
"Так, ладно, сейчас я не могу просто несколько вещей одновременно делать.",0.0
"Надо понять вообще, что.",0.0
"Я, короче, вообще ху**у зацепил, мне кажется.",0.0
"Не, нормально.",0.0
Нормально?,0.0
"Так, что вообще, как у нас было-то здесь все?",0.0
Вот это что такое?,0.0
"Вот это можно в карман убрать, это огниво.",0.0
"Ааа, ни х**я себе.",0.0
Ты умеешь им пользоваться?,0.0
"Нет, я еще первый раз в жизни его вижу.",0.0
"Ну да, я вижу, ладно, щелкать.",0.0
Знаешь?,0.0
Только есть один момент.,0.0
Подожди.,0.0
"Тут есть один момент, ты должен не бить по нему, а вставить как бы эту штуку.",0.0
"Вот поставь, как будто ты ножом, понял, вот так вот делаешь.",0.0
Вот так?,0.0
"Да, да, и сильно.",0.0
"О-о-о, еще, ну-ка.",0.0
Офигеть.,0.0
Офигеть.,0.0
Как круто.,0.0
"Все, ладно, хорошо, а то мы не вышивем.",0.0
"Ну да, кайф.",0.0
"Так, ладно, это надо куда-нибудь прям припрятать хорошенько.",0.0
— Ты как будто батя понял.,0.0
"— Держи нормально, б***ь!",0.0
"Свети сюда, б***ь!",0.0
"— Ну вот это, х**, я бы куда-нибудь, конечно...",0.0
"— Ладно, раз мы уже остановились, я достану аккумулятор тогда тоже.",0.0
— Ладно.,0.0
— Ты себя не почувствовал на секунду режиссером порно?,0.0
Мне как раз нужны аккумуляторы.,0.0
Ты прям смотришь так снизу в эфир.,0.0
"Блин, я забыл аккумуляторы.",0.0
"Кажется, я даже не знаю, как я смогу с этой съемкой, как я смогу ее закрыть.",0.0
У меня так много долгов.,0.0
"Я так много постоянно снимаю, и мне так мало платят.",0.0
"Александр Александрович, вот он собирается в поход.",0.0
"Взяли решеточку, места.",0.0
Водочки прихватили.,0.0
Это обязательно.,0.0
Жен оставили.,0.0
"Жен оставили, конечно.",0.0
Зачем нам жены-то?,0.0
Нужны Санечки-то.,0.0
Тут и так змей достаточно.,0.0
Тут и так.,0.0
"Саня, б***ь, давай.",0.0
И дерево падает.,0.0
"Это, знаешь, если я чувствую типами, которые, помнишь, видалось там два чувака на острове, показалось, там дом стоит.",0.0
Который били его?,0.0
Да.,0.0
"Да, и б***ь.",0.0
"О, все.",0.0
А мы взяли компас какой-нибудь с собой?,0.0
"Просто компас как будто бы прям, ну очень нужная вещь в таких случаях.",0.0
А ты умеешь им пользоваться?,0.0
"Ну нет, я думал, ты умеешь.",0.0
Верни какая будет новость.,0.0
"Два блогера, типа, умерли в лесу, просто потеряли.",0.0
Пошли снимать подкаст.,0.0
"Ну ахуеть, что потом они найдут эту камеру, и это как фильм будет потом инхронизировать.",0.0
"Так что мы умрем, как бы, но не просто.",0.0
"Ну там что-то похоже на пушку какую-то, кажется, есть.",0.0
"Вот к чему, к чему, Саня, вот к такому я точно готов не был.",0.0
Это меня звал на подкаст к себе.,0.0
"Блять, ну они все выше и выше становятся, Саня.",0.0
"Ну ладно, мы еще не дошли до берез, конечно.",0.0
"Знаешь, я, когда я это себе представлял, я не ожидал, что мы с таким встретимся.",0.0
"Да, я тоже думал, что это будет, но просто поход.",0.0
"Блять, даже не поход-то.",0.0
"Ладно, давай попробуем вам туда пройти.",0.0
"Мне непонятно, в какой момент ты начал вообще проявлять себя как медийная личность.",0.0
Я переехал в Москву.,0.0
"Мне купили новый телефон, типа последний айфон.",0.0
"Я думаю, камера хорошая, может что-то снимать.",0.0
А мне просто нравилось снимать.,0.0
Я умел монтировать.,0.0
У меня были какие-то мысли в голове.,0.0
"И так получилось, что моя сестра залипала в ТикТоке.",0.0
"Я говорю, что это такое?",0.0
Я слышал ТикТок.,0.0
"Я знаю примерно, что это такое.",0.0
Я начал смотреть.,0.0
Мне начали импонировать какие-то иностранные ребята.,0.0
Иностранные скетчеры.,0.0
Я смотрел российский контент.,0.0
"Думал, что за пи***ц.",0.0
Танцульки какие-то.,0.0
Кто-то открывает губы.,0.0
Это же неинтересно смотреть.,0.0
"Мне был интерес смотреть за ребятами, которые делали что-то оригинальное, что-то творческое.",0.0
"И я подумал, типа, у меня есть похожая идея.",0.0
Можно что-то такое сделать.,0.0
И начал делать просто.,0.0
Поначалу это слабо залетело.,0.0
"Нет, это залетело почти сразу, но это залетело не у меня на аккаунте. начал разлетаться по всяким пабликам, типа в МДК залили, еще куда-то, всякие миллионники.",0.0
Я начал клеить огромные вот руки с моим именем.,0.0
"Все равно никто не знал, кто я.",0.0
"И у меня было очень мало подписчиков, там по 10 тысяч просмотров, по 200 тысяч.",0.0
"В какой-то момент просто это росло-росло, и вот доросло до такого уровня достаточно спокойно, достаточно органично.",0.0
Ты не преследовал какие-то цели?,0.0
"Нет, я даже не думал, что я как-то буду блогером, или я буду на этом заработать.",0.0
"Я помню, я продал свою первую рекламу, за 30 тысяч рублей в ТикТоке.",0.0
"И на тот момент уже, кажется, были миллионы просмотров.",0.0
Или около того.,0.0
"И я подумал, охренеть, так можно же просто снять видео и получить 30 тысяч рублей.",0.0
"И на секундочку, это действительно немаленькие деньги, в принципе.",0.0
И все.,0.0
И тогда мне это очень сильно зацепило.,0.0
"Я думал, значит, можно идти в ту сторону и потом еще сильнее зарабатывать с этого.",0.0
Ты это начал развивать?,0.0
Да.,0.0
"А ты, придумывая ролики, берешь это всегда изнутри, из головы.",0.0
"То есть ты сидишь, ты занимаешься каким-то заимствованием откуда-то.",0.0
"Классный ролик сняли, можно взять эту идею и попробовать ее чуть-чуть разогнать.",0.0
Такое тоже бывает.,0.0
Но в основном из головы.,0.0
Просто из головы.,0.0
"Вообще есть интересная теория о том, что все уже существует в данный момент во всеобщем пространстве, вся информация уже есть.",0.0
И ты просто как...,0.0
Как это правильно сказать?,0.0
"Как приемник, который принимает это и выцепляет какие-то мысли.",0.0
"Потому что иногда я сам не могу ответить на вопрос, откуда у меня вообще эта мысль родилась.",0.0
"У меня бывает такое, что я лежу, разгоняю что-то перед сном.",0.0
"В момент я засыпаю, у меня все равно крутятся мысли.",0.0
"У меня в момент раз, не знаю, пять диалогов разных в голове.",0.0
"Причем я не понимаю, откуда они, люди просто разговаривают.",0.0
"Я не думаю об этом, это не мои мысли, но они откуда-то есть.",0.0
И я в какой-то момент могу просто выцепить ее.,0.0
"Почему там сейчас был диалог о кружке, например, какой-то?",0.0
Хотя я вообще сплю.,0.0
Причем здесь кружка?,0.0
Я начинаю разгонять что-то.,0.0
Бывает так получается.,0.0
Откуда эти мысли берутся?,0.0
"Это не связано с тем, что ты прям буквально за этим наблюдаешь?",0.0
"Не, ну ты просто лежишь, думаешь о чем-то своем и, как это называется, типа монотонно где-то у тебя на фоне какие-то идут другие мысли.",0.0
Не обязательно вот именно твои какие-то о работе или еще о чем-то.,0.0
Просто какие-то левые рандомные мысли.,0.0
Откуда это берется?,0.0
Тоже интересный момент.,0.0
"Ты начинаешь говорить во сне с кем-то, с каким-то персонажем.",0.0
С кем ты говоришь в этот момент?,0.0
Сам с собой?,0.0
"Почему ты тогда не знаешь, что ответишь ты же?",0.0
"То есть ты говоришь, если тебе снится сон, и во сне идет какой-то диалог.",0.0
"Да, у тебя такое часто происходит?",0.0
Сон — это другое.,0.0
"Я говорю уже больше про то, что когда ты засыпаешь, когда ты лежишь просто, у тебя какие-то диалоги.",0.0
Ну и во сне тоже.,0.0
"А это... появляться стало именно, когда ты начал снимать ролики или всегда было?",0.0
"Ты сейчас как, ну, разговариваешь, да, у вас это появилось, когда вы начали снимать ролики?",0.0
"Не-не, просто интересно, это, знаешь, как проф...",0.0
"Деформация, когда ты...",0.0
"У меня, кстати, такого не было, мне кажется, до роликов.",0.0
"Мне кажется, действительно, это стало появляться после того, когда я начал нагружать свой мозг заданиями, типа, придумать диалог какой-то.",0.0
"Ну, как будто ты постоянно, знаешь, делаешь запросы, типа, сейчас нужно что-то придумать, нужно что-то создать, нужно что-то придумать, нужно что-то создать.",0.0
"У тебя как бы в эту сторону мозг начинает деформироваться, и там в какие-то определенные моменты у тебя что-то это прям появляется.",0.0
И ты из этого что-то чертаешь?,0.0
"Типа ты заточил свой мозг сам, чтобы он генерировал рандомные какие-то фразы.",0.0
Возможно ли бы ты сводишь с ума?,0.0
Ну да.,0.0
"Просто, знаешь, типа...",0.0
"Ну, вот я и пытаюсь понять формат этого.",0.0
"Нет, ты же говоришь то, что у тебя тоже самое есть.",0.0
"Нет, такого у меня нет.",0.0
"Нет, я сейчас спросил, я говорю, у тебя бывает такое?",0.0
"Ты говоришь, да.",0.0
"А, нет, я, наверное, на что-то другое ответил.",0.0
"Но нет, смотри, если у тебя конкретные диалоги в голове, неконтролируемые...",0.0
"Нет, это сейчас выглядит, как будто у меня шизофрения какая-то, знаешь.",0.0
"Я говорю о том моменте, когда ты засыпаешь уже почти, у тебя вот это начинает бред в голове какой-то.",0.0
Так.,0.0
Вот.,0.0
И у тебя бывают какие-то диалоги непонятные.,0.0
Чего ты угораешь?,0.0
"Просто это, знаешь, уже как будто...",0.0
"Я говорю, это переросло.",0.0
"Нет, это просто разгон.",0.0
Откуда вообще это берется?,0.0
"Типа нет такого, что я ебаный для человека, который слышит голоса.",0.0
Но ты слышишь голоса.,0.0
Это когда засыпают.,0.0
"Это как во сне, когда ты спишь, и ты с кем-то разговариваешь.",0.0
Что-то в этом роде.,0.0
Но это не во сне.,0.0
"Это не во сне, это в момент засыпания, это в быстрой фазе сна происходит.",0.0
"Я понял, да.",0.0
Так ты слышишь голоса в голове?,0.0
Прямо сейчас слышу.,0.0
И о чем они говорят?,0.0
"Спросил, о чем они говорят.",0.0
"Прости, тебе некомфортно от этого?",0.0
Это ебаный разгон какой-то.,0.0
Я себя чувствую ебаным.,0.0
"В этом и забавный момент этого, что формат разговора приобретает такой момент, что я тебе задаю вопрос, а ты как будто такой, да нет, Сань, ты меня неправильно понял.",0.0
Да-да-да.,0.0
"И знаешь, такой, ищешь план отхода, типа, так, Сань, ты меня неправильно...",0.0
"Ты все-таки слышишь голоса в голове, да?",0.0
"А я просто пытаюсь об этой теме поговорить, но чтобы, знаешь, понять, именно понять тебя, не докрутить тебя к тому, что, типа, ты ел...",0.0
"А просто понять, о чем ты говоришь, чтобы больше понять, я тебе говорю, ну, то есть ты слышишь голоса, он такой, Сань, да это просто сон.",0.0
"Знаешь, типа, вот ты вот так вот отходишь по шагу назад, Сань, ты неправильно меня понял.",0.0
"Сань, убери этот ствол, типа, это все не так.",0.0
Ты неправильно это понял.,0.0
"Они сказали мне убить тебя, Сань.",0.0
"Да, да, и я такой, так ты слышишь голоса?",0.0
"Ты такой, ну, это во сне, это как во сне, но не во сне, типа, это практически, а хотя это...",0.0
"Наверное, достаточно.",0.0
"Ну ладно, все, подожди, вот на серьезе.",0.0
"У тебя бывает такое, что в момент быстрой фазы сна, у тебя, когда в башке какая-то хрень происходит, у тебя есть какие-то фоновые разговоры?",0.0
"Честно, нет.",0.0
"Значит, я еб...",0.0
"Значит, я еб...",0.0
"Потому что я думал, что это у многих людей такая хрень бывает.",0.0
"Ну, я не могу статистически тебе сказать, у многих людей такое бывает, но скорее я тебе могу сказать, что если брать статистически, наверное, у меньшего количества людей такое есть.",0.0
"Вот мне интересно, откуда они рождаются?",0.0
Какова природа этих диалогов?,0.0
"Смотри, о чем эти диалоги?",0.0
Они не о чем.,0.0
"Я говорю, они просто бредовые.",0.0
Просто какие-то слова вылетают.,0.0
Хорошо.,0.0
Но ты это можешь взять под контроль или нет?,0.0
"Нет, если я начинаю об этом, типа, на этом акцентировать внимание, то я сразу же просыпаюсь, и они пропадают.",0.0
"Опять говорю, как это?",0.0
Глоса пропадают.,0.0
"Сейчас, подожди, я напишу, чтобы...",0.0
"Еду как-то доставили, написали.",0.0
Я еб...,0.0
Да.,0.0
Это единственные проявления какие-то странные.,0.0
"Да, б***ь, Саня, они не странные.",0.0
"Это просто работа твоего мозга, понимаешь?",0.0
"Почему ты все подводишь к тому, что ты еб...",0.0
Не знаю.,0.0
"Если у тебя есть определенные, не знаю, какие-то мысли, есть какие-то голоса или какие-то ситуации в голове, которые появляются.",0.0
"Там, например, я не знаю, с Алишером, с Моргеном мы разговаривали.",0.0
"Например, у него были галлюцинации, когда он...",0.0
"Ну, пил у него была белочка.",0.0
"И он типа приходил в состоянии, что он прям видел каких-то людей, которые к нему приходят, и типа такие что-то ему говорят.",0.0
"Типа он просто сидит бухой, и он видит людей.",0.0
Да-да-да.,0.0
"Типа там приходит какая-то маленькая девочка, что-то ему там показывает.",0.0
"У меня, например, знаешь, что бывало?",0.0
Вот если из такого...,0.0
"Из такого изъебанного, да?",0.0
"Ты опять думаешь, что...",0.0
"Я как-то проснулся и подумал, что я робот.",0.0
"Потому что я проснулся, а у меня перед глазами... было как будто бы, знаешь, вот я смотрю на стену, а у меня идентификация, как будто бы вот я робот.",0.0
Вот представь фильм «Терминатор».,0.0
"Он смотрит на стену, и у него там всякие...",0.0
Типа описание это что-то?,0.0
"Ну, это как общее представление того, как будто ты как робот.",0.0
"В представлении, наверное, кинематографа.",0.0
"То есть твое... пов, когда ты робот.",0.0
"И вот у тебя, например, есть какие-то цели, какие-то линии.",0.0
"Ну, то есть твой взгляд, он не чистый, как мы сейчас смотрим, а все чисто.",0.0
А ты как механизм что-то анализируешь.,0.0
"Вот можно представить, как если, знаешь, запустить искусственный интеллект, анализировать фото, он начнет это анализировать какими-то частями.",0.0
"Типа, оп, лицо, поймал квадратик, там здесь что-то.",0.0
Какие-то детали.,0.0
И это длится сколько?,0.0
Вот ты проснулся.,0.0
Сколько секунд прошло?,0.0
"Да, я проснулся. полежал, что-то посмотрел, подумал, типа, такой, неужели я робот?",0.0
"Знаешь, типа, я все время еще замечал в себе какие-то особенности, там, например, странности, и я это подмечал, и я такой резко просыпаюсь с этим и такой, я так и знал.",0.0
"Ну, типа, я не простой, я не просто человек.",0.0
"И у тебя при этом чувство, что ты все, я робот?",0.0
"Ну, нет.",0.0
Ты прям знаешь это.,0.0
"При этом чувство не прям, что, типа, я робот, при этом чувство вот непонимания.",0.0
"Просто лежишь и в такой, знаешь, легкой...",0.0
"Вот, в легкой дезориентации ты просыпаешься и такой смотришь на это.",0.0
"И как бы переводишь взгляд и понимаешь, что эта штука, она за тобой двигается.",0.0
То есть она как будто с твоим взглядом смечена.,0.0
И это еще более странно.,0.0
"То есть ты так знаешь, смотришь на руку, а она не остается на стене там или что-то такое.",0.0
"И ты такой, так, теперь это со мной всегда будет.",0.0
"Ну и как-то я типа что-то глаза закрыл, как-то что-то повернулся, проснулся, проснулся, этого всего не было.",0.0
"И знаешь, у меня появилось ощущение тогда. проснулся ли я не в тот самый момент нужный, знаешь, когда там типа сидят чуваки и такие, так, давай быстро проанализируем, как у него работает зрительная система.",0.0
"Слушай, ну может быть не сейчас, да нет?",0.0
У него вроде фаза глубокого сна.,0.0
"И я, знаешь, типа резко такой от кошмара просыпаюсь и такой, э, что за херня?",0.0
"Они такие, а Джерри, ты что надел?",0.0
Смотрел мир Дикого Запада?,0.0
Да.,0.0
Вот это похоже.,0.0
"Да, да.",0.0
"И как будто вот, знаешь, я вот об этом подумал, что я такой, я проснулся в неудобный момент, что сейчас за мной приедут люди и скажут, типа, Тебя утиль, сори.",0.0
Ты узнал правду.,0.0
За что ты любишь людей?,0.0
"Если человек интересный элементарно, не понял, кто он, он это или она.",0.0
"Много денег, немного.",0.0
"Если это интересный человек, это может быть просто вообще на самом деле какой-нибудь...",0.0
"Ну, немножко поехавший человек, но если у него очень интересный взгляд на мир...",0.0
Мне будет интересно его слушать.,0.0
"Пожалуйста, добро пожаловать ко мне в друзья.",0.0
Я вот как-то так это расцениваю.,0.0
Потому что у меня очень обширный круг общения на самом деле.,0.0
У тебя много друзей?,0.0
"Ну, знакомых у меня очень много.",0.0
Друзей.,0.0
Друзей тоже много.,0.0
Близких друзей не так много.,0.0
"Ну, я не знаю, за что можно любить людей, если уж так взять.",0.0
"Мы вид, который сильно заполонили планету.",0.0
Убиваем животных.,0.0
"Хотя в целом это, конечно, достаточно разумно, скажем так.",0.0
Потому что сильнейшие животные всегда убивают слабейших животных.,0.0
Но мы как будто бы немножко перегибаем в этом плане.,0.0
"Я сейчас говорю про какие-то, как это, мясокомбинаты, или как это называется.",0.0
"Когда прям выращиваются на убой животные, я такое не приветствую, честно говоря.",0.0
Но в то же время я не смог бы быть вегетарианцем.,0.0
Поэтому тут палка о двух концах.,0.0
А за что ты не любишь людей?,0.0
За какие качества?,0.0
"Не люблю, когда обижают слабых люди.",0.0
Вообще это выглядит как полный пи***.,0.0
"Мне кажется, это бред.",0.0
Когда люди вообще обижают кого-то.,0.0
"Это очень неправильно, мне кажется.",0.0
"Ну и у меня не было такого, кстати, что интересно. чтобы меня друзья предавали, потому что как будто у девочек очень распространенная эта хрень, типа, вот у меня была бывшая лучшая подруга, но она меня так предала, они реально рассказывают эту историю, и ты думаешь, бля, что за пи***ц, что у девочек там происходит, у пацанов нет такого.",0.0
"Я как бы не знаю, может я всегда правильно выбирал людей, с кем общаться, у меня все мои друзья, как бы прям, блядь, респект, все красавцы, все нормальные ребята, никто ничего не предавал.",0.0
"Смотрите, кстати, обратите внимание, термиты.",0.0
"А ну-ка рубани его топором, может быть, оно троху трухлявое.",0.0
"Ты хочешь, чтобы я срубил дерево, что ли?",0.0
Да.,0.0
"Ух ты, оно трухлявое.",0.0
"Давай, долби его.",0.0
"Прикинь, оно на меня упадет.",0.0
"Только тебе нужно с какой стороны рубить, чтобы оно упало не в твою сторону?",0.0
"Она туда наклонена, но в любом случае будет туда падать, я думаю.",0.0
"Хотя она может перегнуться, только сегодня видел доз, как чувак какой-то рубил дерево и на него ебать.",0.0
Подожди.,0.0
"Ты рубишь с той стороны, что она в тебя упадет, ты понимаешь?",0.0
Она не может сюда наклониться.,0.0
"Она может, ну, хотя она может, знаешь, вот так съехать.",0.0
"Да, поруби лучше там, с той стороны.",0.0
"Сейчас, сейчас.",0.0
Ты оттолкни.,0.0
"Хитрый, отошел так.",0.0
"Так нет, я прям на его зоне поражения.",0.0
"Правда говоря, страшно.",0.0
Она прям...,0.0
"Ну, я пусть знает, в какую сторону полететь может.",0.0
"Она может, знаешь, вот так съехать, а не просто въебал дать.",0.0
И убить меня легко.,0.0
"Думаете, меня это остановит?",0.0
Да нифига.,0.0
"Ой, нифига.",1.0
"Блядь, Сань, мне правда страшно, ведь я говорю, оно уже держится на хуйне какой-то.",1.0
"Толкай туда его, главное.",1.0
"Во, пошло.",1.0
"Блядь, беги!",1.0
Беги!,1.0
"Нормально, нормально.",1.0
Сука.,1.0
Видишь?,1.0
А я прям здесь стоял.,1.0
Приконять я вот в этом месте стоял.,1.0
"Я, кстати, даже особо не заметил, как оно улетело.",1.0
"Ну, нормально.",1.0
"О, здесь есть кора, которая нам нужна, прям самая сухая.",1.0
Забирай.,1.0
Не зря.,1.0
"Давай, открою рюза.",1.0
"Ну, бля, я не знаю, я не хочу в руке таскать, честно.",1.0
"Я еще за**ал это дерево рубить, бля.",1.0
"Фактор того, выживем мы или нет, и ты говоришь, что я за***ц, я не хочу эту кору нести.",1.0
"Но это скоро темно, мы умрем, если же.",1.0
"А, кстати, да, уже темнеет.",1.0
Нам пора уже искать лужайку.,1.0
Сейчас я спрячу кору.,1.0
"Никогда не думал, что скажу это.",1.0
Как мы вообще к этому дереву пришли?,1.0
"Не знаю, но мы-то оттуда пришли.",1.0
"Ну да, нам туда точно не вряд ли.",1.0
"Но мы туда, вот проходка.",1.0
"Не, мы же вот оттуда пришли сами.",1.0
"Вот мы и потерялись, на***.",1.0
"Вообще реально в дерево уйдем, ну мы же оттуда что-то.",1.0
"Не-не-не, точно.",1.0
"Вот туда, вот сами налево там прям.",1.0
"Ну давай, давай, если ты помнишь.",1.0
Я по-другому это представлю.,1.0
"Не-не, я прям помню все вообще отлично.",1.0
Я как будто геолокация.,1.0
"Блин, вот здесь прям очень хорошие эти.",1.0
Вот возьми с собой березовую палку.,1.0
"Блядь, Саня, бери только что-нибудь, если у нас носить эти палки.",1.0
"Нормально, есть кара там.",1.0
"Вот, смотри, кара лежит тоже.",1.0
Прям для нас.,1.0
"О, вот там охуенно.",1.0
"Подожди, давай дальше.",1.0
"А может, все-таки есть компас у нас?",1.0
"О, вот это похоже на место нашего лагеря, смотри.",1.0
"Ну да, или место, где, знаешь, алкаши бухают сидят.",1.0
"Так что да, для места нашего лагеря.",0.0
Нам придется здесь поработать.,0.0
"Обычно вот как делают шатер, да, он будет вот такой, под ним обычно спят.",0.0
"А стулья ставят рядом со входом, и рядом со входом делают костер.",0.0
"Соответственно, когда ты ложишься, у тебя рядом тепло.",0.0
"Ты хочешь спать, что ли, здесь?",0.0
"Мы же здесь не с ночевкой, надеюсь?",0.0
Эй!,0.0
Мы здесь!,0.0
Сука!,0.0
Руби наискосок её.,0.0
Физический труд в жизни вообще твоей часто был?,0.0
"Не, ненавижу.",0.0
"Вообще, часто говоря, физический труд, да.",0.0
Реально?,0.0
Тебя в детстве заставляли что-то делать такое физическое?,0.0
Меня заставляют.,0.0
"Я сейчас, когда приезжаю, я газон кашу.",0.0
Постоянно.,0.0
Но это не прям физически трудно.,0.0
Не люблю снег кидать лопатами.,0.0
Фух.,0.0
Что-то не хватает.,0.0
О!,0.0
Тихо.,0.0
"Пошло, пошло.",0.0
Тру подкидываем.,0.0
Ты реально как ботёк.,0.0
"О, ес.",0.0
"А, у нас пива есть.",0.0
"А, кстати, точно.",0.0
"Мне кажется, так лучше будет, чем...",0.0
"Да, правда, они совсем обычные.",0.0
Маленькая такая?,0.0
"Ну, как тебе сказать?",0.0
Здесь кто-то придумал.,0.0
"Самая ебанная пила, которую я еще в руках держал.",0.0
"Знаешь, это надо делать, когда она не срублена еще как будто, нет?",0.0
"Возможно, да.",0.0
"Да давай я это дорублю быстренько, а мы...",0.0
"Подожди, она уже все.",0.0
"Да, пила, есть!",0.0
Вы нам не нужны!,0.0
"А пила-то не такая уж и позорная, да?",0.0
А мы надеюсь смеялись.,0.0
Опять мне эта ситуация повторяется.,0.0
"Ну с тобой реально эти, блядь, братья напильники.",0.0
"Знаешь, для жены снимаешь.",0.0
"Вот тебе и раз, вот тебе, блядь, как надо.",0.0
"Вот, Настюха, напилили саньком.",0.0
"Нормально, сырая немного, но сейчас она прогорит, схватится.",0.0
"Схватится там, да-да-да, от этих сейчас она.",0.0
Эти самые.,0.0
"О, видишь, пошла сразу как.",0.0
Ты часто путешествовал в детстве?,0.0
"Да, частенько.",0.0
Частенько.,0.0
Где был?,0.0
"Был в Вьетнам, на Кипре был, Греция, Турция, Египет.",0.0
В Германии было.,0.0
"Ну, немного где было на самом деле.",0.0
"Ну, в основном мы летали с семьей, просто летали где-нибудь в Турцию, Египет.",0.0
Вот недавно только летали тоже с родителями.,0.0
День рождения у них был.,0.0
Куда?,0.0
В Турцию.,0.0
А ты был в Дубае?,0.0
Я в детстве был в Дубае последний раз.,0.0
В детстве?,0.0
"А, ну, в детстве, ну, лет 13, мне кажется, было.",0.0
Но последний раз я был на пересадке там.,0.0
Ты в Дубае делал пересадку?,0.0
Да.,0.0
Какую?,0.0
Я с Бали летел когда.,0.0
В Дубай и в Москву.,0.0
Я подумал про пересадку волос.,0.0
Я просто очень это не понял.,0.0
Ты так спокойно это сказал.,0.0
На пересадке был Дубай.,0.0
"Я думаю, странно про Дубай.",0.0
Пересадку я первый раз слышу.,0.0
С Бали летел.,0.0
И я прям сначала не понял.,0.0
"Прямо чтобы был, я в детстве был.",0.0
"У меня отец такой, он, знаешь, любит русский, так скажем, отдых.",0.0
"А ты пришел в отель, волейбольчик, там никуда не надо выезжать, ни на какие...",0.0
"В рамках какого-то, да?",0.0
"В рамках, да, да, да.",0.0
"Я такое не очень люблю, честно говоря.",0.0
"Я больше там за то, чтобы посмотреть что-нибудь поездить.",0.0
А ты вот можешь рассказать про отца вообще?,0.0
Что у тебя за отец?,0.0
Ты очень часто его упоминаешь просто?,0.0
"Он интересный человек, он очень умный человек, такой очень тактичный.",0.0
Он бизнесмен.,0.0
Он такой достаточно по-своему скрытный человек.,0.0
"В том числе я такой же, мне кажется, я вот в этом плане немножко в него пошел.",0.0
Что значит скрытный?,0.0
"Ну, он не любит что-то лишний раз рассказывать.",0.0
"Немногословный, типа?",0.0
"Ну да, наверное, немногословный.",0.0
"У вас с ним, типа, отношения открытые, так скажем?",0.0
"То есть вы можете там что-то спокойно обсуждать, ты можешь там позвонить, чем-то поделиться?",0.0
"Ну, такого, чтобы позвонить и поделиться нет, на самом деле.",0.0
Я вот...,0.0
"У меня с родителями, то есть я хорошо общаюсь с родителями, но у меня нет такого, что я там звоню им постоянно.",0.0
"Вот с бабушкой, у меня бабушка каждый раз, каждый день звонит там по один-два раза.",0.0
А с родителями такого нет.,0.0
Но в целом у нас отличное общение с ними.,0.0
Отец чему-то учил тебя?,0.0
"Ну, прикинь, нет.",0.0
"Может быть, он это делал как-то, но не так, что типа, я вот смотри, сейчас я тебе расскажу там какую-то мысль.",0.0
"Запомни, такого не было мне.",0.0
"Просто чему-то учил, исходя из...",0.0
"Ну, я смотрел, как себя отец ведет примерно, и как-то на этом, наверное, строил примерно свое видение того, как должен себя вести парень.",0.0
"Ну, отец меня учил каким-то базовым вещам, но в тот же момент правильным очень.",0.0
"Ну, я помню, прямо из детства, я помню, он меня учил типа этикету, он не разрешал ставить вот так вот руки на стол локти.",0.0
"Локтями, да.",0.0
"Локтями, да.",0.0
"Он говорит, всегда вот так вот сиди.",0.0
Всегда учил...,0.0
"Ну, вежливости учил.",0.0
Учил говорить спасибо людям.,0.0
"А так, чтобы прям каких-то жизненных советов, особенно относительно девушек, мне никогда отец не давал.",0.0
Вот.,0.0
То есть у меня такого никогда не было.,0.0
"То есть он не сказать, что был человеком, который прям вот, знаешь, полностью был вхож в твою жизнь и прям не занимался.",0.0
"Нет, нет.",0.0
Отец всегда больше работой занимался.,0.0
У меня вот больше мама как бы занималась мной.,0.0
И как бы я больше открывался именно маме. в этом плане.,0.0
"То есть отец выполнял часть, что он старался семью сохранить, так сказать, в достатке?",0.0
"Ну, наверное.",0.0
И он много работал?,0.0
"Ну да, ну не то что, ну да, да, много работал, можно так сказать.",0.0
То есть он большую часть времени проводил на работе.,0.0
"Тебе этого как-то не хватало в детстве, или ты это норму воспринимал?",0.0
"Да я, наверное, нормально это воспринимал.",0.0
"Мне даже это нравилось тем, что нет лишнего контроля, потому что у меня отец, он достаточно строгий человек все равно, то есть у меня там он приходил с работы, говорю так, один часов спать, телефоны все задаем.",0.0
Такой больше контроль был.,0.0
И когда...,0.0
"Например, в пятницу он постоянно уходил там с друзьями куда-то.",0.0
И приходил поздно.,0.0
"И пятница для меня это был такой день, когда я мог прям расслабиться.",0.0
"Блин, мне там пахан в час приходит, а мама-то она подобрее в этом плане.",0.0
"И я мог в телефоне подольше, или что-то там, не знаю, у нее свое заняться.",0.0
Создался такой момент в голове.,0.0
"Появилось ощущение, что у тебя в жизни есть какой-то...",0.0
Страх ошибок.,0.0
"Ну да, есть такой.",0.0
Я же перфекционист тоже чуть-чуть.,0.0
"Но вот этот страх ошибок, он у тебя типа всегда?",0.0
"Ты даже очень много просто в разговорах, когда мы о чем-то говорили, ты очень много используешь, короче, таких фраз, которые это маркируют.",0.0
"Что ты говоришь, ну это ж если это сделать, это может не получиться.",0.0
"И вот как будто тебя, знаешь, факт неудачи, он по-своему напрягает.",0.0
"Ну да, меня напрягает.",0.0
Я стараюсь просто все продумать еще.,0.0
"Очень сильно, постоянно.",0.0
Все продумать?,0.0
"Ну да, все продумать.",0.0
Продумать все различные сценарии.,0.0
"И как бы идти по самому, так скажем, понятному и безопасному.",0.0
"Когда что-то получается так, что вообще не входило даже в то, что как могло пойти не так.",0.0
"Тогда думайте, блядь, это вообще какая-то хуйня.",0.0
Ну вот.,0.0
То есть ты стараешься?,0.0
"Не так, что я прям живу и там пытаюсь не ошибиться.",0.0
"Это, кстати, даже на самом деле я и сам это не подмечал, пока вот ты не сказал.",0.0
"Я сейчас понимаю, да, я там могу, знаешь, типа, ну из разряда там какую-нибудь пи***ю шутку, вон такой, б***ь.",0.0
"Ну я прям в слух это скажу тебе, б***ь, не добил, типа, или как не так пошутил, типа, ну, б***ь, надо было лучшего, что-то такое.",0.0
"Но при этом нет такого, что у меня это идет из детства, то есть у меня не было такого вот этого синдрома отличника, что я говорю, я учился как, как, типа, я там, мне было стыдно за то, что я там плохо учусь или что-то не так делал.",0.0
"Но в таких моментах, да, это, может быть, так проявляется.",0.0
"И есть ощущение, что когда у тебя что-то не получается, тебя это злит?",0.0
"Да, очень сильно.",0.0
Раньше это сильно было.,0.0
Ну и сейчас бывает чересчур.,0.0
"А расскажи, вот ты говоришь, раньше это было сильно?",0.0
"Ну, раньше просто я вот именно внутренне, я прям сильно злился именно на себя, типа, ну, знаешь, как будто на другого человека, типа, Ян, ты что, д**б что ли?",0.0
Ну вот так.,0.0
"Сейчас тоже могу себе так сказать, но сейчас я уже понимаю, что, типа, нет, надо там любить тебя и все такое.",0.0
"А раньше, когда не получалось, что?",0.0
"Ну вот, как пример, я тебе уже говорил, машину поцарапал.",0.0
"Ну, типа, вместо того, чтобы говорить, ну, конечно, я там сказал, типа, ну, типа, ну, вот ладно, что есть, то есть.",0.0
Вот.,0.0
"Раньше у меня эта ситуация, я бы там вышел, я бы, может, начал бы излишне психовать, излишне кричать просто начал бы.",0.0
"Я помню, я на Бали, ну, у меня тоже был.",0.0
"Я в... человека, я ехал на байке, отвозил его в рентал уже.",0.0
"Я выезжаю, проходит 30 секунд, как я выехал с виллы, а я еду вот так вот на телефоне, пытаясь настроить эту карту.",0.0
"Я понимаю, понимаю голову, вижу, как выезжает чувак.",0.0
"На мотике я вылетаю в него, он падает, что-то за ногу хватается.",0.0
"И первое, что я делаю, я начинаю просто говорить, бля, типа, я начинаю злиться на ситуацию, начинаю злиться на себя.",0.0
"И уже потом я подбегаю, типа, бля, бро, I'm sorry, и все такое.",0.0
"Ну вот у меня так, да.",0.0
"Я немножко излишне импульсивно, может быть, могу отреагировать на какие-то свои тупости.",0.0
Вот у меня вот такая вот херня.,0.0
Ну и когда другие тупят.,0.0
"Я раньше, когда другие тупили, я тоже мог прям очень некрасиво.",0.0
Это задевало тоже?,0.0
"Да, тупление меня задевало.",0.0
Сейчас поспокойнее.,0.0
"Когда ты ошибаешься сам, и когда ты видел, как кто-то ошибается, тупит, ничего ты не можешь сделать.",0.0
"Не так сильно, как когда я ошибаюсь.",0.0
А что это для тебя значит?,0.0
Вот ты ошибся.,0.0
Что для тебя значит это?,0.0
"Да вот именно, что ничего.",0.0
"Это просто в моменте, когда я что-то сделал, я начинаю залиться, типа, почему не получилось?",0.0
"А потом думаю, ну ладно, ничего же такого.",0.0
Меня очень быстро отпускают.,0.0
"Но именно этот импульс, он очень такой сильный и мимолетный.",0.0
"Может быть, это как-то, опять же, можно связать с родителями, которые тоже ругали меня излишне, может быть, за какие-то вещи.",0.0
"И это я переношу, типа, опять на себя сейчас во взрослой жизни.",0.0
Потому что все же из детства идет.,0.0
Да.,0.0
Я могу предположить.,0.0
"Да, но это единственное предположение, да.",0.0
"Наверное, так.",0.0
Я могу предположить конкретнее даже.,0.0
Давай.,0.0
"Я задумывался об этом, и я могу быть прав, а могу нет.",0.0
Это лишь предположение.,0.0
"Но мне кажется, что...",0.0
"Ты говорил, что твой отец занимается бизнесом.",0.0
И обычно...,0.0
"По-моему, ты говорил, что у тебя отец требовательный человек.",0.0
"Кстати, никогда не было такого.",0.0
Не было.,0.0
"Просто у меня складывалось ощущение, я думал, что из-за того, что у тебя батя бизнесовый был, то он был постоянно такой, знаешь, ну, мог быть нестабильный, там, злой когда-то, мог быть из-за каких-то вещей.",0.0
"Это да, это да.",0.0
"У меня отец, если он злился, типа, это все, это пи***ц.",0.0
Самое страшное.,0.0
"Причем это жутко очень, типа, когда отец злился, потому что непонятно, типа, что у него на уме.",0.0
"Ты обычно знаешь, как было, типа, вот так вот.",0.0
"Тебе вот так вот подсвистывало, типа, ты знаешь, что он тебе сейчас скажет.",0.0
Это прям жутко.,0.0
А так он не был требователем.,0.0
"Он никогда не говорил, что тебе нужно хорошо учиться или что-то такое.",0.0
Тебе нужно пойти на того-то.,0.0
"Просто, типа, я не ебан и все, пожалуйста.",0.0
Вот как-то так.,0.0
А я ебанил.,0.0
"И, скорее всего, были моменты, когда он мог ударить или что-нибудь такое делать?",0.0
"Ну, были, да.",0.0
"Смотри, вот просто, чтобы ты не чувствовал себя в этой позиции таким, знаешь, как будто я тебя разоблачаю, меня отец ударил жестко. ремнем, прям вообще за все тройки.",0.0
"Вот я помню момент, если я получал что-то ниже четверки, меня отец прям доставал ремень, и все, я бежал, прятался.",0.0
"И он не бил меня никогда там руками, понял?",0.0
"Типа, ну вот именно в плане ударов.",0.0
Но он меня наказывал именно...,0.0
"Я получал, конечно, я получал тоже.",0.0
"Я говорю, и тут тебе тоже нужно угадать, что у человека на уме. типа, что теперь сейчас тебе ебать, не ебать.",0.0
"И вот твое состояние того, что ты боишься ошибок, это тоже выученная история с детства, которая тебе, по сути, не нужна сейчас, но у тебя она как сохранилась, понял?",0.0
"Да, скорее всего, скорее всего.",0.0
"Элемент того, чтобы как-то выжить, не знаю.",0.0
"Да, да.",0.0
"Но вот ты говоришь, что отец нетребовательный.",0.0
"Получается, он разозлиться мог вообще из-за чего угодно.",0.0
"Ну, он, да, то есть, когда я какой-то прям такие... не очень...",0.0
"Короче, вещи, когда меня прям реально стоило отпидеть, меня отец, наоборот, типа, больше поддерживал, когда что-то серьезное.",0.0
Когда ты там в аварию попадал?,0.0
"Ну, да, да, да, да, вот такие вот какие-то моменты, типа.",0.0
"Ну, ты думаешь, типа, ну, поханточный пи***, наоборот, спокойно очень к этому относился.",0.0
"На мелочах, как бы, да, не могло прилететь.",0.0
"Ну, там, как бы, от мамы тоже в том числе.",0.0
"Но маму, как бы, не так сильно я боялся, мама больше, знаешь, истерила всегда.",0.0
Вот.,0.0
"Пахан редко вот так вот, типа, его удавалось доводить, но если удавалось, то да.",0.0
"С возрастом очень там, у многих парней есть какие-то там тяжелые ситуации с отцами, например, да, и они очень не хотят быть на них похожими.",0.0
"И они такие, так, вот я никогда не буду таким, как свой отец.",0.0
"Они взрослеют, и когда они взрослеют, они начинают в себе замечать черты.",0.0
"Как сильно, просто, как сильно, до мелочей, до всяких.",0.0
"Просто ты в какой-то момент замечаешь, что ты ведешь себя так же, как свой отец.",0.0
У тебя есть такое?,0.0
Да.,0.0
"Но у меня не было такое, чтобы я говорил, что я не хочу быть похожим на свой отец.",0.0
Все-таки отец больше как пример был.,0.0
"Да, да.",0.0
Вот.,0.0
"Но просто ты замечаешь какие-то такие привычки дурацкие, на какой-нибудь сок они, на какие-нибудь на свист они.",0.0
"Вот мне кажется, мы даже мелодию одну напеваем.",0.0
"Просто бывает там, что делать, потом прям, я тоже отец делал.",0.0
"Да, прям настолько.",0.0
"Это же видишь, это генетически передается на самом деле.",0.0
"Ну и это почему-то вот знаешь еще, это в тебе раскрываться начинается с моментами взросления.",0.0
"Вот у меня отец импульсивный очень был, но он был импульсивный достаточно до...",0.0
"То есть я был, я уже замечал, как он там чересчур импульсивный.",0.0
"Ну типа он там не бил маму никогда, ничего такого.",0.0
Но просто он там гаркал или что-нибудь такое в каких-то таких моментах.,0.0
Потом он успокоился.,0.0
"А я вот это все заметил, и я успокоился раньше, как будто мне это пропало.",0.0
"Годов 22, наверное, уже.",0.0
Точно.,0.0
"Сейчас есть такой, ну, типа, я поспокойнее уже.",0.0
И в то же время внимания мне хватало.,0.0
"Я не скажу, что я был как-то обделен.",0.0
"Особенно сравнивая как-то свою семью с другими семьями, там бывает вообще пи***ц.",0.0
"То есть я там мог подумать, что, блин, вот, может быть, мне там родители не так много времени уделяют, например.",0.0
"А потом мне говорят, что родители алкоголики или еще что-то такое.",0.0
"Ну, я слышал историю, это полный пи***ц.",0.0
Это прям страшно.,0.0
У людей сломана психика из-за этого.,0.0
"Ну, тебе хватало внимания, в общем, и ты жил...",0.0
А я как будто не требовал его.,0.0
"Вообще, да, я говорю, я такой человек, что я больше любил наедине с собой находиться.",0.0
"Я заходил в комнату, закрывал двери, втыкал наушники и сидел просто рисовал.",0.0
"Там мама заходила, говорит, мам, пожалуйста, не мешай мне.",0.0
Или за компьютером сидел.,0.0
Мне это как-то так.,0.0
Мне не нужно было особо внимания.,0.0
Я как-то с детства хотел отстраниться от родителей побыстрее.,0.0
"Знаешь, я был таким типом, который типа, блин, ну, мам, не подходи ко мне при пацанах.",0.0
Я типа взрослый уже.,0.0
"Тебе как-то стыдно от этого было, да, какого-то взаимодействия?",0.0
"Ну да, знаешь, были моменты, когда я помню на школьной дискотеке...",0.0
"Я говорю, у меня бабушка постоянно приходила.",0.0
"Я говорил бабушке, бабуля, не приходи.",0.0
"Я не хочу, чтобы вы приходили, но стрёмно никого не приходят родители.",0.0
"Хотя я сейчас понимаю, конечно, что это на самом деле очень мило и очень правильно.",0.0
"И бабушка говорила, ладно.",0.0
"Вот она мне рассказывала, как она приходила ко мне втихаря.",0.0
"Я смотрела, как я там танцевал, стоял.",0.0
"И она делает то, что ее там нет.",0.0
На самом деле приходила.,0.0
Вот такие истории.,0.0
"Ну, естественно, когда ты ребенок, ты немножко вот это стремаешься через чуру какой-то гиперопейки, может быть, со стороны родителей.",0.0
"У меня, во всяком случае, так было.",0.0
"Сейчас я понимаю, родители, бабушек.",0.0
"Я бы, наверное, так же делал.",0.0
Ты очень тепло как-то от бабушки отзываешься.,0.0
"А бабушка, вот она какую роль в твоей жизни играла?",0.0
Я к бабушке переехал.,0.0
"По сути, как только я родился, я... большую часть времени жил именно у бабушки с мамой.",0.0
"Отец там строил дом, как раз он находился больше в доме.",0.0
Я жил у бабушки.,0.0
"То есть я рос, у меня...",0.0
А детство проходило у бабушки.,0.0
"Я тебя очень в этом понимаю, потому что я тоже очень большую часть жизни был воспитан бабушкой.",0.0
У меня была очень добрая бабушка.,0.0
"Да, вот я просто смотрю на отношения многих с бабушками.",0.0
"У них такой, типа, да, у меня там есть бабушка, но я не знаю, вижу с ней раз в полгода.",0.0
"Может быть, так чисто заехать, просто показаться.",0.0
У меня с бабушкой другие отношения.,0.0
"Она мне звонит постоянно, типа, Ян, привет.",0.0
"У меня бабушка очень крутая, на самом деле, бабулька.",0.0
Она может там и подержать.,0.0
"Я помню, мне нравилось больше находиться у бабушки.",0.0
"Я просто из дома уезжал к бабушке, потому что там нет такого контроля, потому что бабушка это бабушка.",0.0
"Она такая типа, знаешь, поесть тебе принесет, и там я в нее мог себе позволить не спать допоздна, при том, что мне там утром на учебу нужно было.",0.0
"И может быть там когда-нибудь прогулять в школу, там что-нибудь такое.",0.0
"То есть бабушки, они все равно такие более добрые в этом плане.",0.0
Поэтому я какое-то время укрывался у бабушки.,0.0
"Знаешь, там мама чего-нибудь на тебя ругается, жалуешься бабушке, она говорит, ты что, что ли?",0.0
Она же ее мама все-таки.,0.0
"А ты говоришь, она тебе звонит сейчас?",0.0
"Да, каждый день мне звонит.",0.0
Разговариваешь с ней?,0.0
"Да, по видеосвязи разговариваем, болтаем.",0.0
Как она вообще?,0.0
"Бабуль, привет.",0.0
"Она, кстати, смотрит, я ей скидываю тоже.",0.0
Реально?,0.0
"Да, она смотрит.",0.0
"Как она относится вообще к тому, чем ты занимаешься?",0.0
Да положительно.,0.0
Она это понимает как-то вообще?,0.0
Она это осознает?,0.0
Или для нее это просто...,0.0
"Нет, она понимает.",0.0
"Она понимает, что у меня есть аудитория какая-то своя.",0.0
"То есть она понимает, что этим я зарабатываю, что этим я живу.",0.0
Она все понимает.,0.0
Ты с ней...,0.0
"Там было такое, что ты с ней гулял, например, кого-то встречал, подписчиков каких-нибудь или...",0.0
"Да, ну, было такое.",0.0
"Мы шли с бабушкой, с мамой.",0.0
Вот я в город себе приезжал.,0.0
"И мы гуляем в парке, что-то болтаем.",0.0
"И идут ребята молодые, вот так что-то...",0.0
"Один в телефоне идет, вот так вот мимо проходит в телефон.",0.0
"Представляет ТикТок, и там мой ролик попадается.",0.0
Он идет вот так и смотрит.,0.0
"Я так смотрю, говорю...",0.0
Не смотри эту хуйню!,0.0
"Он так поворачивается, смотрит.",0.0
Баба Шесман начинает смеяться.,0.0
"Четвертая стена, знаешь, сломать.",0.0
Он с таким лицом смотрит.,0.0
"Он еще не знал, что я из этого города.",0.0
Мне же город вообще маленький.,0.0
"Люди, когда узнают до сих пор, говорят, что, реально он из этого города?",0.0
Октябрьский.,0.0
"Октябрьский, это город?",0.0
"Да, это в Башкирии город.",0.0
В Башкирии конкретно?,0.0
"Уфа, знаешь, город, столица.",0.0
180 километров.,0.0
"Уфа, столица рэперов.",0.0
"Да, кстати, очень много, на самом деле, рэперов.",0.0
Октябрьский.,0.0
Столица.,0.0
"Тиктокеров, по всей видимости.",0.0
И ты там провел свое детство.,0.0
"Ну, детство, да.",0.0
Особенно детство октябрьское полностью.,0.0
Чем тебе запомнился этот город?,0.0
Друзья.,0.0
В основном люди.,0.0
"Город, на самом деле, по-своему, симпатичный.",0.0
"То есть он маленький, но очень много бизнесменов в этом городе.",0.0
Очень много.,0.0
"То есть он такой, он...",0.0
"Перед тем, что он маленький, он...",0.0
Странно.,0.0
Почему?,0.0
"Не знаю, обычно как-то...",0.0
"Ну да, то есть ты приезжаешь в какой-нибудь другой...",0.0
"Ты даже приезжаешь, я не знаю, в Уфу.",0.0
"Там, то есть в Уфе население миллион с чем-то человек.",0.0
"Я был там, да.",0.0
"Там не так много хороших, дорогих машин, как у нас в городе.",0.0
"У нас, я не знаю, блин, у нас прям очень в плане бизнеса очень крутой город.",0.0
Октябрьский — это город предпринимателей?,0.0
"Да, да, и это именно так.",0.0
"А у нас даже из Октябрьского есть чувак, который живет в Кремневой долине.",0.0
Он у Дузяна интервью тоже был.,0.0
"Но все равно, конечно, если выбирать между Октябрьским и Москвой, ну, блин, мне гораздо комфортнее находиться в городе типа Москвы.",0.0
"Ну, ты вряд ли бы вернулся туда и жил бы там.",0.0
"Да, да, да.",0.0
"Если ты взрослый человек, то там, в принципе, классно, спокойный, красивый городок небольшой.",0.0
"Ну, когда ты молодой тиктокер.",0.0
Как в Москве не жить?,0.0
"Ты говорил про отца, про бабушку, а мама?",0.0
Какая у тебя мама?,0.0
"Мама у меня хорошая, очень добрая женщина, такая тоже очень творческая.",0.0
"Мне кажется, я вот именно творчеством в маму пошел.",0.0
Она вот частенько залетает на ролики ко мне в качестве озвучки или просто даже она как актриса залетала.,0.0
"А, реально?",1.0
"Да, вот в этом ролике тоже, сегодня который я выложил.",1.0
"Короче, она с кайфом залетает вот в такие всякие движухи.",1.0
Какой ты помнишь вообще ее из детства?,1.0
Маму?,1.0
Мама мне любила рисовать.,1.0
Мама художник?,1.0
"Нет, она не художник, она просто красиво рисует на самом деле.",1.0
Она всегда была домохозяйкой.,1.0
"Я даже помню, как я в школе, когда нам давали какие-то бланки, где нужно было запомнить, кто ваши родители, чем занимаются.",1.0
"Мне что-то отец сказал, говорит, что отец предприниматель, мама домохозяйка.",1.0
"Я написал графию, где родители, отец предприниматель.",1.0
Мама домработница.,1.0
"Когда маму вызвали, мне сказали, вы же домработница работаете?",1.0
"Она говорит, чего?",1.0
Типа вот у вас сын написан.,1.0
"Она говорит, нет, я домохозяин.",1.0
Избила она меня тогда сильно.,1.0
Отказалась от меня.,1.0
Родители у меня хорошие.,1.0
Я очень люблю родителей.,1.0
"Многие думают, что у меня вообще нет отца или мамы, или какая-то неблагополучная семья.",1.0
"Исходя из роликов, которые я снимаю.",1.0
"Нет, у меня полная противоположность.",1.0
Устал?,0.0
"Да, честно устал.",0.0
Ты как?,0.0
"Не знаю, мне в целом кого-то, знаешь, по-своему заряжает такой отдых.",0.0
"Не, меня тоже заряжает.",0.0
"Но физически, в смысле, устал.",0.0
"Но это такая, знаешь, усталость приятная.",0.0
"Приятная, да, 100% приятная.",0.0
Просто поесть хочется уже.,0.0
"Ну сейчас уже, кстати, вот...",0.0
"Если большие штуки вытащить, можно, в принципе, сосиски попробовать сделать первыми.",0.0
"Ну, они какие-то вообще там выращенные из трюфельных котят.",0.0
"Ну-ка, Петрович.",0.0
Оформи чуйку.,0.0
Дай мне пока моя отвернулась.,0.0
Хорош там.,0.0
Бр***ть.,0.0
"Всё, на***ть.",0.0
"Знаешь, как видос, где мужик говорит, на, сними, пожалуйста, с усами такой.",0.0
А мама?,0.0
"А долго ты будешь говорить «Все, в пи**у»?",0.0
"Все, в пи**у, дай сюда.",0.0
Я тоже с такой камерой чисто.,0.0
"Как будто бы нормально, там до золотистой корочки написано.",0.0
Да?,0.0
"А как, блядь, золотистую, откуда ее взять?",0.0
Иди пи**у.,0.0
"Блядь, ему пи**у.",0.0
У меня какая-то щена кусает меня.,0.0
"Я ничего не могу сделать, у меня в одной руке чай, в другой камера.",0.0
"Ты именно заорал, я все потерял в душе, подумал уже.",0.0
"Подумал уже все, взяли нас.",0.0
Сосиськи уже просто ебаются сами с собой.,0.0
Ты говоришь сосиськи?,0.0
"Вот если человек говорит сосиськи, я говорю сосиски всегда.",0.0
Почему сосиськи?,0.0
"Звучит как будто бабушка какая-то, я не знаю.",0.0
"В интернете видела, что сосиски хорошие продают?",0.0
Лапке нужно поговорить с мясняком.,0.0
"Только он, наверное, много возьмет.",0.0
"Пизду, пошла в пизду.",0.0
"Да, блядь, я только что их перевернул.",0.0
Не надо переворачивать.,0.0
Да я только что их перевернул.,0.0
"Они поджариваются, блядь.",0.0
"Ну, Петрович, я только что.",0.0
"Не спорь, блядь.",0.0
"Сколько лет, блядь, всю жизнь сосиски готовлю, блядь, ничего.",0.0
"Перевернешь, может?",0.0
Конечно.,0.0
"А я говорю, не льда.",0.0
"Все, видишь, вот проебал сосиски, Саня, блядь.",0.0
"Слышали ж, блядь, говорил я ему, переверни сосиски, блядь, переверни сосиски.",0.0
"Ни хуй я не перевернул, блядь, сосиски.",0.0
У нас кого-то...,0.0
У нас какое-то очень странное реалити-шоу какое-то.,0.0
"Я говорю, это лес даёт вайп.",0.0
"Ну, на самом деле, вот так, если задуматься.",0.0
"Вот мы сидим сейчас с тобой, как будто бы в какой-то комнате, понял?",0.0
"А, типа, потому что мы не видим ничего?",0.0
Да.,0.0
"А на самом деле, это ебанное пространство вокруг нас.",0.0
Ты это осознаёшь?,0.0
"Да, да.",0.0
Причём никого нет вокруг нас на ближайшие километры точно.,0.0
"Ну, или есть.",0.0
"Ну, или есть.",0.0
"Прикинь, я вот так вот сижу с тобой, знаешь, вот так типа, ага!",0.0
"И там, понял, вся злоба мира сидит.",0.0
"Маньяки, вампиры, все уебки вообще.",0.0
"Мы же реально сидим, как будто вот идеальная жертва.",0.0
"Да, мы просто, мы же подсветились.",0.0
"Да, мы подсвечили сосиски.",0.0
"Может уже все, пора?",0.0
"Я не знаю, они же мерзли.",0.0
"Да, снимай давай.",0.0
"Снимай, блин, снимай нахуй, Санечка.",0.0
"Ты снимай, и я сниму, как ты снимаешь.",0.0
"Ой, блядь, сосиски.",0.0
Переверни.,0.0
Доготовится пускай.,0.0
"Да я тебе говорю, блядь, переверни, я тебе говорю.",0.0
Да дай подышать.,0.0
"Давай, открывай, Серега.",0.0
Ну куда ты кладешь там на землю?,0.0
"Сейчас сосички разложим, порежем.",0.0
На земле.,0.0
Потом будем скрипеть.,0.0
"Давай, Серег, нахуй.",0.0
Вот это скрипели.,0.0
"Ну подожди, а сейчас вылетит, упадет.",0.0
"Да ты думаешь, а не че, блять, как эта змея вот эта с прикола вылетает, которая из пачки чипсов.",0.0
Вот эта змея с прикола.,0.0
"Нет, просто это хуйня сейчас ебаться там.",0.0
Некоторые вот так вот просто вылетают.,0.0
"Да, да.",0.0
Видали таких?,0.0
"Умирали люди, там от этого знаем.",0.0
"Так, подожди, хлебушек будешь хот-дог делать?",0.0
Конечно будешь.,0.0
"Да, конечно.",0.0
"Ну да, можно было.",0.0
"Вопросы какие, Серега, ко мне.",0.0
Ну-ка убирай свои сосиски.,0.0
"Блядь, нам так-то надо эти.",0.0
Куропаток тоже ставить уже.,0.0
"Куропаток, да.",0.0
"Но надо выложить на тарелку, пожалуйста.",0.0
"Ладно, Серёг, не урчи.",0.0
"Давай, давай положим.",0.0
Не нервничай.,0.0
"Серёг, не урчи тоже.",0.0
"Всё, блядь.",0.0
"Ну, Серёг, ну, как я её тебе, блядь?",0.0
Вот.,0.0
"Пускай катится, родная.",0.0
"О, блядь, премиальные нахуй, Серёга, блядь.",0.0
"Конечно, раскошелился ты, Саня, блядь.",0.0
"Давай, что, может, раскидаем пока мясо?",0.0
"Курицу, да.",0.0
Я и говорил.,0.0
Так.,0.0
"Да, высыпай, высыпай, Саня.",0.0
Ну ты чуть...,0.0
Ну куда мне ее?,0.0
Ну подальше.,0.0
"Ну куда я тебе подальше, Саня?",0.0
"Ну нахуй, вот я держу тебя, как могу ее, блядь.",0.0
"Только хлеб держи, там тяжело.",0.0
"Да вот куда я все, все силы вложил, блядь.",0.0
Килограмм двадцать здесь есть.,0.0
"Ой, блядь, как она пошла-то, нихуя же рука напрягалась.",0.0
"Тихо полилось, нахуй.",0.0
"Полилось оно, полилось.",0.0
"Это не сосиски, блядь.",0.0
"Ну что ему нахуй, Саня?",0.0
"Подожди, блядь.",0.0
"Что, блядь, делать?",0.0
"Я встал, блядь.",0.0
"Я тебе говорю, держи нормально.",0.0
Я реально устал.,0.0
Я руку хочу поменять.,0.0
Все это время держу.,0.0
"Давай держи, я сейчас сяду сверху, еще буду попробовать.",0.0
"Все, давай.",0.0
"Ну куда ее сильнее, блядь?",0.0
"Вылетит, взорвется, я говорил, блядь, она отлетает, блядь.",0.0
"Мне хуй делать, блядь.",0.0
"Ты как конспиролог, понял?",0.0
"Да я вам говорю, они отлетают.",0.0
"Видел я, блядь, взрываются вот пауэрбэнки, блядь, вот это вот.",0.0
А шкудишки ваши?,0.0
"А шкудишки, блядь.",0.0
"Блядь, напала, дура.",0.0
"А, это, этот, хвойное.",0.0
"Давай, дед.",0.0
Ветку?,0.0
"Какую ветку, блядь?",0.0
"Давай ветку, блядь, держи сами, блядь.",0.0
"Все, давай.",0.0
"Я думал, что ты не спрофишь.",0.0
"Давай, бери бруску тоже.",0.0
"Так, давай это самое, блядь.",0.0
Бери бруску тоже.,0.0
"Обработаем, блядь.",0.0
"Давай, согласен.",0.0
"Да у нас уже все, оливки нахуй прорастут, у нас тут насыпано.",0.0
Подай мне эту.,0.0
"Там софетки были, кстати, обычные.",0.0
"Вот, подай обычную мне.",0.0
"Какую тебе синюю, красную?",0.0
"Какую, какую, вон, посмотри, которая лежит.",0.0
"Так они все, блин, лежат, и красные...",0.0
"А, это вообще спички, блин.",0.0
"Да, давай.",0.0
"Лисички придут, спички эти возьмут, нахуй.",0.0
"Стой, Санечка, давай вот это вот, с той стороны тоже подпали, чтобы она прям вся хрустящая была.",0.0
"Саня, держи, блин, умоляю.",0.0
Не пизду.,0.0
"Да я говорю, не пизду надо нахват...",0.0
"Придумает, блядь, нахуй, поколение ТикТока.",0.0
"Да деды делали, нахуй, все делали, блядь, а он, блядь, что-то, блядь, с одной стороны ее печет.",0.0
Поколение ТикТока.,0.0
"Да у нас колбаски остынут сейчас, блядь.",0.0
"Да куда они остынут, они, блядь?",0.0
"Ты хоть попробовал, блядь.",0.0
"Хуй, я ее пробую, там, сейчас.",0.0
"Давай тоже я свою положу куда-нибудь сверху, блядь, заеби, иди, пизда.",0.0
Дай вот эту штуку.,0.0
Всего это готово?,0.0
"А, подожди-ка, нахуй.",0.0
"Кетчуп-то забыли, еб***ь совсем.",0.0
"Ох, б***ь, она-то вообще приличная.",0.0
Ну-ка.,0.0
"Аккуратненько, только он может весь палиться.",0.0
Тебе сколько?,0.0
На факт обязан.,0.0
У меня рука трясется просто.,0.0
"Давай, давай, давай.",0.0
"Да я боюсь, б***ь, сейчас как с кетчупом.",0.0
"Все, все, хорош.",0.0
Там сырок где-то был еще.,0.0
"Да, да, был, нахуй.",0.0
Было время.,0.0
Давай тоже.,0.0
"Ох, блядь, иди пизду там сейчас все.",0.0
Тыди пизду.,0.0
"Запикивать, честно говоря.",0.0
Давай эту.,0.0
Кого?,0.0
Одну кабаску мне.,0.0
Держи.,0.0
"Оп, пошла.",0.0
И мне вот это.,0.0
Она только положила.,0.0
"А, ну и все, что кричишь сразу?",0.0
"Твою мать, блядь.",0.0
Что у вас здесь происходит?,0.0
Ну вот.,0.0
Подержи-ка.,0.0
Да нормально.,0.0
"Ну-ка, оформим немножко.",0.0
Подержи.,0.0
"Ну все, да.",0.0
Сама.,0.0
"Все, блядь, накапал.",0.0
Сука.,0.0
"Блин, томатов нахуй не хватает.",0.0
"Вот надо, может, томатов?",0.0
А ты возьмем.,0.0
"Смотри, что мне, выглазаешь?",0.0
А давай возьмем.,0.0
"И огурцы, блядь, и томаты нахуй.",0.0
Да что хочешь.,0.0
"И все, что хочешь.",0.0
"Ходишь, деньги есть.",0.0
"Вот они, блогеры, Елен.",0.0
"Елен, вот они, блогеры.",0.0
"А что, водичкой его обдать или не надо?",0.0
Хвост сними с него с этого.,0.0
И в ногу мне нож.,0.0
В артерию.,0.0
"Давай, блядь.",0.0
"Правильно, давай загорим здесь.",0.0
"О, блядь, какая, а. О, блядь, какая.",0.0
"Звучит, знаешь, как тип, который вебкаме дрочит.",0.0
"Ты, блядь, какая.",0.0
Разговоры о высоком у нас там.,0.0
Блин.,0.0
Термос.,0.0
"Включился телефон, блядь.",0.0
Алло.,0.0
"Людка даже сказала, я, блядь, с другом на шашлыках, я, блядь, обратно.",0.0
Курица пи***а уже.,0.0
"А нахуй мы её не переворотим, Саня.",0.0
Где наш?,0.0
"Бля, если взорвется, нахуй, я говорю.",0.0
Я тебе говорю.,0.0
"А я говорю, взорвется.",0.0
"Я говорю, не взорвется.",0.0
"Ну что, гостей ждем.",0.0
"Ну что ты наложил, ебать?",0.0
Ты что-то знаешь?,0.0
"Знаешь что-то, что я не знаю?",0.0
"Ну не кричи, нас убьют.",0.0
Хотя бы ради этого.,0.0
Давай просто в конкурсе повалим вот так.,0.0
"Да, блядь, сука.",0.0
"Ну подожди, куда она не надо?",0.0
Ты что делаешь?,0.0
Ты сейчас на землю ее скинешь.,0.0
"В конкурсе, блядь.",0.0
Курином.,0.0
Конкурс куриной красоты.,0.0
"Ну, ну мы пиздец тут можем накормить.",0.0
Ну да.,0.0
"Всех, кто желает нас убить.",0.0
"Блядь, Саня, ебаный.",0.0
"Да ладно, не урчит.",0.0
"Давай, доделывай работу.",0.0
"Ты думал, что еда достается просто так?",0.0
"Ну чё там, короче, получается-то в итоге.",0.0
"Готовый, блядь.",0.0
Да ну нахуй.,0.0
Ну это оскорбление вообще сейчас.,0.0
В смысле?,0.0
Ты чё?,0.0
"Вода, блядь.",0.0
"Да нет, ты чё?",0.0
Она готова вообще.,0.0
Ты попробуй.,0.0
Идеально.,0.0
Мммм.,0.0
Она маленькая.,0.0
"Да вообще, я тебе говорю, вот это, блядь, это.",0.0
"Не, она...",0.0
"А были ли в твоей жизни моменты, когда ты был в критическом психологическом состоянии?",0.0
"В каких-то внутренних трудностях, не знаю, депрессиях или что-то подобное, когда ты вспоминаешь себя, и ты такой...",0.0
Очень тяжелое время было.,0.0
"Вот я не могу даже понять, о чем ты говоришь.",0.0
"Может быть, у меня что-то такое было, но я бы не назвал это прям депрессией.",0.0
Я никогда не ходил к психологу.,0.0
"Хотя, возможно, я не говорю, что это неправильно.",0.0
Просто у меня не было даже желания этого сделать.,0.0
"Если появится, я с удовольствием приду.",0.0
У меня вот друг близкий недавно начал ходить.,0.0
"Говорит, Ян, это очень круто, очень прикольно.",0.0
"Но у него, не знаю, у него вроде не было депрессии.",0.0
"Просто, как он сказал, это просто помогает что-то понять про себя больше.",0.0
"Я это не отрицаю, но как будто можно и без этого.",0.0
"Ладно, пойму что-то больше про себя.",0.0
"Пойму, что какие-то проблемы из детства.",0.0
Ну и что в конечном итоге?,0.0
Ты не лишишься этих проблем.,0.0
Ты просто будешь знать их корень.,0.0
"То есть ты из тех людей, кто сам получает какой-то опыт, сам делает из него вывод, растет над этим и так далее.",0.0
"Да, так это же все люди так.",0.0
"Не все люди обладают таким навыком, я тебе так скажу.",0.0
То есть многие люди не могут сами к чему-то прийти.,0.0
"А ты вот из тех, кто может.",0.0
"Нет, я не говорю, что я могу сам углубиться в какой-то там...",0.0
"У меня нет таких проблем, мне кажется, чтобы я могу вообще думать о них, почему, откуда оно у меня есть.",0.0
"Ну, хорошо, у меня есть проблема, например, излишняя брезгливость.",0.0
"Я не знаю, откуда она мне идет.",0.0
"Излишняя брезгливость, она в чем проявляется?",0.0
Пример приведу тебе.,0.0
Давай.,0.0
"Ко мне подходит подписчик какой-нибудь, ну, там, и говорит, типа, о, Ян, привет.",0.0
"Я говорю, привет.",0.0
"И вместо того, чтобы дать ему руку, я всегда даю кулачок.",0.0
Всегда.,0.0
"Бывает, я там пьяный, я типа, а, здорово.",0.0
Обычно я даю кулак.,0.0
"Не знаю, почему, у меня есть такое, что, типа, блин, я не знаю, что он этой рукой делал.",0.0
"Может, там, только что там... засунул себе в трусы и почесал член.",0.0
"Ну хорошо, даже если он это сделал, что с этого ничего не изменится.",0.0
Я от этого там не умру.,0.0
"Я это прекрасно понимаю, но при этом мне все равно неприятно.",0.0
"Я вот когда с кем-то здороваюсь, у меня ощущение возникает, как будто у меня грязная рука, мне очень хочется ее помыть.",0.0
При этом я могу спокойно выпить с тобой из одной кружки.,0.0
Мне вообще будет плевать.,0.0
"Я смогу, там, ты мне дашь жвачку, я смогу пожевать.",0.0
"Я смогу покурить какую-нибудь ошкуди, которую ты после своего рта мне даешь.",0.0
Мне в этом плане окей.,0.0
Вот.,0.0
"Может быть, это зависит от человека.",0.0
"А у тебя вот эти темы с рукопожатиями тогда, они были с детства всегда?",0.0
Ты как себя помнишь?,0.0
"То есть всегда у тебя было какое-то вот такое другое отношение, можно сказать, к этим вопросам?",0.0
Прям в самом-самом детстве у меня вообще такого не было.,0.0
"Чтобы ты понимал, я помню, я бегал, там на улице играл, а потом забегал домой, у меня была собака у родителей, и у меня была миска с едой и с водой.",0.0
"Я просто засунул, там волосы плавают.",0.0
Я просто засунул до рода. пил просто собачью воду.,0.0
Я тебе клянусь.,0.0
Я сейчас такое представительное вообще никак не с собой.,0.0
"В какой-то момент просто у меня что-то, может, переклинило в голове.",0.0
А почему?,0.0
Я не знаю.,0.0
Вот я правда.,0.0
"Может, мне действительно стоит сходить в психологию?",0.0
"Или, может, попробуем сейчас это с собой разобрать?",0.0
"Нет, просто...",0.0
"Ну, сейчас, если бы я так...",0.0
"Я бы умер, если бы я так сделал.",0.0
Сейчас я не могу это представить.,0.0
Это забавно.,0.0
"То есть, это вообще никаких импульсов.",0.0
"И там не было, знаешь, такого, что нет нигде воды.",0.0
Именно поэтому ты это держишь.,0.0
"Да мне просто было лень забегать, понимаешь, там подниматься наверх.",0.0
"Я забегал в подвал, где собака, я просто там пил его и вбегал дальше.",0.0
Потому что времени не было.,0.0
Меня там пацаны же ждут.,0.0
"Я прямо это визуализирую, как ты это делаешь.",0.0
У тебя не было конфликтов с собаками?,0.0
"Возвращаешься после гулянки домой, знаешь, такой...",0.0
"И там собака сидит такая, слушай, нам нужно с тобой поговорить.",0.0
Пить мою воду.,0.0
Я пью дорогую воду.,0.0
"Она такая, я излишне брезгливая собака.",0.0
"Не хочется, чтобы ты это делал.",0.0
"Короче, я не знаю откуда.",0.0
"Я не скажу, что я прям слишком брезгливый человек, наверное.",0.0
Просто моментами это проявляется.,0.0
"Например, я не знаю, буду ручку, я дверную открываю не рукой, а там локтем.",0.0
"Но у меня при этом много товарищей, которые точно так же делают.",0.0
Или там туалетная бумага.,0.0
Просто в общественном месте мне не хочется.,0.0
"Ты там заходишь в общественный туалет, ну как-то не знаю, неправильно это все.",0.0
"А у тебя есть ощущение того, что ты там подцепишь какое-то заболевание или что-то такое?",0.0
"То есть есть мысли, которые ты допускаешь, типа, там, не знаю, вот какой-то чел странный тебе дает, там, не знаю, аж кудишку ту же самую покурить, и у тебя появляются мысли, типа, блин, вдруг он...",0.0
"Да, да, появляется, да.",0.0
"Но я понимаю то, что это маловероятно.",0.0
Насколько это тебя захватывает?,0.0
"И были ли случаи, когда тебя это прям, ну, сильно захватывало?",0.0
Или это ощущение усиливалось?,0.0
Вот буквально недавно было. на сигнале как раз на фестивале.,0.0
"Чувак, блин, мне очень стыдно, тоже знакомый мой.",0.0
"Мы шли, взяли поесть, короче, взял батат фри, и там такие были столы, это на улице, и столы, и такие, как скамейки.",0.0
"И он просто взял голой рукой, и там дождь прошел, он вот так вот начал, типа, счищать воду.",0.0
"А скамейка грязная, как бы там, ну там кто-то, может, ногами стоял.",0.0
Для меня это прям бам.,0.0
Да.,0.0
И он рукой это все сделал.,0.0
"Я в голове держу, думаю, блядь, какой пи...",0.0
"Типа, фу, отвратительно, он сейчас этой рукой будет есть.",0.0
"И он этой рукой берет и лезет в мой батат, короче, начинает есть.",0.0
"И у меня просто, типа, я срываюсь, ну, типа, я немножко начинаю как бы прям очень на повышенных, она говорит, типа, ну...",0.0
"Короче, очень некрасиво я себя повел, я потом сразу же извинился, мне тоже друзья говорят, типа, ну, типа, ну, это прям что-то слишком...",0.0
"Ну, вот такая, ну, это вот, я прям сильно сорвался, это...",0.0
"До этого я даже не припомню, чтобы я как-то так сильно срывался, вот, ну, вот недавно было, да.",0.0
Это связано вот как раз с... брезгливостью вот с этой всей истории.,0.0
"— Да-да, ну, типа, для меня это...",0.0
"А, так, он залез в эту картошку, и потом только, типа, я уже беру, я говорю, типа, а ты что, типа, ты этой рукой залез, а я уже ее похавал, понимаешь?",0.0
"— А-а-а. — И типа все, и у меня сразу тут-ту-ту-ту, грязь, вот это доело, вот это меня прям сильно переключило.",0.0
— Тебя это триггернуло жестко.,0.0
"Мне еще интересно было понять, в каком у тебя это...",0.0
— Возраст и началось?,0.0
"— Да, примерно.",0.0
— Блин.,0.0
"Я думаю, лет...",0.0
"12-14, может быть. где-то в этом возрасте.",0.0
"Потому что я помню, я до этого, наоборот, ну, как-то спокойно, то есть мне всегда говорили, типа, отец, там, где-нибудь в аэропорту, типа, иди вымой руки, там, в аэропорту как бы очень грязно.",0.0
Ну вот.,0.0
"Мне до этого паху было, а сейчас я, наоборот, я вообще, ну, типа, вот так вот все открываю, ничего не трогаю.",0.0
"Ну, вот что самое интересное, тебе постоянно отец это говорил, у отца, значит, было какое-то в этом смысл.",0.0
"Ну, типа там...",0.0
"Нет, это элементарное просто правило.",0.0
Элементарное правило гигиен.,0.0
"Мы идем куда-нибудь есть, типа, Ян, вымой руки, ты в аэропорт зашел, типа, здесь куча народа, здесь все грязно.",0.0
"Ну, у меня вот как-то идет это планомерно.",0.0
"То есть, не знаю, вымыть руки, не трогать лишний раз дверь.",0.0
"Ну, я трогаю, естественно, там бывает.",0.0
"Бывает, там, если есть возможность ногой, откройте, ногой открой.",0.0
Или локтем там.,0.0
"Я могу после тебя спокойно попить, поесть.",0.0
"А вот что самое интересное, мы с тобой пошли в лес, и я после твоей истории взял с собой санитайзер, Взял с собой влажные салфетки, взял перчатки.",0.0
"Потому что я на секунду подумал, что мы с тобой придем в лес, и для тебя это как будет, знаешь, как испытание какое-то.",0.0
"Смотри, это дерево.",0.0
"Что в дереве такого есть, что может быть, не знаю, что может, от чего я могу заразиться, например, или что-нибудь такое.",0.0
Ну это кора.,0.0
А тут земля.,0.0
"Земля, ну хорошо, здесь никого нет, здесь не ходят люди.",0.0
"Для меня более мерзко, когда вот именно что-то связано с человеком, мне кажется.",0.0
"То есть, типа, ручка, которую могли трогать другие люди.",0.0
"Да, да.",0.0
"Причем, если углубляться в это, ну, хорошо, допустим, ты, например, покупаешь шаурму, и ты не понимаешь, как ее готовил повар, скажем так.",0.0
"Ты видишь, он без перчаток готовит.",0.0
"Я там обычно говорю, ну, прикинь, он там вытер, пошел, посрал за этим вагончиком, вытер жопу, не вымыл руки, начал тебе готовить.",0.0
"Ну, если углубиться, ну, хорошо, вытер он жопу, осталась у него частичка говна на руках.",0.0
"Но по сути, что такое, что есть говно?",0.0
"Говно — это еда, которую переработал организм, и вот она в конечном виде вот так вот вышла.",0.0
"Это та же еда, просто без каких-то...",0.0
— Полезных веществ.,0.0
"— Да, полезных веществ.",0.0
"И если об этом думать, ну, казалось бы, да, ну ладно, окей, но все равно ты же не будешь после этого как-то трогать говно чужого.",0.0
"Все равно у тебя же есть в этот момент, потому что, ну, я не хочу его трогать.",0.0
"Ты пригласил человека к себе в гости, а он там ехал в машине или в метро на этой херня грязной, и приходит садиться вот так вот на кровать к себе, на которой ты спишь.",0.0
Для меня это не кайф.,0.0
"Я не хочу, чтобы так было.",0.0
"Для тебя это верхний кайф, наверное.",0.0
Для меня это вообще верхний кайф.,0.0
"Но я всегда, когда я прихожу домой, я первым делом переодеваюсь в домашнюю одежду.",0.0
"Мне комфортнее так, сто процентов.",0.0
"Даже у меня чистая одежда, в которой я могу сидеть там на диване.",0.0
"Но при этом, что интересно, когда ко мне приходят гости, я им, конечно, стараюсь дать одежду, но не всегда получается.",0.0
"И они садятся там в грязной одежде, условно на диване, на котором я сажусь в чистой одежде.",0.0
"У тебя усиляется иногда этот эффект того, что ты там... задумаешься об этом больше, чем обычно.",0.0
"Нет, я говорю, всегда идет это полномерно.",0.0
Всегда это вот как зубочистить.,0.0
"Как будто определенные правила, да, какие-то, которые я для себя выучил, типа, там, помои руки, сделай это, не садись в грязных вещах, там, на кровати.",0.0
Все.,0.0
"Ты знаешь, как это работает?",0.0
В целом у человека.,0.0
"Есть обсессии, это навязчивые мысли.",0.0
То есть у тебя происходит навязчивая мысль.,0.0
"Например, там, вот, мы с тобой поздоровались, и ты думаешь о том, что у меня грязная рука.",0.0
У меня какие-то бактерии на руке.,0.0
"Вот тебя это начинает, как навязчивая мысль, разъедать постепенно.",0.0
Навязчивые мысли за собой рождают тревогу.,0.0
То есть внутреннюю тревогу.,0.0
"Блин, вдруг я сейчас эту рукой пожал, а он там что-то делал не то.",0.0
"Блин, а вдруг я чем-то заражусь?",0.0
А вдруг он вообще вот что-то там не то делал?,0.0
"И у тебя эта тревога, она начинает разрастаться внутри тебя.",0.0
И тебе нужно сделать компульсию.,0.0
"Компульсия — это действие какое-то, ритуал, который гасит тревогу.",0.0
"Тем самым ты попадаешь вот в такой момент, что вот, например, что-то с руками не так, ты начинаешь допускать эту тревогу внутри себя.",0.0
Надо руки помыть.,0.0
Помыл — стало хорошо.,0.0
"И ты как бы начинаешь зависеть скорее от ощущения того, что ты...",0.0
"От гашения этой тревоги, понял?",0.0
"Ощущения того, что ты выходишь из состояния тревожного в нормальное.",0.0
И тебе как бы...,0.0
Вся эта ситуация становится обыденностью твоей.,0.0
"И вот у тебя это еще, наверное, не так сильно проявляется, как у некоторых людей.",0.0
"Но у некоторых людей, например, это проявляется в том, что они могут в острых фазах, например, поехать на работу. доехать там, два часа ехать до работы, доехать уже до офиса, задуматься о том, что они дома там, например, не знаю, колпачок как-то не так поставили, или что-то ровно не выставили там, или дверь как-то не закрыли, или они там не сделали какой-то ритуал, не знаю, вот они, например, закрывают дверь и три раза стучат по двери.",0.0
Это тоже то же самое.,0.0
"Тоже компульсия, обсессия тоже так же происходит.",0.0
"И они могут из-за этого, не идя на работу, прямо оттуда поехать обратно два часа, чтобы это сделать.",0.0
Иначе эта тревога начинает их съедать.,0.0
"Нет, ну это уже прям...",0.0
"Да, это сильные, острые фазы.",0.0
И параллельно еще очень часто с этим выписывают какие-то противотревожные препараты.,0.0
"Очень часто выписывают антидепрессанты, которые помогают.",0.0
"Ой, ну это прям пи*** какой-то.",0.0
"У меня не настолько это разве, что у меня прям тревога какая-то фоновая или депрессия из-за того, что руки у кого-то грязные.",0.0
"Ну вот, ну хорошо.",0.0
"Это просто, знаешь, для меня это как будто состояние комфорта.",0.0
"То есть я вынул руки, типа все, ну все хорошо, я чистый.",0.0
Конечно.,0.0
"А если допустить вариант того, что ты перестанешь мыть руки в определенные свои ритуальные штуки, как ты себя будешь чувствовать?",0.0
— А я спокойно могу это сделать.,0.0
Я даже проводил тесты.,0.0
— Почему ты без рук сидишь здесь?,0.0
"В этом диалоге, я только сейчас заметил.",0.0
"— Нет, мне просто полы, руки вернут.",0.0
"— Типа, не смог, понял, помыть их в лесу, отрубил.",0.0
"— Нет, я говорю, я спокойно могу.",0.0
"Мне кажется, я могу спокойно много чего сделать.",0.0
"У меня вот, например, товарищ говорит, я тебе это полно... и лизнул.",0.0
Вот эту кнопку на бачке унитаза.,0.0
"Я могу это сделать, я понимаю, что не умру от этого, но при этом это не уберет вот это чувство того, что я сделал что-то неприятное.",0.0
"Ну, короче, прикол в том, что...",0.0
Я не хочу это лечить.,0.0
"Я не вижу, что это настолько такая прям большая проблема, что она затрагивает людей, что я там с кем-то поздоровался, там где-нибудь сразу бегу мыть руки или что-то такое.",0.0
"Ну, это не мешает никак мне, ни другим.",0.0
Это не всеобъемлющая проблема.,0.0
"Она тебя не захватывает настолько сильно, чтобы для тебя это было проблемой.",0.0
"Да, я не считаю это проблемой.",0.0
"Но это, я говорю, это излишняя брезгливость просто, не больше.",0.0
"А есть какие-то элементы, типа, например, в твоем доме или в твоей, не знаю, в твоей сумке, которые ты постоянно протираешь спиртом?",0.0
Телефон.,0.0
"Спиртом, да?",0.0
"Да, спиртом.",0.0
"Не постоянно, я протираю после зала, например.",0.0
"Потому что, ну, как-то там попадешь куда-то телефон на какую-то скамью, на которой там кто-то сел потной жопой, знаешь, как-то все равно не очень приятно.",0.0
"Как-то после каких-то общественных мест, да, хочется протереть телефон.",0.0
"Ну, или, например, я не знаю, ну, ты пришел там, скажем, допустим, в стрип-клуб, например, да, это грязная штука достаточно.",0.0
После таких моментов мне очень хочется протереть телефон.,0.0
"Ну, в целом, я думаю, можно протирать телефон все равно, потому что у кого-то он прям бывает очень грязный.",0.0
"Настолько, что липкий просто.",0.0
"Ну, не такое, что я постоянно телефон протираю.",0.0
"Ну, просто после каких-то таких, может, вещей, да.",0.0
"Еще есть такое, что я, ну, там, раз в месяц обрабатываю антисептиком какие-нибудь дверные ручки.",0.0
"Вот этот смыв, кнопку смыва унитаза.",0.0
"Блин, вот прикинь, рассказать тебе, например, страшную, возможно, ситуацию для тебя.",0.0
Я вот приехал на съемную квартиру.,0.0
Вот.,0.0
И просто там живу.,0.0
"Фу, блядь.",0.0
Просто там живу.,0.0
Не протирал ничего вообще?,0.0
"Ну, я тоже не протирал ничего.",0.0
"Ну, я, может, там клиник какой-нибудь вызвал бы просто.",0.0
"Ну, клиник, по-моему, приходил какой-то.",0.0
"Ну, то есть...",0.0
"Ну, я уж не настолько, чтобы все ходить протирать вот так вот.",0.0
"Ну, поменяй постельное белье просто и все.",0.0
"А, у меня была ситуация на...",0.0
"Короче, были у друга где-то там, скажем, на даче, условно.",0.0
"И мы лежим, короче, я ложусь спать, и типа, со мной ложится девочка, и мы лежим, а я говорю, бля, что-то, ты чувствуешь, воняет.",0.0
"Я говорю, да, я чувствую, воняет.",0.0
"Прям очень сильно пахнет, непонятно.",0.0
"И мы не можем понять, откуда пахнет.",0.0
"Я нюхаю одеяло, вроде это одеяло где-то от кровати.",0.0
"И в итоге я поднимаю простыню, наволочку или простыню, которая снизу лежит, и там лежит дохлая крыса.",0.0
— Под одеялом?,0.0
"— Ну, не под одеялом, а под простыню, короче.",0.0
"Как-то забежал туда, я ее передавил.",0.0
"Какая-то розоверная, дохлая, вонючая крыса.",0.0
Мы просто лежали на этой крысе как-то.,0.0
"Я, чувак, пока лежу на дохлой крысе.",0.0
"Ну, как бы, я не сильно так, наверное, разозлился, но просто какой-нибудь, это отвратительно.",0.0
И все.,0.0
— Ты не сильно загнался из-за этого?,0.0
"— Да нет, мы ее съели сразу просто.",0.0
Я не сильно успокоился.,0.0
"Ну, крыса, как будто, знаешь, такое мерзкое создание, которое переносит болезнь.",0.0
Очень страшно.,0.0
"Да, да, да.",0.0
"Ну, не, не сильно пьяный был, может, из-за этого.",0.0
Просто перешли в другую комнату.,0.0
"Можно представить твой самую страшную ситуацию, связанную с брезгливостью?",0.0
Что вот для тебя самое страшное в этом вопросе?,1.0
"Взять обоссанный унитаз, да, вот, с такими каплями и облизать это.",1.0
"О. Ну, это как будто каждый бы этот не хотел.",1.0
"Ну, вот это вот прям пик, мне кажется, того, что не хочется сделать.",1.0
"Тут у Насти влево я нашел, мне тоже там предложили выпить рюмку пота, еще что-то там облезать.",1.0
"Тьфу, это тоже, я бы тоже, не знаю, ты бы смог выпить рюмку пота?",1.0
"Не, я не стал.",1.0
Это отвратительно.,1.0
"Я просто пропустил момент, я не одно... не смотрел шоу Насти Ивлеевой.",1.0
"Я пропустил момент, в который я начал слышать от всех подряд, что там кто-то морскую свинку какую-то ел, кто-то там бычьих х** сосал.",1.0
Кто-то.,1.0
"Ну, мне говорили.",1.0
"Ты мне говорил, что ты его ел, правда?",1.0
"Ну, я видел видео.",1.0
Короче...,1.0
"Ты знаешь, бычий х** не побрезгало съесть.",1.0
Вот почему?,1.0
"Да вот я не знаю, но он приготовлен уже, наверное, как-то поэтому.",1.0
"Если дверную ручку приготовит, ты сможешь ее рукой?",1.0
"Я же ручку облизнул, кстати.",1.0
"Я потом, правда, пошел и прополоскал рот.",1.0
Где ручку облизнул?,1.0
На шоу.,1.0
"А, то есть тебе это?",1.0
"Да, мне дали ручку.",1.0
А там еще нужно было еще что-то облизнуть.,1.0
"Я такой, типа, нет, ладно.",1.0
Я там волосы распустил или что-то сделал.,1.0
Они про это знали?,1.0
"Да, они, сука, откуда-то знали.",1.0
Я попробовал бы быть членом.,0.0
"Ну, в смысле, сигял.",0.0
"На вкус очень интересно, как...",0.0
"Я понял, что ты...",0.0
Я должен был уточнить это.,0.0
"Я понял, что ты не про формат члена говоришь.",0.0
"Знаешь, типа, описав член мужика, как то, что он бычий.",0.0
Именно здоровый.,0.0
Какой член попробовал?,0.0
"Бычий, блядь.",0.0
Ты серьезно?,0.0
"Да, у Насти Ивлеевой на шоу.",0.0
У меня не было выбора.,0.0
"Ну, был какой-то выбор, что-то нужно было сделать.",0.0
Как будто выбор был.,0.0
Но ты такой знаешь.,0.0
На шоу не началось.,0.0
"Не, на вкус знаешь, на что похоже?",0.0
"Когда ты ешь, типа, курицу, ножку, у нее есть вот эти вот жилки.",0.0
Типа хрустящие вот это хуйня.,0.0
Хрящики.,0.0
Вот то же самое.,0.0
Я причем прям слупы отрезал у него и съел.,0.0
Просто рассказываю о том.,0.0
А оливки мне все еще не нравятся.,0.0
"Ты прям, типа, ну, спокойно в этот эксперимент залетел?",0.0
Я не вижу в этом ничего плохого.,0.0
Это же просто часть тела.,0.0
"Как нога, но типа только член.",0.0
"Он же, ну, мытый.",0.0
"Надеюсь, бык его вымыл, они же моют члены.",0.0
"Да, это же самая порода быков, которые в раковине полоскают члены.",0.0
Это мыло интимное заказывает.,0.0
Самое дорогое из азбуки вкуса.,0.0
Да.,0.0
Мыло для бычьих членов.,0.0
У тебя вставал член?,0.0
Когда я был бычий член.,0.0
"Нет, но бычий член вставал.",0.0
Его еще не успели открепить от быка просто.,0.0
Просто сварили на быке.,0.0
"Просто так поставили кастрюлю, вот так вот быка.",0.0
Я обожаю животных.,0.0
"Но как будто бы это прям крайность того, что мы обсуждали.",0.0
"Да, как мы.",0.0
От квантовой физики.,0.0
К бычьим членам.,0.0
"Очень просто, мне кажется.",0.0
Но в быках не было выбора.,0.0
"Там было задание какое-то, там была карточка с заданием, нужно было что-то сделать.",0.0
Что-то жёсткое.,0.0
"Ну что-то хуже, чем бычий член съесть?",0.0
Да что в этом плохого?,0.0
"Вот честно скажу, я бы, вот если бы мне просто положили бычий член, типа варёный попробовать, я бы попробовал.",0.0
"Ну вот просто по сути, что в этом плохого?",0.0
Ну типа член.,0.0
"Да, не знаю, я говорю, такая же часть тела.",0.0
Только вкуснее.,0.0
Слаще.,0.0
То есть...,0.0
"Можно сказать, что ты хавал члены?",0.0
Ну...,0.0
"Ну, по сути...",0.0
Если говорить фактами.,0.0
Да.,0.0
А потом еще бычей попробовал.,0.0
Интересный опыт.,0.0
А яйца ел?,0.0
Или ты их просто проплоскал?,0.0
И положил обратно.,0.0
То есть он без яиц подается.,0.0
Как подаются бычьи члены вообще?,0.0
Есть какой-то...,0.0
"Ну, короче, знаешь, как он выглядел?",0.0
"Вот, по себе, тарелка.",0.0
Он лежит вот так вот на низ свернутый.,0.0
А он здоровый?,0.0
Он длинный.,0.0
Я на это видео.,0.0
Как ты хаваешь бычий член?,0.0
Просто поверь мне на слово.,0.0
"Такая здоровая хуйня, как колбаса лежит.",0.0
Это просто часть тела.,0.0
Да?,0.0
"Ну да, по сути.",0.0
А сосать бычий член?,0.0
"Сосать бычий член, но, в основном, если он на быке, я думаю, это не очень хорошая идея.",0.0
"А сосать бычий член, который отдельно от быка?",0.0
"Мне кажется, это странно.",0.0
"Я его, на самом деле, не стал брать в руку есть вот так, потому что это было немножко...",0.0
Ты его по понятиям съел?,0.0
"Да, я его по понятиям отломил, да.",0.0
Закинул.,0.0
"Отрезал, чтобы это перестало членом быть по умолчанию.",0.0
"И съел вторую его часть, да?",0.0
А ты хитер в этом плане.,0.0
Интересно.,0.0
Ты бы не попробовал бы чечен?,0.0
"Ну, не так, наверное, прям сходу, знаешь.",0.0
А как тебе нужно сначала вино угостить?,0.0
Сходить.,0.0
Хотя бы кино давай посмотрим.,0.0
Сходить с этим быком куда-нибудь.,0.0
"Это самое странное, что ты ел?",0.0
"Да, я думаю, да.",0.0
Овечью пизду.,0.0
Сушеная овечья пизда.,0.0
"Подожди, а...",0.0
"Ну, чью-то вагину из животных можно съесть?",0.0
"Ну, теоретически, мне кажется, да.",0.0
"Ну, серьезно, если говорить так, я думаю, да.",0.0
"Ну, я не слышал просто такого члена великотеса, а вагины как-то отделены в этом моменте вопросов.",0.0
"Ну, это же сложно отделить.",0.0
"Потому что в этом проблема, типа...",0.0
"А ногу, блядь, у барана не сложно?",0.0
"Нет, ногу нет, легко.",0.0
Нога – это нога.,0.0
"Вагину, типа, нужно...",0.0
О сердце.,0.0
Где заканчивается вагина?,0.0
Вот философский вопрос.,0.0
А что если все тело это вагина?,0.0
"Вот, вот.",0.0
"Вот, я об этом и говорю.",0.0
"То есть, по сути-то, есть быка, это что же за шквар?",0.0
Он же к члену прикреплен.,0.0
Это продолжение члена.,0.0
"Сань, это кипит.",0.0
"То есть, это какая-то часть члена.",0.0
"Лопатка-стейк у этого чувака, который стейки делает.",0.0
Он у Сретта является какой-то частью члена просто.,0.0
"Ну, получается, да.",0.0
Отлично.,0.0
Мне нравится это обсуждение.,0.0
"Вот сыр, да?",0.0
Что такое?,0.0
Это козий сыр или откуда он берется?,0.0
"Я, блядь, откуда знаю, откуда он берется.",0.0
Но сыр же из молока берется.,0.0
Да.,0.0
Молоко берется из сисек.,0.0
"Мы просто едим что-то выжатое из сисек животных, ты понимаешь?",0.0
"Сейчас едим, пьем вино такие.",0.0
Серьезными ебанками.,0.0
"Я говорю, ну вот, мы пьем, закусываем, блядь, и хуйней какой-то и сисик живот.",0.0
"Которая еще свернулась, к тому же и плесенью покрылась.",0.0
И разговариваем про бычьи хуйни.,0.0
Много вопросов в голове.,0.0
"Да, мир интересная штука.",0.0
"Больше вопросов стало, чем в формате квантовой механики.",0.0
Квантовой физики и всего остального.,0.0
"Как будто этот вопрос даже комплекснее больше, чем частицы.",0.0
"Более философски, да.",0.0
"Почему куриные грудки продаются на прилавках, а куриные пьеды не продаются на прилавках?",0.0
Гриньки не маленькие.,0.0
"Ну, как...",0.0
Закуска к пиву.,0.0
Сушеный.,0.0
"Ну ты хоть раз видел, что кто-то ел пизду, король?",0.0
"Ну нет, Саня, я говорю, ну кто-то по-любому ел.",0.0
100%.,0.0
"Но почему это было лично неизвестно, как...",0.0
"А кто будет говорить о том, что он ел пи***у, что он отрезал у коровы пи***у и начал ее есть?",0.0
"Ты говоришь про то, что он такой бычий ел?",0.0
"Ну, потому что это другое.",0.0
В смысле?,0.0
Мы не понимаем.,0.0
Пи*** подается как блюдо.,0.0
Оно реально существует.,0.0
А пи***а ее никто в принципе не подает пи***у.,0.0
Я про это и говорю.,0.0
Какого черта?,0.0
"Может, потому что она слишком, не знаю, сложно вырезать или что-нибудь такое.",0.0
"Она невкусная, может быть, просто.",0.0
"Они попробовали пи***у и сделали вид, что она невкусная?",0.0
Вот.,0.0
Почему они ее не подают?,0.0
"Потому что они ее попробовали и поняли, что это невкусно.",0.0
"Подожди, а ты кайфанул, хочешь сказать?",0.0
Нет.,0.0
Я попробовал.,0.0
"Так, почему его подают, если он невкусный?",0.0
"Короче, я попробовал саму залову.",0.0
Бучего члена.,0.0
"Она, знаешь, она, я говорю, как хрящ.",0.0
То есть я сам вот это мясо само не пробовал.,0.0
"Возможно, оно вкусное.",0.0
"Мне кажется, я просто не с той части, не с той стороны начал.",0.0
"Подожди, ты осознанно сделал выбор сразу начать.",0.0
"Да я не знаю, почему, да, я просто не думал.",0.0
Я залезал залову.,0.0
А как ты сделал?,0.0
"Подожди, вот типа член, ты...",0.0
"Короче, это...",0.0
И вот так его...,0.0
"Не, я просто отрезал зону и сразу сону себя в рот.",0.0
"А, хорошо.",0.0
"Давай так, зоновский вопрос.",0.0
"Тебе предлагают на выбор, коровью пи***у или бычью хуй?",0.0
"Ну, бычью хуй я уже пробовал, так что...",0.0
Так что бычью хуй.,0.0
А я...,0.0
"Не, ну, правда.",0.0
"Ну, пи***у.",0.0
"Не, ну, правда пи***у.",0.0
"Как я уже сказал, интересно попробовать пизду.",0.0
"Если бы тебе на том шоу у Явлеевой дали выбор хуй либо пизда, пизду, конечно, попробуем.",0.0
Как странно это представлять в голове.,0.0
А как она подавалась бы?,0.0
Как щечки томленые?,0.0
"Мне кажется, да.",0.0
"Опять же, мы говорим про половые губы и мы говорим про...",0.0
Я не понимаю пизду.,0.0
"Ты когда про пизду говоришь, ты как ее визуализируешь?",0.0
"Ну, вот я тебе говорю, ты вот говоришь, ты попробовал пизду или хуй пизду.",0.0
А как она должна выглядеть?,0.0
"Вот с такой, типа, как это правильно сказать?",0.0
Срез.,0.0
Или с туннелем?,0.0
Да.,0.0
"Ну, типа, как это?",0.0
"Ну, как будто с туннелем логичнее будет.",0.0
Если это...,0.0
"Если это не срез, если это, как ты выразился, с туннеля, я бы попробовал с туннеля.",0.0
Блюдо так и называется.,0.0
А ты бы что попробовал?,0.0
"Нет ощущения, что не должен быть тронут как продукт.",0.0
"Потому что это что, это типа святое?",0.0
"Ну, это сексуальный орган.",0.0
И что?,0.0
"Ну, сиськи коровьи же не едят.",0.0
"Ну, они просто невкусы, наверное.",0.0
Да откуда ты знаешь?,0.0
"Не знаю, мне кажется.",0.0
"Потом была какая-то комиссия, которая попробовала ху**и, пьет, да сиськи, и в итоге такая ху**а. Я думал, вообще все пробовали.",0.0
"Все, что было в жотном, все попробовал человек.",0.0
Какой-нибудь фермер 100% попробовал.,0.0
Это же не просто так пришло.,0.0
К нам не просто так люди едят ху**.,0.0
"Мне кажется, это просто, знаешь, в формате прикола.",0.0
"Было сделано, типа, люди такие, бля, да, мы убиваем быков, остаются до ху**а ху**.",0.0
"Да, и все задействуют, кроме ху**.",0.0
"Просто все, куча х**ов.",0.0
Куча х**ов разбросаны просто.,0.0
"Как куча сена, понял?",0.0
Вот такая.,0.0
Куча х**ов.,0.0
"И он говорит, блядь, да можно сейчас богатым просто, это как деликатес упихнуть.",0.0
Они схавывают и х**и.,0.0
Там еще и яйца остаются.,0.0
"Да, да.",0.0
Шамывают все.,0.0
А почему п**да тогда не сработают?,0.0
Вот я и не понимаю.,0.0
"Вот я и говорю, заговор какой-то.",0.0
Вот яйца БК как-то сомнительно пробует.,0.0
Них**я себе.,0.0
Ну там просто как будто...,0.0
Там как будто мяса-то нет.,0.0
Представь яйцо.,0.0
Ты разрезаешь яйцо.,0.0
Там вытекает оттуда сперма.,0.0
"Нет, его не так.",0.0
"Подают это не яйцо, пошел.",0.0
Что за хуйня?,0.0
Как бы это представляешь?,0.0
"Как бы утренний брекфаст такой, да?",0.0
"И у тебя сверху яйцо быка вылежит, а сверху яйцо, как, знаешь, как вот, да, растекается.",0.0
"По-моему, со спермой подают яйца.",0.0
"Хотя, подожди, но...",0.0
"Мне кажется, она запекается как...",0.0
Запеченная сперма быка?,0.0
Звучит как тост.,0.0
За печеную сперму быка.,0.0
Каламбурчик.,0.0
"Не, ну ты осознаешь, что бык этим хуй ебался, скорее всего?",0.0
Или и что?,0.0
"Ну и что, это что он им ебался?",0.0
"Он же ебал в пи***ду, он же не другого быка ебал.",0.0
Откуда ты знаешь про его вкусы?,0.0
"Мне кажется, нет, таких бы не подавали члены.",0.0
"Они бы были бы спидозаны, там сразу видно.",0.0
Каким образом?,0.0
"Ну, типа, бых был быка.",0.0
Извалил спидом.,0.0
Бычим спидом?,0.0
Угу.,0.0
Бычий спид.,0.0
У меня был такой недавно.,0.0
После съеденного члена.,0.0
У нас для вас плохие новости.,0.0
Член оказался спидозан.,0.0
У меня были кошмары очень страшные в детстве.,0.0
"Мне снилась хрень, которую я называл козой.",0.0
"Я это называл козой, потому что я не мог другого названия дать.",0.0
Но это ебанно не выглядело как коза.,0.0
"Короче, эта штука выглядит как какая-то костлявая хрень на двух ногах, без лица, очень тонкая, как будто просто полностью состоит из костей, такая перекореженная, очень такие тонкие длинные ноги, просто как палки, знаешь.",0.0
Она немножко светится.,0.0
"То есть такие ноги, туловище и длинные руки тоже, без пальцев, ничего, просто такие, как палки.",0.0
"И очень длинные такие рога тоже, перевивающиеся лица.",0.0
"Нет, просто какая-то искореженная хрень.",0.0
Как будто из костей какая-то стоящая херня.,0.0
"Я не понимаю, как я мог это выдумать.",0.0
"Я до сих пор, если вспоминаю, это...",0.0
Тебе это снилось прям когда-то мелко?,0.0
"Мне, слушай, мне снилось это почти каждый, почти каждую ночь, почти каждую сону она ко мне приходила.",0.0
Вот.,0.0
Это сопровождалось еще очень жутким ощущением.,0.0
Прям животный страх.,0.0
Вот я помню один из снов.,0.0
Я сплю как будто бы у бабушки на кухне.,0.0
"Почему-то на кухне, на полу я сплю.",0.0
"И я понимаю, что в квартире никого нет.",0.0
"Я понимаю, что появляется вот эта коза где-то в квартире.",0.0
Я лежу вот так вот ногами к выходу.,0.0
"Все темно, и там коридор получается.",0.0
И начинает потихоньку появляться свечение.,0.0
"Я понимаю, что она идет потихоньку.",0.0
"Я закрываю глаза и слышу, как она подходит.",0.0
"Ну, типа, немножко свет еще в глазах.",0.0
И стоит просто в этом проходе и смотрит на меня.,0.0
Ничего не делает.,0.0
"Ну, мне почему-то нужно сделать вид, что я сплю.",0.0
Вот.,0.0
"И потом мне становится страшно, я открываю глаза, и начинают на меня бежать.",0.0
"И она постоянно, короче, вот так вот мне, типа, бодала.",0.0
"И при этом вот это ощущение, как будто бы это похоже на щекотку, но что-то такое прям очень...",0.0
"Знаешь, когда тебя очень сильно щекочет, вот так вот.",0.0
"Дико неприятно, дико жуткая хрень.",0.0
Я постоянно просыпался от этого.,0.0
"Ну, и вот такие вот с нами снились, короче.",0.0
"Какая жуткая штука, на самом деле.",0.0
"Если мне такое приснится, мне...",0.0
"А в какой-то момент, знаешь, как это все исчезло?",0.0
Я просто в какой-то момент с ней подружился.,0.0
Во сне.,0.0
"Я помню момент, я сел к ней на колени, и что-то просто мы сидели, но она, типа, никаких звуков вообще никогда не задавала.",0.0
Просто какой-то такой...,0.0
Не разговаривал.,0.0
"Вообще не разговаривала, да.",0.0
Просто костлялое существо какое-то.,0.0
"Вот, очень жутко.",0.0
"И в момент я просто как-то почувствовал, что...",0.0
"Ну все, типа, подружился, и все, больше она не приходила ко мне.",0.0
Вот.,0.0
Но очень жуткая хрень была.,0.0
— То есть вообще и во взрослом возрасте такого не было?,0.0
— Во взрослом — нет.,0.0
"Я думаю, лет в семь мне точно прошло.",0.0
"Но к вопросу о том, что я боялся видеть в темноте, вот это было оно.",0.0
Оно и ещё какие-то всякие штуки.,0.0
"Но у меня очень хорошее воображение, и поэтому я умел себя хорошо накрутить.",0.0
— Звучит стрёмно.,0.0
— Угу.,0.0
— Я это прям какого-то очень хорошо вижу.,0.0
— Очень.,0.0
То есть никогда не боялся...,0.0
"Знаешь, там бывает людям сняться, там девушкам в основном какие-то маньяки или еще что-то такое.",0.0
Никогда не боялся вообще людей.,0.0
Меня это вообще никогда не пугало.,0.0
Вот меня всегда кошмарило что-то потустороннее.,0.0
"Что-то такое, типа призраки всякие, вот эти существа.",0.0
У тебя были сонные приличия?,0.0
Очень много.,0.0
Ты видел прям что-то?,0.0
Охренеть просто сколько.,0.0
Вообще невероятное количество.,0.0
Даже в какой-то момент думал писать картины по ним или снимать фильмы.,0.0
"Потому что у меня было их такое количество, что я думал, ну если я страдаю так, мне хотя бы нужно как-то это монетизировать.",0.0
Сейчас у тебя есть такое?,0.0
Сейчас нет.,0.0
А как это выглядело?,0.0
"Ну вот, смотри, я тебе могу прям рассказать вот каких-то хайлайтов своих сонных параличей.",0.0
Давай.,0.0
"Я просыпаюсь, лежа на животе, смотрю на подоконник.",0.0
На подоконнике сидит кот.,0.0
Ты двигаться можешь в этот момент?,0.0
Нет.,0.0
И в этом страх заключается.,0.0
"Первым делом ты пытаешься шевелиться, но у тебя не получается.",0.0
"И ты такой, знаешь, панику ловишь.",0.0
Почему не двигаешься?,0.0
Что за херня?,0.0
"И ты такой начинаешь, знаешь, анализировать сразу все вокруг.",0.0
И там сидит на подоконнике кот какой-то странной формы.,0.0
"И он так, знаешь, поворачивается и идет в твою сторону медленно.",0.0
А у него заместо головы кота голова младенца с красными глазами.,0.0
"И он медленно идет к тебе, как обычный кот.",0.0
И он с подоконника прыгает прямо на кровать.,0.0
А в параличе ты чувствуешь...,0.0
Ты прям чувствуешь как кровать?,0.0
Ты чувствуешь все детали.,0.0
"То есть ты чувствуешь там каждую лапку, ты вот прям очень детально все чувствуешь.",0.0
"И ты прям, знаешь, чувствуешь прыжок кошки на кровать такой, и он начинает плавно идти к тебе вот сюда на грудь, садится и на тебя вот так смотрит.",0.0
Понял?,0.0
"И ты как бы, ну...",0.0
"Подожди, сколько это длится все?",0.0
По ощущениям секунд 10 минимум.,0.0
"Нет, по ощущениям, это прям, ну, такое длительное предприятие достаточно.",0.0
"Но это, знаешь, чем догоняется?",0.0
"Тем, что ты начинаешь паниковать от этого, у тебя начинает увеличиться сердцебиение, и ты прям такой ту-ту-ту-ту-ту-ту.",0.0
"И ты как бы раз, из этого как-то типа, знаешь, и выпрыгиваешь.",0.0
Второе там сонное пролище.,0.0
"Я просыпаюсь напротив маленькой, напротив маленькой кровати, напротив кровати стоит маленькая девочка в платье.",0.0
И она начинает петь песенку.,0.0
Какую-то детскую песенку.,0.0
"Я смотрю на нее, она поет.",0.0
"От того, что она поет, у меня челюсть ломается и начинает вот так с хрустом сворачиваться вокруг головы.",0.0
Как будто она прям...,0.0
"Ну, как будто меня ломает ее пение, понял?",0.0
"Я прям ощущаю это, то есть как это работает.",0.0
"Еще, например, сонные параличи классика, когда тебя с постели скидывают.",0.0
"То есть ты вот лежишь в каком-то состоянии вот такого, знаешь, рэгдолл модели такой, типа такого овоща.",0.0
И...,0.0
"Ты чувствуешь, как кто-то одеяло тянет?",0.0
Ты такой...,0.0
"И вот, знаешь, кто-то тянет, тянет, и ты так раз туда, и прям переваливаешься, и ты типа, знаешь, так падаешь, как вот камера твоя, представляешь, ты падаешь, и так вот под кровать куда-то смотришь, и тебе страшно, потому что ты понимаешь, что тебя кто-то скинул.",0.0
В этот момент ты действительно падаешь?,0.0
Или это тебе снится?,0.0
"Нет, ты не падаешь.",0.0
Так это все-таки сон больше.,0.0
"Но прикол в том, что это, знаешь, как...",0.0
"Это связь, это граница сна и реальности.",0.0
"И в какой-то момент я даже задумывался, что это определенный навык видеть больше.",0.0
"То есть, знаешь, ты выстраиваешься на какую-то частоту, и ты видишь что-то, что обычный, как человек, ты не видишь.",0.0
То есть это действительно происходит на самом деле?,0.0
"Ну, как будто бы, знаешь, если говорить, что есть другие миры какие-то, ты как будто открываешь себе опцию, покупаешь платную подписку в своей голове, и тебе открывается что-то новое.",0.0
"Или там, например, У меня был такой сонный паралич, когда у меня огромная рука вот так вот хватала мое тело и просто ходила по всей комнате вот так вот.",0.0
Я прям как на американских горках вот так вот.,0.0
"И типа это все было связано с периодом, когда было очень большое количество эмоционального напряжения, вот такие, знаешь, прям очень плохой сон.",0.0
"И для меня тогда настолько это стало привычным, что я просто отворачивался к стене. и как бы понял прям зрение, вот так вот ставил, ну, прям в стену.",0.0
"И я прям вот так засыпал, и когда я просыпался в параличе, я слышал там, знаешь, какие-то звуки такие...",0.0
"У меня были звуковые галлюцинации тоже, вот так у меня было.",0.0
"И ты все это слышишь, и я в этот момент уже настолько к этому привык, что я такой, блин, ну отстаньте, типа.",0.0
"И меня начинали щекотать, например, типа.",0.0
"У меня начинали щекотать, и я прям лежал вот такой...",0.0
Типа не дадут уснуть мне эти черти.,0.0
"Знаешь, какие-то.",0.0
А ты читал про синдром взрывающейся головы?,0.0
И сейчас у тебя она взрывается.,0.0
"Короче, мне один раз приснился сон.",0.0
"Я не помню, что происходило.",0.0
Я как будто бы был в мире Гарри Поттера.,0.0
"И в какой-то момент я иду, идет драка Малфа.",0.0
У меня просто взрывается голова.,0.0
Я это чувствую.,0.0
"Дикая боль, звук.",0.0
"Я просыпаюсь, я прям клянусь, я почувствовал эту боль.",0.0
Я охуел.,0.0
Я тогда испугался.,0.0
"Было ощущение, как будто меня кто-то в реальности пи***нул битой по башке.",0.0
"И потом я где-то вычитал, что есть такая хуйня, как синдром взорвающейся головы, которая сопровождается болью в голове, реальной прям пи***ц похожей на настоящую, и звуком.",0.0
"Вот в точности все, как у меня было.",0.0
Вот эта хрень у меня была.,0.0
И это было пи***ц страшно.,0.0
"А то, что ты описываешь, ну это пи***ц какая жуть.",0.0
"У меня был еще момент, который мне практическую пользу в этом принес.",0.0
И он очень много вопросов за собой оставил.,0.0
Я не мог найти какие-то документы очень важные.,0.0
"Тебе приснился сон, где они лежат?",0.0
Я просто просыпаюсь в сонном параличе.,0.0
И меня начинают поднимать к воздуху.,0.0
"То есть такое, знаешь, вот типа кого-то тебя тянет, тянет, и ты летишь к потолку.",0.0
"Ты вот в лежачем положении чувствуешь, как ты летишь к потолку, и ты как бы все это лицезреешь, что происходит.",0.0
"И я вот так вот типа подлетаю, подлетаю, подлетаю, и вижу, поворачиваю голову, вижу на шкафу папку с документами.",0.0
"Я такой, а, вот же она, типа.",0.0
"И понял, я просыпаюсь, и такой в кровати.",0.0
"Я такой, а, так я же, ну...",0.0
"Я же знаю, где документы.",0.0
"Я беру стул, подхожу, ставлю, и там реально эти документы.",0.0
Как это можно объяснить?,0.0
"Твой мозг вспомнил просто, куда ты это положил?",0.0
Или ты действительно в какую-то реальность попадаешь?,0.0
Ты можешь допускать такую вероятность?,0.0
"Это невозможно объяснить, потому что это неизученная область.",0.0
"То есть все, что ты...",0.0
Как бы ты это объяснил?,0.0
"Все, что ты сюда добавишь, может иметь место быть.",0.0
"То есть все, что ты себе придумаешь...",0.0
Как тебе ближе?,0.0
Какое объяснение вот таким штукам?,0.0
"Мне ближе, наверное, то, что это определенная работа мозга, определенный баг системы.",0.0
"То есть, грубо говоря, у тебя есть состояние того, что к тебе приходит сон.",0.0
И вот состояние сна — это какой-то вот такой вот бессознательный формат имеет.,0.0
То есть это просто появляется как-то внутри тебя.,0.0
И сонный паралич — это когда у тебя неправильно выключаются все... рубильники.,0.0
"Нет, это когда, насколько я помню, просыпается какая-то часть мозга, какая-то еще спит.",0.0
"Да, да, да.",0.0
"То есть спит часть, которая вот еще не запустила двигательную систему, но ты уже как бы проснулся, и вот это все за собой это рождает.",0.0
"Но опять же понял, очень много в жизни вопросов, которые такие, ну, возможно, это так, а возможно, это не так.",0.0
Давай попробуем с тобой поговорить о судьбе.,0.0
Вот судьба существует?,0.0
А что в твоем представлении судьба?,0.0
Что все предначертано и предопределено.,0.0
Не могу тебе ответить на этот вопрос точно.,0.0
"Я в то же время считаю то, что, возможно, есть куча других вселенных, в которых все по-разному идет.",0.0
"Но конкретно в этой вселенной, смотри.",0.0
Ты же не переключаешься между вселенными.,0.0
"Если мы говорим про понятие мультивселенных, ты все-таки в одной.",0.0
А вдруг твое сознание может переключаться и находиться в разных вселенных?,0.0
"Ты говоришь про то, что умирая в одной вселенной, ты оказываешься в другой?",0.0
"Нет, немножко про другое.",0.0
"Когда мы идем, у тебя может сознание идти в одну вселенную, потом в другую вселенную.",0.0
Это тоже такой очень философский вопрос.,0.0
"Это еще если учитывать то, что сознание одно всего.",0.0
А может быть в каждой вселенной есть свое сознание.,0.0
"Если мы находимся в... в какой-то одной вселенной всегда, то там 100% есть судьба, скажем так.",0.0
Просто судьба это такое больше...,0.0
Человеческое понятие.,0.0
"Человеческое понятие, да, такое ненаучное.",0.0
Вот с научной точки зрения это вот такая штука больше.,0.0
"Но если говорить приближенно к человеческому понятию судьбы, то, что все...",0.0
Что в твоем понимании судьба?,0.0
"Все, что с тобой происходит в будущем, это уже...",0.0
И ты никак не можешь на это повлиять.,0.0
И ты никак не можешь на это повлиять.,0.0
"То есть, я объясню, что.",0.0
"Вот, например, смотри, мы с тобой сидим, и я сейчас хлопнул в ладоши.",0.0
Я решил это сделать сам.,0.0
Но решил ли я это сделать сам?,0.0
"Вдруг это уже записанная, как бы, знаешь, кассета.",0.0
"Типа, я делаю какие-то вот действия, которые, так скажем, уже были и заранее продуманы.",0.0
Вот про что.,0.0
"То есть, ты такое можешь сейчас сказать, знаешь, там, сойти с ума и сказать, типа, ага.",0.0
Сделать какую-то рандомную хрень.,0.0
"Да-да-да, я понимаю.",0.0
"Я не знаю, Сань.",0.0
"Вот правда, я не знаю.",0.0
Не могу ответить на этот вопрос.,0.0
"Ты замечал когда-то в своей жизни штуки, что ты такой...",0.0
"Вот что-то делаешь, и как будто тебя жизнь подводит к чему-то.",0.0
Ты говоришь про интуицию сейчас?,0.0
"Ну, как будто бы ты такой...",0.0
"Вот я хочу, например, сделать что-то из этого.",0.0
И...,0.0
"Чувствуешь, как жизнь тебя в это толкает.",0.0
"Да, да, замечал.",0.0
"Это меня больше наводит на мысли о том, что мы находимся в симуляции.",0.0
"Ну, ты знаешь, это как это называется, когда ты визуализируешь что-то, и потом тебе это приходит.",0.0
"Да, это действительно так.",0.0
"И я не знаю, как это объяснить.",0.0
Расскажи подробнее.,0.0
"Ну, я не вспомню, у меня не было прям какого-то такого крупного примера.",0.0
"Ну, допустим, даже, не знаю, то, где я нахожусь сейчас.",0.0
"Я, возможно, как-то представлял себя.",0.0
И вот я к этому пришел.,0.0
Как главный пример.,0.0
А почему тогда эта симуляция?,0.0
Как в симулятивном формате это работает?,0.0
Ну а как еще это объяснить?,0.0
Почему это происходит?,0.0
"Почему, когда ты о чем-то сильно думаешь или чего-то сильно хочешь, это происходит?",0.0
Я могу это объяснить.,0.0
"Потому что у тебя мозг натачивается на вот это, и он видит конкретный план действий, чтобы к этому прийти?",0.0
"Ну это цепочка, когда у тебя есть определенная мысль, она рождает за собой определенную реакцию.",0.0
"Это определенная реакция, она толкает тебя к определенным действиям.",0.0
"И эти действия дают тебе результат, грубо говоря.",0.0
И в целом мысли человека формируют его быт.,0.0
Это же так?,0.0
Да.,0.0
"То есть, грубо говоря, если человек сошел с ума, значит, он начинает делать какие-то странные действия.",0.0
"Грубо говоря, он сидит дома, не выходит из дома и раскладывает... цифры в правильном порядке, чтобы не произошел конец света, к примеру.",0.0
"Дома какие-то, не знаю, рисуют штуки на стенах.",0.0
"Получается, его мышление его толкает к действиям.",0.0
"Раз его мозг болен, и он начинает в эту сторону ходить, значит, если у обычного человека любое его мышление точно так же двигает его в сторону определенных действий.",0.0
"Да, я понял.",0.0
"Я говорю больше про такие более, так скажем, подозрительные совпадения.",0.0
Например?,0.0
Например.,0.0
Как пример?,0.0
"Ты видел девочку какую-нибудь в Инстаграме красивую, думаешь, блин, я бы хотел с ней познакомиться.",0.0
И на следующий день ты ее просто случайно встречаешь в ресторане или в метро.,0.0
Как это объяснить?,0.0
Какая вероятность вообще вот этого?,0.0
Малейшая.,0.0
Малейшая.,0.0
"При этом, конечно, да, наш мозг способен, он в основном акцентирует внимание на то, что как бы...",0.0
"Везде ищет связи, так скажем.",0.0
"Но бывают такие совпадения, как я сейчас привел, я просто не смогу вспомнить еще.",0.0
Вот что-то такое.,0.0
Как вот это объясняется?,0.0
"То есть жизнь как будто тебе, знаешь, говорит, ты этого хочешь?",0.0
"Держи, окей.",0.0
"Посмотрим, что ты будешь делать дальше с этим.",0.0
Вот я про это тебе говорю.,0.0
"Как будто бы ты стример, и сверху на тебя смотрит какой-то человек.",0.0
"Да, вот как ты рассказывал.",0.0
Который как-то этим форматом управляет.,0.0
"Да, да.",0.0
"Знаешь, есть такая мысль, вот нашей Короче, первый человек сколько?",0.0
20 миллионов лет появился назад.,0.0
Абсолютно не знаю.,0.0
Давай будем считать так.,0.0
"Допустим, 20 миллионов назад появился первый там Homo sapiens какой-нибудь.",0.0
"За последние 20 лет наши технологии скакнули до того, что мы...",0.0
У нас игры отличишь практически от реальности.,0.0
"Ну да, все очень сильно развивается.",0.0
"Нашей вселенной 14,5 миллиардов лет.",0.0
А по последним данным гораздо больше.,0.0
"А теперь представьте, цивилизация, которая зародилась...",0.0
5 миллиардов лет назад.,0.0
"И у этой цивилизации не 20 лет было, а 5 или 4 миллиарда лет.",0.0
"На то, чтобы создать пи***ц какую реалистичную игру.",0.0
"Настолько, что в этой игре игроки чувствуют себя живыми.",0.0
И в какой-то момент они развились в этой игре настолько...,0.0
Что создали еще одну симуляцию?,0.0
Симуляцию в симуляции.,0.0
"А, так вот, я понимаю, к какой ты теории приходишь.",0.0
"И так далее, далее, далее.",0.0
"И мы находимся, возможно, в какой-то простой симуляции.",0.0
"Что мы находимся либо в начале, либо в конце.",0.0
Либо в цепочке уже симуляции.,0.0
"То есть мы стали симуляцией, которая создала свою симуляцию.",0.0
"Ну, пока что мы еще не создали такую симуляцию.",0.0
"Ну, грубо говоря, так что мы либо в начале, либо в конце находимся.",0.0
Вот эта цепочка.,0.0
Тоже очень интересная мысль.,0.0
"Что самое интересное, финальное, как бы, что хочется сказать?",0.0
Это абсолютно ничего не меняет.,0.0
"Да, ничего не меняет.",0.0
Это же интересно.,0.0
Это очень интересно.,0.0
Но это вообще не меняет положение дела.,0.0
"Возможно, это поменяет, если мы это как-то хакнем и поймем к этим пользоваться.",0.0
"Я проснулся и увидел глазами, что я робот.",0.0
"Те и то недостаточно, чтобы поменять свою жизнь.",0.0
"Если мы находимся в симуляции, и мы отыграем любой сценарий, вот, например, мы отыграем сценарий того, что в нас метеорит когда-то должен врезаться и разнести всю Землю.",0.0
"Каждая жизнь на планете, она все же жизнь.",0.0
Каждая.,0.0
"Я, ты — это все же жизнь.",0.0
"То есть мы, по сути, живем обычную жизнь, но когда-то произойдет сценарий, ради которого мы были созданы.",0.0
"Нет, возможно, как раз-таки то, ради чего мы были созданы, не предполагает того, что они знают, что будет в конце, понимаешь?",0.0
"То есть настолько, да, ты не знаешь, что будет, ты просто смотришь за тем, как это развивается.",0.0
То есть это как эксперимент?,0.0
"Как эксперимент больше, возможно, да.",0.0
"Типа это как, знаешь, что-то добавить, что-то посмотреть, как с этим взаимодействуют люди.",0.0
"Да, я не говорю, что я живу с...",0.0
"С уверенностью о том, что это так работает.",0.0
"Видимо, что-то не то сказал.",0.0
Вот она и симуляция.,0.0
"Я просто как рассуждение скажу, что очень забавно, что у нас Свет вырубился на разговоре про симуляцию.",0.0
Да.,0.0
"Недавно ситуация была, как раз мы были с девочкой, и мы лежим, я начинаю немножко подшугивать.",0.0
Да.,0.0
"Типа, вот, слышал какие-то шорохи, и она начинает пугаться.",0.0
И в момент включается телевизор сам.,0.0
И от этого я пугаюсь.,0.0
И она типа в ***.,0.0
"Потом сервизор вырубается сам, она лежит, типа я немножко еще ее подпугиваю, и в моменте я говорю, а прикинь, типа если он еще раз включится, как я х***ю?",0.0
"Он включается, она начинает визжать просто.",0.0
И от этого мне становится страшно.,0.0
Вот сейчас тоже похожая ситуация.,0.0
"Так что да, случайность не случайна.",0.0
"Вот, я говорю, опять же рассуждение.",0.0
"То есть и теорию Дарвина, как бы, я тоже...",0.0
"Ну, нельзя из этого исключать теорию Дарвина.",0.0
"Возможно, просто эта симуляция была запущена с момента большого взрыва, условно, который мы называем большим взрывом.",0.0
"А это просто кто-то включил симуляцию и смотрит, как развивается жизнь.",0.0
Жизнь в любом ее проявлении.,0.0
"Будь то дерево, бактерии или еще что-то.",0.0
"И опять же, те вещи, про которые ты говорил, то, что ты видел, и то, что там многие люди видели, это может быть просто...",0.0
Результатом бага какого-то симуляции.,0.0
"В любом случае, даже если...",0.0
"Сейчас соберут все ученые и скажут, что мы 100% находимся в симуляции, это ничего не изменит.",0.0
Ничего не изменит.,0.0
Абсолютно.,0.0
"Я не скажу, что я буду переживать наоборот.",0.0
"Прикольно, интересно.",0.0
"Хотя мы будем знать, откуда мы.",0.0
Что мы такое?,0.0
"Убьешь себя, нет?",0.0
Зачем?,0.0
Ты же играешь в игру.,0.0
"Мне кажется, наоборот, будет еще интереснее играть в нем. Ты бы мыл руки тогда, если бы узнал, что мы в симуляции?",0.0
Конечно.,0.0
Конечно.,0.0
"Ну, может быть, наша симуляция, эта планета вся создана для того, чтобы проверить твой ОКР.",0.0
"Да, опять же.",0.0
"Ты центр, а мы вокруг — это просто распространители грязи.",0.0
Типа NPC просто?,0.0
Да.,0.0
"Ты задумался, что ты главный герой?",0.0
Да.,0.0
"Ну, я не говорю, что я верил в это.",0.0
"Просто, ну, знаешь, ты когда прокручиваешь ситуацию, думаешь, типа, а что если так?",0.0
Где-то пытаешься раздуть и как-то для себя оправдать.,0.0
"Можно также предположить, что я NPC, например, а ты нет.",0.0
"Ну как, ты же осознаешь себя.",0.0
"Да, ну, может быть, мне кажется, что я себя осознаю.",0.0
"А может быть, ты действительно себя осознаешь, просто я-то не могу это осознать, как я не способен просто.",0.0
Заглянуть внутрь моих мыслей?,0.0
"Да, типа, понять, насколько это на самом деле быть живым.",0.0
Я-то просто симуляция.,0.0
А вот ты действительно обладаешь сознанием.,0.0
"Тебе не кажется, что большое количество людей в нашей жизни живут как МПС?",0.0
Можешь привести пример?,0.0
"Ну, делают круг действий каких-то.",0.0
"Думаешь, они действительно не обладают сознанием?",0.0
Вот ты начнешь с ними разговаривать.,0.0
"Как мы говорили про, кажется, вы бабушку.",0.0
"Ты будешь задавать какие-то такие вопросы, такие, как, например, мы с тобой сейчас обсуждаем.",0.0
"Многие люди просто не способны, они просто сразу начинают... уходить как-то от этого.",0.0
"Думаешь, они NPC?",0.0
Или просто им это неинтересно?,0.0
"Мне кажется, это пи*** интересно.",0.0
"Ты намекаешь сейчас на то, что моя бабушка NPC.",0.0
Погодите-ка.,0.0
Не можешь же ребенок быть зато NPC?,0.0
"Подожди, почему?",0.0
Ты же не знаешь факта его появления.,0.0
"Может быть, я нерожденный ребенок.",0.0
"Может быть, меня просто воссоздали.",0.0
"Может быть, кстати, да.",0.0
"Сказали, типа, вот это твоя мама.",0.0
Ты же не помнишь момент своего рождения?,0.0
Никто не помнит.,0.0
"Ну вот, видишь.",0.0
"Я что-то катался в городе с другом уже поздно ночью, и мне звонит мой приятель Ваня.",0.0
"И говорит, Ян, ты где?",0.0
"Я говорю, я вот, типа, катаюсь.",0.0
"Он говорит, у тебя есть что-нибудь?",0.0
"Там с собой нож какой-нибудь, там, бит или что-нибудь такое?",0.0
"Я говорю, у меня вроде в машине какой-то, знаешь, такой ножик раскладный лежал.",0.0
"Я говорю, да, есть, а что такое?",0.0
"Он говорит, а можешь подъехать сейчас туда-туда, там на дорогу, тут типа какой-то рамс намечается или что-то такое.",0.0
"Я говорю, ну ладно, давай.",0.0
"Все, я подъезжаю, стоит машина у моего друга, он выбегает резко на дорогу, говорит, типа, Ян, стоит, тормози, глуши фары, говорит.",0.0
"Я говорю, что такое?",0.0
"Он говорит, там, короче, дальше что-то какие-то ребята стоят, заряженные, типа, какие-то там рамсы жесткие, что-то такое.",0.0
"А сейчас, говорит, Ну, надо что-то делать, надо как-то что-то решать.",0.0
"Он мне все это рассказывает, и в момент выходит из темоты чувак, короче, с автоматом.",0.0
Вот так вот.,0.0
"И целится в машину, у меня друг, типа, прячется, и он просто начинает в тачку шмалять, короче, из автомата.",0.0
"Я с товарищем все же, я вот так вот падаю на, ну, типа, вот так вот за сидение, вот так вот под руль, и жду, пока мне, ну, типа, начнут пули ху**ть.",0.0
"Я все, я думаю, сейчас меня нахуй стреляют просто.",0.0
"Я чувствую, я слышу выстрелы.",0.0
"И понимаю, что не прилетает в машину ничего, никаких звуков нет.",0.0
"Я просто поднимаю голову, и у меня товарищ с этого угорает с автоматом.",0.0
"Он работает где-то в ФСБ, у них там дают штатское оружие.",0.0
"И он просто зарядил туда холостые патроны, и вот так вот решил меня на***ть.",0.0
"Вот это был момент, когда я думал, что я на*** умру, потому что меня расстреляют.",0.0
"Это страшно, да.",0.0
"Но это забавно, на самом деле, если так сказать.",0.0
"А прикинь, а маньяк, который просто может тебя убить.",0.0
Я думал об этом.,0.0
"Я допустил эту возможность в голове, но потом подумал, блин, так и я могу быть маньяком, который может тебя убить.",0.0
"А прикинь мне два маньяка, которые друг друга должны убить.",0.0
"Не, ну мы же...",0.0
"Все же знают, где мы находимся.",0.0
"Все знают то, что я с тобой ушел, ты со мной ушел.",0.0
"Если я тут вернусь один такой, ну, когда-то Саня пропал, то отозрительно будет.",0.0
"Но если только я не совсем отморозг, знаешь, которому вообще похуй.",0.0
"Типа мне поебать, я сяду, мне похуй, Саня.",0.0
Да никогда не хотел убить кого-то.,0.0
"Не, серьезно.",0.0
"Не было таких мыслей, типа, конечно, там, сталкнуть кого-то, топором зарубить, там, застрелить.",0.0
"Не знаю, возможно, это мысли какие-то, которые проецируются в момент...",0.0
"Мне кажется, это вообще прикольно было бы.",0.0
"Момент мыслей, который проецируется в момент внутренней агрессии, очень сильный, скорее всего.",0.0
Это как выход выпуска какой-то определенной агрессии.,1.0
"Просто вот так вот, блядь, берешь прям в башку, бам, нахуй, и все.",1.0
Человека нет.,1.0
"Ну да, забавно.",1.0
"Ну, допустим, а задумался о таком.",1.0
Достаю ствол и убиваете.,1.0
Нож берешь вот так.,1.0
"Бам, нахуй, чувака.",1.0
"Ты у меня топор, Сань.",1.0
— А у меня нож.,1.0
— Ну и чё?,1.0
"Ты чё, топором полегче будет ебать, мне кажется, у тебя же нож.",1.0
Я так раз и размахнусь.,1.0
"Ладно, всё, я заканчиваю всё-таки.",1.0
Извини.,1.0
— Мне кажется.,1.0
"Блин, я хотел...",1.0
Я так...,1.0
"Ладно, потом тебе расскажу без камеры.",1.0
"Я так человека убил, нахуй.",1.0
— Как мы себя можем осознать?,1.0
Кого?,1.0
"— О, кто-то стрельнул.",1.0
Слышал?,1.0
Слышишь?,1.0
Ты выстрелил?,1.0
Да.,1.0
"Они все ближе, Саня.",1.0
"Да, ну, может, охотники какие-нибудь ходят.",1.0
"Главное, чтобы нас не спутали, блядь, потому что, ну, знаешь, такие случаи есть, потому что, знаешь, типа, людей путают с животными и стреляют.",1.0
"У меня так у бабушки родного брата топили, чтобы ты понимал.",1.0
