text,label
"— Ну, не впервые, но с тобой — да.",1.0
— Да.,1.0
"Ну, в общем, друзья, если кто-то не в курсе, Егор Крид — человек, который обычно бывает в чайхане, кальянчик, вот это вот пых-пых, корона-экстра — пьет настоящий крафтовый пиван прямо.",1.0
— Добро пожаловать в наш простой мир.,1.0
— Спасибо.,1.0
"— Рассказывай, ты теперь свободный человек?",1.0
— Я был всегда свободным человеком.,1.0
"— Ну, а теперь ты официально свободен, потому что ты не на «Блэк Стар».",1.0
— Да.,1.0
— Как это произошло?,1.0
— Что именно?,1.0
Расставание с Бэкстаром.,1.0
"Слушай, ну, вкратце или...",0.0
Можно длинно.,0.0
Окей.,0.0
"Можешь даже назвать тот день, что ты делал, когда ты понял, что пора расставаться.",0.0
"Ну, где-то за месяц до того, как у нас подходила дата окончания контракта.",0.0
12 марта.,0.0
"12 марта, да.",0.0
Правильно.,0.0
"Мы встретились с ребятами, они сделали мне предложение, как бы совсем другие условия, чтобы продлить контракт.",0.0
Вот я как бы их...,0.0
"Рассмотрел, но в итоге потом все равно принял решение, что буду двигаться самостоятельно и все.",0.0
Почему?,0.0
Мало денег?,0.0
"Нет, дело не в деньгах.",0.0
"Дело в том, что просто, во-первых, я перерос всю эту историю.",0.0
"Быть артистом, подпродюсером.",0.0
"Потому что я пишу песни себе сам, продюсирую клипы все свои сам.",0.0
"Какие-то процентов, наверное, 90 клипов я смонтировал полностью сам, сидел там с монтажерами.",0.0
Вот.,0.0
И я сам хочу быть продюсером самого себя. принимать самому решение и отвечать за них полностью.,0.0
Нести ответственность за самого себя.,0.0
Как-то так.,0.0
"Как встретили эту новость, чуваки?",0.0
"Пашу и Тимати, я правильно понимаю, они вели переговоры?",0.0
"Пашу и Тимати Вальтер, их трое.",0.0
Так.,0.0
"Ну, слушай, я думаю, что когда у тебя уходит самый главный актив в компанию, то это вызывает сомнения, вопросы, и, конечно же, им не очень, наверное, эта история понравилась.",0.0
"Ну, в том плане, что я думаю, что они были расстроены тем, что я не подписываю контракт с ним дальше.",0.0
Что ты можешь по деньгам рассказать?,0.0
"Ходили слухи, что работая в «Блэкстаре», ты получаешь сильно меньше половины от того, что ты зарабатываешь.",0.0
"То есть, грубо говоря, концерты…",0.0
"Ну смотри, так как это конфиденциальная информация, в принципе, да, я не могу тебе сказать, но ты можешь предположить, я могу с тобой согласиться.",0.0
Такой варианток?,0.0
"Да, давай, давай.",0.0
"40% от концертов и всей прибыли тебе, 60% «Блэкстару».",0.0
— Еще вариант?,0.0
— Ну вот я о таком слышал.,0.0
Это были новые условия.,0.0
— Что новые условия?,0.0
— Предлагались такие новые условия.,0.0
"— А, я думал, ты про старые условия.",0.0
Вторые условия были чуть ниже.,0.0
— Ниже?,0.0
А предлагались?,0.0
"— Полностью зеркально, но еще лучше.",0.0
"— А, еще лучше?",0.0
— Да.,0.0
"— У тебя есть, насколько я знаю, условия по контракту, что ты не можешь поливать Blackstar говном?",0.0
Так ведь?,0.0
"Просто все, кто уходит, на таких условиях расстаются, насколько я понимаю.",0.0
"У меня, в принципе, нету задачи и нет желания этого делать.",0.0
"Ты можешь вспомнить поступок, который у тебя произошел за последние 5-7 лет, который ты считаешь ошибкой?",0.0
Мой поступок?,0.0
"Да, именно твой.",0.0
"Да я, слушай, так сразу не вспомнишь.",0.0
У меня много было ошибок.,0.0
"Ну, приведи пример.",0.0
"Клип, который ты бы не выпускал, песня, которую бы ты не писал.",0.0
"— Концерт, на который бы ты ни ехал.",0.0
"— Слушай, у меня есть один клип, который мне нравится меньше, чем все остальные.",0.0
— Это какой?,0.0
— Называется он «Мало так мало».,0.0
"Вот я очень люблю эту работу, и когда я смотрю этот клип, я прям вот с фейс-палом сижу.",0.0
— А что там не так?,0.0
"— Ну, просто это была спродюсированная полностью история не мной.",0.0
"Я как бы не участвовал вообще в этом, в принципе, сценарии.",0.0
Я там что-то подсказывал.,0.0
"Та идея, которая должна была у нас быть в итоге...",0.0
Получилось не такое.,0.0
Получилась не очень история.,0.0
"Его так все как-то задислили, и мне он самому не нравится.",0.0
"Так, то есть все произошло полюбовно и без проблем?",0.0
Что именно?,0.0
Расставание.,0.0
"Не, ну конечно, это было долго.",0.0
"Контракт закончился 12 марта, получается, и где-то через полтора месяца мы только пожали друг другу руки и... добились того, что у меня есть мой товарный знак Егор Крид, и есть мои песни, я могу их исполнять.",0.0
И имя остается?,0.0
Да.,0.0
"Ну, конечно же, там Пашу давал, генеральный директор Лэббл Экстар давал интервью, где говорил, мы сейчас как бы общаемся и дальше будем понимать, останется ли он Егором Кридом и так далее.",0.0
"То есть, понятно, они могли просто забрать товарный знак и не дать права исполнять песни, мои же.",0.0
Почему они его не забрали?,0.0
Лёва Эльван не может сейчас разойтись.,0.0
Он в процессе переговоров по-прежнему.,0.0
"Слушай, ну, я не знаю, наверное, у меня получилось договориться как-то...",0.0
"Получилось договориться как-то лучше, чем у него, я не знаю.",0.0
"Ну просто смотри, я такой чувак, что я, несмотря на то, что там люди меня воспринимают очень спокойным, тихим и таким, знаешь, вылизанная картинка, но у меня есть яйца, и я как бы, если я поставлю себе цель, я буду ее добиваться.",1.0
"И было где-то 3 или 4-5 встреч, где мы долго обсуждали все, общались, и в итоге на взаимно выгодных условиях пожали руки и полюбовно разошлись.",1.0
— На какой из этих встреч появилась Карина Ротенберг?,1.0
— Ни на одной ее не было.,1.0
— Где и когда вы познакомились?,1.0
"— Слушай, мы познакомились до Нового года.",1.0
"На автопати, по-моему, или на...",1.0
Это какое-то было мероприятие Эмина Агаларова.,1.0
"То ли «Жара», то ли что еще.",1.0
Я не помню точно.,1.0
"Я точно пел где-то песню «Совет настроение черное», она была в зале.",1.0
И потом...,1.0
"Через, наверное, часа два мы встретились где-то на автопате.",1.0
И вы подружились?,1.0
Да.,1.0
А какого рода эта дружба?,1.0
Ты выступал у них на семейном торжестве?,1.0
"Нет, ни разу.",1.0
Вы общаетесь?,1.0
Да.,1.0
"Мы общаемся, дружим.",1.0
"Просто смотри, здесь я в пример могу привести Кобзона, с которым я был знаком.",0.0
"И это замечательный просто человек, царство небесное.",0.0
"Это человек, который огромной величины, который общается с разным... как бы населением с любыми людьми разного калибра, будь то там политики, депутаты, спортсмены, актеры, бизнесмены и т.д. и т.п.",0.0
"И так получилось то, что мы познакомились, подружились, вот и все.",0.0
То есть ничего другого.,0.0
"Егор, ты Карину Ротенберг с Кобзоном сравниваешь?",0.0
"Нет, почему?",0.0
Я сравниваю себя.,0.0
"То, что у артиста, когда у него есть большая величина, он общается с разным калибром людей, вот и все.",0.0
"Но познакомились мы не с Кариной первым, а с Борисом Романовичем.",0.0
"Это правда, что если бы не они, не имя, не песни, ты бы себя не оставил?",0.0
Мы чуть опоздали с этой темой.,0.0
"Я хотел уже здесь об этом сказать, что это неправда.",0.0
"Но буквально час назад до нашего интервью Тимати выложил опровеждение того, что Борис Роман Шерденберг, к его сожалению, не участвовал в сделке между мной и Blackstar.",0.0
То есть это правда...,0.0
"То, что его там не было.",0.0
"Смотри, я про то, что Ротенберги вписались за тебя, услышал за несколько дней до новостей.",0.0
"Я не помню, кто-то Стархит написал или кто-то из этих шоу-бизнесских медиа.",0.0
Телеграм-каналы всякие.,0.0
Я узнал это не от них.,0.0
От кого?,0.0
"Я не могу сказать, но от людей, которым я доверяю гораздо больше, чем Стархиту.",0.0
И версия следующая.,0.0
Когда переговоры стали идти хреново...,0.0
"Егор Крид обратился к дружественному себе семейству Ротенбергов и сказал, «Друзья, а могли бы ли вы мне помочь?»",0.0
И Ротенберги помогли Егору Криду развестись с «Блэкстаром полюбовно».,0.0
Это не так.,0.0
"Ну, всё, что я могу сказать, что это неправда.",0.0
Вот и всё.,0.0
"Мы дружимся, общаемся, но чтобы идти к ним за помощью и говорить, пожалуйста, помирите меня с «Блэкстаром», И нет смысла.",0.0
"Тем более вся эта движуха длилась, я не знаю, месяца полтора.",0.0
"А если бы я обратился к ним, то решилось бы всё время, я думаю, гораздо быстрее.",0.0
"Ты в курсе, как разбогател Борис Ротенберг?",0.0
Нет.,0.0
Никогда не интересовался?,0.0
Никогда не интересовался.,0.0
Как ты будешь вспоминать пацанов из «Блэкстара»?,0.0
"Я благодарен им за то, что 7 лет мы были одной командой, и за то, что несмотря на разные расхождения, разногласия, я думаю, что я многое узнал за все это время.",0.0
"Что, например?",0.0
"Я взрослел вместе с ними, я пришел молодым пацаном, мне было 17 лет.",0.0
"Я переехал один в Москву, я жил без семьи, без родителей.",0.0
"А когда ты в таком возрасте, когда ты привык к тому, что там, я не знаю, ты утром просыпаешься, и ты видишь там лицо мамы, папы, и если тебе дерьмово, ты можешь сюда подойти и сказать, блин, бать, что мне делать в этой ситуации?",0.0
"А здесь ты один, огромный город, ты здесь никого не знаешь, я из Пензы, у меня маленький город, понимаешь?",0.0
"И там другая, абсолютно другой уровень всей этой движухи.",0.0
"И огромный мегаполис, который тебя реально начинает сжирать.",0.0
"И тут вот момент, выстоишь ты или нет.",0.0
"И пацанам спасибо, во-первых, за то, что они были, ну, как бы моей стеной определенной.",0.0
И были со мной при моем взрослении.,0.0
"Ну и, конечно, это огромный опыт.",0.0
"Хоть раз ты что-то делал, что не хотел делать, но нужно было?",0.0
Не знаю.,0.0
"Наверное, да.",0.0
"Больше да, чем нет.",0.0
Больше удачи мне?,0.0
"Да, но такого не было, чтобы меня что-то заставляли никогда.",0.0
"И не говорили мне, если ты это не сделаешь, то тебе будет плохо и тому подобное.",0.0
"То есть мне как-то повезло, что мы выстроили так отношения с ребятами с Пашу.",0.0
"У нас с Пашу были самые близкие отношения из всего лейбла, что ко мне как-то... по-другому относились, чем ко всем артистам.",0.0
А тебя же выпереть хотели?,0.0
"Если я ничего не путаю, ты почти три года был якорем компании.",0.0
"Ну, не то что якорем, просто когда 17 лет мне было, я приехал, подписал контракт, потом два года где-то, или два с половиной, я не помню, я ничего не зарабатывал.",0.0
Чего тебе платили?,0.0
"Я не знаю, но у меня концерт тогда стоил где-то, не знаю, тысяч 30, может, 40, и я получал в месяц где-то... со всеми расходами, в итоге, там, тысяч 30, 40, 50, где-то на протяжении двух лет.",0.0
"И тогда ко мне подошли ребята из Blackstar, сказали, мы готовы тебе отдать контракт, потому что мы не видим в тебе перспективы, ты не приносишь нам деньги.",0.0
"Я сказал, ребят, дайте мне еще время, и через некоторое время, по-моему, недели две, может три, я выпустил свой первый хит.",0.0
Самое-самое?,0.0
Да.,0.0
И тогда вся движуха пошла.,0.0
Как ты сейчас вспоминаешь этот хит?,0.0
Охренительно.,0.0
"Вообще, со всей любовью и...",0.0
"Просто как это было написано, и...",0.0
"Я не знаю, это какой-то был волшебный момент.",0.0
"То есть, знаешь, когда ты бьешь в одну точку, бьешь, бьешь, бьешь, бьешь, и думаешь, блядь, ну уже два года прошло.",0.0
"Ты находишься на крупном лейбле, но ничего не получается.",0.0
"И здесь ты бьешь, бьешь, бьешь, бьешь в одну цель, и в итоге все получилось.",0.0
И было это просто очень внезапно.,0.0
"Я написал альбом «Холостя», который называется.",0.0
"Уже полностью он был готов, мы его начинали сводить.",0.0
"И, короче, мы сидим на диване.",0.0
"Охрененная была хата, была съемная квартира, где мы писали первый альбом.",0.0
Мы там жили всей нашей бандой музыкантов из Украины.,0.0
"Между тем, как мы писали песни, у нас на микрофоне мы носок надевали вместо пупфильтра.",0.0
И на кухне очень часто с помощью дезодорантов и зажигалки херачили тараканов.,0.0
"В общем, вот в такой атмосфере мы работали.",0.0
"И это было, мне кажется, самое лучшее время, которое было в моей жизни.",0.0
Это была такая крутая творческая атмосфера.,0.0
"В общем, записан альбом, мы сидим.",0.0
"И Палагин, есть такой чувак, он битмейкер из Украины, Влад, он то ли начинает наигрывать на гитаре, то ли он нашел какой-то гитарный сэмпл в программе.",0.0
"И я говорю, так, подожди, блин, это очень круто.",0.0
И начинаю фристайлом накидывать текст песни самое-самое.,0.0
Она любила кофе в обед.,0.0
"И все, написал куплет, написал бридж.",0.0
"И на тот момент еще Миша Марвин, который сейчас является артистом «Лой Блэк Стар», он не работал, потому что он был среди группы этих пацанов.",0.0
"И мы все вместе еще добили припев этой песни «О боже, мама, мама, я схожу с ума».",0.0
И вот так родился этот хит.,0.0
Буквально где-то минут за 5-6-7 родилась эта песня.,0.0
А кто в ответе перед человечеством за строчку «Пьяный без вина»?,0.0
Ты или Миша Марвин?,0.0
"Я. Вот спустя пять лет тебе не кажется, что это прям очень слабо?",0.0
"Даже для поп-песни это прям ритм, который 400 тысяч раз встречалось в самых разных других песнях.",0.0
Я тебе так скажу.,0.0
"Этот трек играл отовсюду, вот из каждого утюга.",0.0
"Это был самый большой бэнгер двух лет, либо я не помню какого времени.",0.0
"Он в iTunes, везде, он был на первых местах, и для меня это было что-то, наверное, нереальное и невозможное.",0.0
Поэтому каждая строчка имеет там место быть.,0.0
Мамочки.,0.0
В каком финансовом состоянии ты уходишь в самостоятельную жизнь?,0.0
В нормальном.,0.0
У тебя есть один миллион долларов на счету?,0.0
Зачем тебе эта инфа?,0.0
"Слушай, друзья, извини, что я...",0.0
Цитата из твоей песни.,0.0
"«Форбс, хватит считать, сколько я заработал, оставим вопросы Дудю».",0.0
Да.,0.0
Это в твоей песне.,0.0
"Во-первых, я польщен, что моя фамилия там встречается.",0.0
Спасибо.,0.0
Пусть это и рекламный трек.,0.0
"Где, если не в нем?",0.0
Давай хотя бы один вопрос.,0.0
Есть ли у тебя один миллион долларов на счету?,0.0
Есть.,0.0
Лето. почти началось.,0.0
А перед каждым летом я делаю одно и то же упражнение.,0.0
"Открываю календарь, проверяю расписание музыкальных фестивалей и решаю, куда же я гоню в этом году.",0.0
"Самый кайф, если удается совместить это с работой.",0.0
"Ну, когда меня кто-то приглашает покричать в микрофон.",0.0
И в этом августе случится именно так.,0.0
С 16 по 18 августа пройдет один из главных фестивалей этого лета.,0.0
Life Fest Summer.,0.0
"И пройдет он здесь, на роза.",0.0
Хутор.,0.0
Три дня отличного и разного музла.,0.0
Три мощнейших хедлайнера с фестивальными сетами.,0.0
16 августа.,0.0
Little Big.,0.0
17 августа.,0.0
Ленинград.,0.0
18 августа.,0.0
Сплин.,0.0
"Кроме них, Brainstorm, Short Paris, Хлеб, Татарка, Сайго, Большой Русский Босс, Animal Jazz, Линда и многие, многие другие.",0.0
Я буду здесь в первый день.,0.0
"Как раз, когда будут выступать Литл Биг и авторы нашей застатки «Хлеб».",0.0
Но вам рекомендую пригнать на весь фестиваль.,0.0
"Потому что LifeFest — это не только музыка, это много движухи вокруг нее.",0.0
"Спортивные активности, ночные кинопоказы и внимание Сереге Лункову.",0.0
"Огромный, огромный фудкор.",0.0
Сюда можно пригнать на своей тачке.,0.0
Вон там будет огромная парковка.,0.0
Жить можно в палатке.,0.0
"Вот там будет палаточный городок, ну или в одном из отелей или апартаментов «Роза Хутор».",0.0
"Здесь они отличные, их полно и на любой кошелек.",0.0
"Ну а если вы забронируете себе жилье на розахутор.ком и введете промокод розалайфет, можно получить скидку 10%.",0.0
"Причем это правило работает не только на дне фестиваля, но и на весь летний сезон.",0.0
"Вот здесь, на высоте 960 метров над уровнем моря, будет установлена фестивальная сцена.",0.0
В течение трех дней здесь будет происходить главный движняк.,0.0
"Но если вдруг вы захотите остаться подольше, на розах утра.",0.0
Полным-полно развлечений для всей семьи.,0.0
"Горные велики, конные прогулки, скалодром, батутная арена, полеты на параплане, йога, спа.",0.0
А внизу просто отличный пляж.,0.0
"Чтобы попасть на LifeFest Summer, нужно перейти по ссылке в описании на сайт panominal.ru.",0.0
"Это единственный билетный оператор, который продаст вам билеты на все три дня без наценки.",0.0
101 июля действует специальная цена.,0.0
"Переходим, покупаем, приезжаем и встречаемся здесь.",0.0
"Ребятки, здесь кайфово не только зимой.",0.0
Здорово!,0.0
"Так, у нас ничего нет, родная.",0.0
Ты приехал сюда с охранником.,0.0
Зачем он тебя?,1.0
Чтоб не переживать.,1.0
За что?,1.0
"Ну, слушай, очень часто докапываются на улицах.",1.0
Как это выглядит?,1.0
Что значит докапываются?,1.0
"Ну, слушай, я помню то, что когда была эта ситуация с Хабибом, я не знаю, в курсе ты про него или нет.",1.0
"Да, конечно.",1.0
"Я не знаю, в каких масштабах это все проходит обычно.",1.0
Я стараюсь не наблюдать за всей этой херней.,1.0
"Когда все это произошло, на гастролях в России, в Москве, в частности, очень часто было такое, что ночью просто стучали в двери, ждали люди.",1.0
Двери дома?,1.0
"Нет, в дверь отеля.",1.0
"А, в дверь отеля.",1.0
Да.,1.0
"— Так, это именно после Хабиба?",1.0
"— Именно после Хабиба, да, пошла движуха.",1.0
— Что хотели?,1.0
— Я не знаю.,1.0
"Либо спросить, как дела, либо пизды дать.",1.0
"Наверное, одно из двух, наверное, второе больше.",1.0
— И после этого у тебя появился охранник?,0.0
"— У меня была такая история, что до этого у меня был водитель просто, потому что решать вопросы за рулем — это очень сложно.",0.0
"Потом я взял себе телохранителя, потом слетал в Дубай, в очень такую страну, где всё очень спокойно, и подумал, знаешь, зачем он мне нужен.",0.0
"Вот, и потом опять возобновил эту историю, потому что, во-первых, это и произошла ситуация, плюс вообще, в принципе, много хейтеров, и те, кто меня не любит, их большое количество.",0.0
"И что, ты думаешь, мы исключаем чуваков, которые, может быть, вписываются за Хабиба?",0.0
"Ты думаешь, что хейтеры могут доебываться прям физически?",0.0
"Я думаю, что да.",0.0
"Ну, слушай, мы с тобой сидели в чайхане.",0.0
"Какая вероятность того, что до нас с тобой доебутся?",0.0
"Ну, нулевая.",0.0
Максимальная.,0.0
Почему?,0.0
"Ну, потому что.",0.0
"Ну, ты, наверное, не бывал там.",0.0
По пятницам.,0.0
"Так, а что там происходит?",0.0
Ты публичное лицо.,0.0
"Смотри, вот как обычно бывает.",0.0
"Вот, допустим, кому-то не нравится твое интервью, он подойдет, будет тебя качать за это интервью.",0.0
Потом начнет тебя толкать или в рожу тебе даст и так далее.,0.0
Такое бывает.,0.0
А мне-то ладно.,0.0
"Мы обсуждаем какие-то политические вопросы, еще что-то.",0.0
Кто-то может кому-то что-то...,0.0
А тебе?,0.0
"Они могут подойти и качать, что...",0.0
"— Слушай, если ты думаешь, что это просто для вида, то в этом нет смысла.",0.0
"Если ты заметил, что я сегодня сюда тебе пришел без серии.",0.0
"— Ну я увидел, что он просто остался за рулем.",0.0
— Да.,0.0
"— Слушай, ты главный поп-певец России сейчас.",0.0
Что в этом статусе самое сложное?,0.0
"— Самое сложное, наверное, не реагировать на все дерьмо, которое про тебя льют в интернете и СМИ. и так далее.",0.0
"Это самое сложное, лично для меня, потому что я, типа, я рак по знаку зодиака, и я не знаю, все такие, как я, но я очень чувствительный, принимаю все близко к сердцу, и когда очередное дерьмо какое-то на меня наговаривают, я реально переживаю из-за этого, потому что люди во всю хуйню верят.",0.0
"Сейчас люди верят во все, кто бы что ни сказал.",0.0
Есть ощущения?,0.0
"Я пока готовился, и... вот оно у меня чётко сложилось, что у тебя слишком до хера свободного времени, и ты читаешь и смотришь про себя всё.",0.0
— Да?,0.0
— Да.,0.0
"Ты выглядишь как человек, который знает, что про тебя сказал Иван Дорн.",0.0
"Который, ну, из-за прошлого года, когда он сказал, что...",0.0
— Когда он у тебя...,0.0
"— Да-да-да, когда он сказал, что просто Крид слушать невозможно.",0.0
"— Но если мы оцениваем конкретно в твоём вопросе, что мне не нравится в русском шоу-бизнесе и что я... от последнего прослушного я плевался.",0.0
"Это, наверное...",0.0
Это Егор Крит.,0.0
"Который знает, кто что написал.",0.0
"Ну ты смотришь видосы, до хуя видосов, и точно все, которые хоть как-то касаются тебя.",0.0
Зачем ты это делаешь?,0.0
Это неправда.,0.0
"Там вот сидят два человека, которые могут тебе сказать, сколько у меня свободного времени.",0.0
У меня практически его нет.,0.0
Я вообще с друзьями не вижусь.,0.0
У меня нет времени не на семью.,0.0
"Иногда нет времени даже в город свой родной поехать обратно, чтобы проведать родителей.",0.0
"Я все время работаю, все время на гастролях, все время либо на...",0.0
"Если у меня появляется время, то я либо на студии, либо с семьей.",0.0
"Вот, как-то так.",0.0
"Но, наверное, процентов 70 я знаю, что про меня говорят.",0.0
Все остальное мимо меня проходит.,0.0
Но тебя это обижает?,0.0
"Ну, я обычно говорю, типа, блин, слушай, вот очередное говно вышло. даю своим менеджерам, говорю, посмотрите, что там.",0.0
"Я говорю, я не хочу.",0.0
Меня не обижают абсолютно.,0.0
"То есть если есть критика, если есть оправданная критика, это круто.",0.0
"То есть ты всегда можешь пересмотреть что-то в себе, что-то изменить, поменять.",0.0
"Но если тебя просто херачат, ну...",0.0
Когда твой концерт в Махачкале отменил Хабиб Нурмагомедов?,0.0
Как ты отреагировал?,0.0
"Ну смотри, он не отменял мой концерт, потому что нам до последнего звонили и просили, чтобы мы не отменяли этот концерт.",0.0
Вот.,0.0
"Но я тебе объясню, почему мы приняли решение этого не делать.",0.0
"Потому что буквально за три дня до концерта я просматривал Инстаграм, просматривал Директ, и я не понял, откуда столько угроз пошло в мой адрес.",0.0
"А потом жители Махачкалы, которые последователи Хабиба, они начали, я не знаю, что делать, какие-то общие мероприятия, что если кто там пойдет на концерт Крида из пацанов, мы там...",0.0
Будем их бить.,0.0
"Если там девчата пойдут, то они не женщины.",0.0
"И начало это все обретать такой огромный какой-то резонанс, что я подумал, что это просто небезопасно, в первую очередь, для моей аудитории, которая придет на концерт.",0.0
"Но до последнего дня нам звонили из Махачкалы и просили, пожалуйста, не отменять концерт, потому что вся глава Махачкалы ко мне шла на концерт.",0.0
Потому что это было огромное событие.,0.0
Все руководство.,0.0
"Ну, я не знаю, всё или не всё.",0.0
"Мне донесли так, что руководство Махачкалы звонило и просило не подводить и сделать концерт.",0.0
"Но я сказал, что я просто не могу подвести своих поклонников и взять на себя ответственность, если с их жизнью что-то случится.",0.0
Ты же был поклонником Хабиба до этой истории?,0.0
Я и сейчас им остаюсь.,0.0
"А, то есть ничего не изменилось?",0.0
"Ну, то есть, как бы, смотри...",0.0
Всё-таки концерт отменил всё равно он.,0.0
"Решение принято вами, но...",0.0
"Смотри, если Ваня Дорм скажет, что я хреновый...",0.0
"От того, что мне нравится его музыка, ничего не поменялось.",0.0
Вот и все.,0.0
"У меня нет такого, что кто-то меня не любит, но от этого я не буду любить его.",0.0
Это херня полная.,0.0
"То есть если Хабиб сейчас будет драться с Фергюсоном, снова с Коннором...",0.0
— Ты будешь болеть за него?,0.0
"— Не то, что болеть, но просто он крутой боец.",0.0
"Нет такого, что я супер-крутой фанат.",0.0
"Есть Конор, который мне тоже очень нравится, есть Хабиб.",0.0
"И когда был этот бой, мне смешно было, когда все букмекерские конторы ставили на то, что Конор выйдет под мою песню.",0.0
"— Ты хотел бы, чтобы он так делал?",0.0
"— Ну, это тупняк был бы такой, знаешь, типа какой-то слишком.",0.0
— Почему?,0.0
Троллинг?,0.0
"— Ну, троллинг.",0.0
Но это было бы смешно просто.,0.0
— Так хотел или нет?,0.0
— Нет.,0.0
"Шнур нам рассказывал, что его зубы стоят 250 тысяч баксов.",0.0
Сколько вся челюсть в итоге тебе обошлась?,0.0
Вся хуйня 250 тысяч.,0.0
Рублей?,0.0
Нет.,0.0
250 тысяч баксов?,0.0
Да.,0.0
Сколько стоят твои?,0.0
Бесплатно.,0.0
По бартеру?,0.0
"Я вообще без бартера, без всего.",0.0
Просто чувак знакомый.,0.0
"Я сейчас, кстати, лечу зубы.",0.0
Я буквально через два дня вырываю два зуба зубу мудрости.,0.0
Что тебе сделали с зубами?,0.0
Тебе перезобирали челюсть?,0.0
— Ты хочешь поговорить про мои зубы?,0.0
— Ну я хочу понять.,0.0
"Это виниры, это...",0.0
"Правильно я назвал, да?",0.0
— Это Рокс.,0.0
"— А можешь перевести для людей, которые...",0.0
— Рокс?,0.0
Есть такая паста.,0.0
"Покупаешь Рокс, чистишь зубы, и они вот остаются белыми.",0.0
— Таких интеграций у нас еще не было.,0.0
"— Ну, я не видел.",0.0
"— Камон, ты хочешь сказать, что это несделанные зубы?",0.0
Ты реально хочешь об этом поговорить?,0.0
Да?,0.0
"Я, честно, не знаю, как это называется.",0.0
"Просто мой знакомый чувак предложил, я согласился.",0.0
А что он делал?,0.0
"Он тебе вправлял ее, надевал маску?",0.0
"Нет, ничего.",0.0
"Я не знаю, как это делается.",0.0
"Типа, тебе наклеивают какую-то хрень.",0.0
"Так, и потом они белые.",0.0
Твои зубы не портятся из-за этого.,0.0
У тебя были грилзы?,0.0
"Да, я до сих пор в них гоняю.",0.0
"Объясни вот нам, людям из народа, как это.",0.0
То есть ты их надеваешь или что?,0.0
"Блин, у меня есть они с собой, кстати.",0.0
Они съемные?,0.0
"Да, конечно.",0.0
— Зачем ты их сделал?,0.0
"— Слушай, я фанат...",0.0
— Выглядит странновато.,0.0
"— Я фанат всей этой культуры просто, и мне очень нравится, когда вся рэп-тусовка и гоняет на грилзах.",0.0
"Я не знаю, я с детства просто люблю эту движуху, и когда у меня появилась возможность это сделать, я просто все заказал и сделал.",0.0
— А в твоем детстве у рэперов были грилзы?,0.0
"— Да, конечно.",0.0
— Типа «Полтинник» и «Павдэди»?,0.0
"— Полтинник, по-моему, носил.",0.0
Я не помню точно.,0.0
Надо посмотреть.,0.0
— Чё не стоит?,0.0
— Грилзы...,0.0
"Слушай, зависит от ювелира.",0.0
"Есть три ювелира в мире, которые сейчас такие популярные, с которыми работают Бен Боллар, Дэйв Блинк и Рафаэлло Энко.",0.0
"У Эйса Ферга есть песня «Бен Боллар did the chain», а в ремиксе Ники Минаж поет «Рафаэлло did the chain», как раз про них про двух.",0.0
И Рафаэлло говорит на русском.,0.0
"Дэйв Блинк говорит на русском, только Бэм Боллар не говорит.",0.0
Потому что до хера клиентов из России?,0.0
"Нет, потому что Дэйв Блинк, по-моему, армянин, а Рафаэла не помню.",0.0
"А это бриллианты, получается?",0.0
Да.,0.0
"Это белое золото, либо желтое, и туда вкрапленные бриллианты.",0.0
"Так, и сколько это обычно стоит?",0.0
Сколько стоят твои грилзы?,0.0
"Ну, короче, меньше десятки точно в доллар.",0.0
"А, меньше десятки в доллар?",0.0
Да.,0.0
Две новости из Арабских Эмиратов про тебя пролетели за последнее время.,0.0
"Во-первых, в Дубае на фестивале, прости господи, жара.",0.0
"У тебя был какой-то замес, ты был недоволен условиями размещения и просил себе второго охранника.",0.0
Что было на самом деле?,0.0
"Ничего этого не было, я был всем доволен, никого я не просил, вот, когда эта херня вышла.",0.0
"Слушай, я тебе сейчас так скажу сразу.",0.0
"В общем, про меня в последнее время очень много выходит негативных всяких статей, информации по поводу там... моего имиджа во поводу того, что я там охреневший.",0.0
"Мы начали просто выяснять, что происходит, и откуда вообще идут все источники.",0.0
"И оказалось то, что есть какая-то одна компания, которая заказывает все эти статьи.",0.0
И это правда.,0.0
"Я пока не знаю, какая это компания, но это абсолютная правда. которые были все последние 3-4 месяца.",0.0
"По поводу жары, когда всё это произошло, и вышла эта информация, я позвонил Эмину, я говорю, бро, слушай, тут какая-то инфа ходит.",0.0
"И он дал опровержение и сказал, что это неправда.",0.0
"Потому что весь фестиваль был с ним, и всё было окей.",0.0
Какая компания хочет тебя?,0.0
И за что хочет тебя?,0.0
"Я не знаю, слушай, кому нужно, чтобы херачить мой имидж.",0.0
"Догадки есть, но говорить не буду.",0.0
А ты уверен в этом?,0.0
"Ну, в этом уверен мой менеджмент, потому что мы очень долго копаем на этот счет, потому что непонятно, почему...",0.0
Так много всякой херни.,0.0
"То есть, знаешь, когда вот то, что там в Абу-Даби, да, там вышла новость, там, как бы окей, мы знаем, кто ее сделал, но когда жара, и типа мы там находимся, и все суперкруто и прекрасно, все отлично, все на позитиве, и выходит какая-то полная херня опять придуманная, ну, это же понятно, что кто-то это пишет, и кому-то это надо.",0.0
Зачем еще?,0.0
"Если они берут информацию, которая вообще не существует, у нее нет никакой почвы, ее дают в массу, значит, для чего-то они это делают.",0.0
Что случилось в Абу-Даби?,0.0
"В Абу-Даби ты отказался выступать, тебя с позором выгнали с еще какого-то поп-шабаша.",0.0
Что там случилось?,0.0
С позором выгнали с поп-шабаша?,0.0
"Ну да, ты сидел, пил кофе, вместо того, чтобы уходить.",0.0
"По официальной информации, Егор Крид кинул с двумя мероприятиями, потому что у него было плохое настроение.",0.0
"Именно так, да.",0.0
"Ну я примерно так же сказал, только без таких деталей.",0.0
Спасибо.,0.0
Ну давай.,0.0
Давай.,0.0
Что же там было?,0.0
"Если честно, я до последнего не хотел копаться в этой истории и не хотел вообще никак про неё рассказывать, но...",0.0
Ты готов послушать?,0.0
Колбаска с чесночком.,0.0
"Специально, чтобы послушать.",0.0
У меня это... пиво выходит.,0.0
Так.,0.0
Новый год.,0.0
Так.,0.0
У меня есть мой кент очень близкий.,0.0
"Его зовут Женя, он из Дубая.",0.0
И у него есть клуб «Бэйс».,0.0
И мы периодически делаем там концерты.,0.0
"Ну, где-то, я не знаю, 2-3 раза в год.",0.0
"И у нас был запланирован концерт в клубе «Бэйс» с моим другом на 5 января, получается.",0.0
"Буквально где-то за неделю пришло предложение от РМГ, русской медиагруппы.",0.0
— Киселёв там босс.,0.0
"— Да, от русской медиагруппы.",0.0
"Пришло предложение, что они хотят моё выступление за гонорар 2-го числа в клубе.",0.0
— Да.,0.0
"— Я сказал то, что мне как-то...",0.0
"Не очень хочется это делать, потому что я купил в подарок путевки маме и папе, чтобы мы все вместе полетели в Дубай до концерта, спокойно, числа 2-3 и отдохнули.",0.0
"Чтобы на утро после Нового года не лететь в Дубай, потому что это тяжко.",0.0
"Не очень хочется их напрягать, в первую очередь.",0.0
У меня мама очень боится летать.,0.0
"Я сказал окей, потому что это партнеры, и я не хотел портить партнерские отношения.",0.0
"Потому что бывают такие случаи, когда кто-то может обидеться и все такое.",0.0
"В общем, я согласился на это мероприятие.",0.0
"Где-то дня, наверное, за два до Нового года мне звонит Пашу, Павел Курьянов, это генеральный директор Блокстара.",0.0
"И говорит, слушай, позвонили от Владимира Владимировича Киселева и попросили, чтобы ты выступил у него на закрытом мероприятии, он делает закрытое мероприятие, галужин для гостей, для его.",0.0
"Опять также в поддержку партнерских отношений, потому что бывает такое, когда артисты выступают бесплатно, на автопати премиум ЛСТВ, либо на препати премиум ЛСТВ.",0.0
"Знаешь, как бартерные партнерские отношения.",0.0
"Я согласился на это, сказал окей, потому что я все равно уже на второе число подписался.",0.0
Дубай.,0.0
Второе января.,0.0
"Если кто-то не в курсе, между Дубай и Абу-Даби полтора часа на тачке.",0.0
Ну да.,0.0
"Короче, Дубай, второе января.",0.0
"Я почему-то подумал, что как-то мне не захотелось ехать на машине с теми людьми, которых мне дали РМГ, и я поехал в Абу-Даби со своим близким другом, его зовут Султан.",0.0
На его машине.,0.0
"И все, мы едем спокойно в Абу-Даби, у меня выход на сцену в 20...",0.0
Сколько у нас выход был на сцену?,0.0
22.40. Спасибо.,0.0
"У меня выход был на сцену в 22.40, я приехал в 22.30.",0.0
"Все, я подъезжаю к Абудаби, к этому отелю роскошному, захожу туда внутрь и понимаю, что какая-то движуха странная происходит.",0.0
"Знаешь, вот ты когда смотришь и чувствуешь, что какой-то кипиш происходит.",0.0
"Я зову своего менеджера, говорю, слушай, а какой формат мероприятия здесь?",0.0
"Она говорит, это аналогичный формат мероприятия, на котором мы выступали три месяца назад за гонорар.",0.0
"Я говорю, так, стоп.",0.0
То есть это не закрытый гала-ужин маленький для друзей.,0.0
"Она говорит, нет, там 3000 проданных билетов, я не знаю сколько, продавались столы, и вот такая тема.",0.0
"Я говорю, я понял.",0.0
"Дальше я понимаю, что мне нужно позвонить Пашу, потому что он мой продюсер, и оповестить его о том, что это не закрытый гала-ужин, а то, что это огромный фестиваль.",0.0
Типа вас кинули.,0.0
"Ну, типа, как будто нас обманули.",0.0
"Сажусь, звоню ему, он не берет трубку.",0.0
"Звоню еще раз, он не берет трубку.",0.0
"Звоню третий раз, он не берет трубку.",0.0
"Поворачиваюсь на свой менеджер, говорю, сколько у нас времени до выхода на сцену.",0.0
"Она говорит, еще 7 минут.",0.0
"Я говорю, окей, мы в тайминге.",0.0
"Значит, я попробую позвонить еще.",0.0
"Если я не дозвонюсь, пойду на сцену, выступлю, потом будем разбираться.",0.0
"Ровно после того, как я спросил, сколько времени, идет человек, подходит ко мне.",0.0
"И говорит, здравствуйте, Егор, я работаю на российскую медиагруппу.",0.0
"Владимир Владимирович Киселев просил вам передать, что вас снимают с радиостанции русской медиагруппы и со всех телеканалов русской медиагруппы на месяц, если вы не пойдете выступать.",0.0
"Я смотрю на него, не понимаю, в чем прикол.",0.0
"Стоит мой менеджер с открытым ртом, мы все в ахуе.",0.0
"Я говорю, окей, мне нужно сделать звонок, я еще пока в тайминге, мне нужно позвонить.",0.0
Он продолжает стоять.,0.0
"Я еще раз набираю, опять занято, пошел в этот момент, как оказалось потом в дальнейшем, он летел в самолете, он приземлялся, поэтому просто телефон был отключен.",0.0
"И в эту же секунду, как я позвонил в последний раз, идет Владимир Владимирович Киселев, подходит ко мне и громко, матом начинает мне объяснять, что... он сломает мне жизнь, что он сломает мою карьеру, что Крида на три буквы, нахер не надо выступать, бла-бла и тому подобное.",0.0
"Я повернулся, снял очки, сказал, спасибо большое, я вас понял.",0.0
Спокойно встал и ушел.,0.0
"Так, сел в машину, позвонил.",0.0
"Сказал, ребята, произошла такая-то ситуация, у нас есть еще второе мероприятие, и так как я ответственный перед всей своей командой, которая туда приезжает, которая зарабатывает деньги, я сказал, что на второе мероприятие нам нужно ехать выступать или нет.",0.0
"Я готов отработать, несмотря на весь конфликт, несмотря на все то, что произошло сейчас.",0.0
"Потому что там, наверное, ждут люди, и есть афиша какая-то в этом клубе.",0.0
"На что нам сказали, что второе мероприятие Киселев также отменяет.",0.0
Дальше Владимир Владимирович Киселев отменяет весь трансфер с Абудаби до Дубая всей моей команде.,0.0
"Это саундтрек, нормально.",0.0
Все нормально.,0.0
Его тоже впечатлила эта история.,0.0
Так.,0.0
Вот.,0.0
"И на машинах, на которых мы приехали, всю команду мы везем обратно в Дубай.",0.0
Проходит несколько дней.,0.0
"Мне пишет моя подруга из одного, я не знаю, как сказать, журнала, СМИ.",0.0
"И говорит, слушай, Егор, нам пришел такой пресс-релиз.",0.0
Посмотри.,0.0
"Я смотрю, Егор Крит кинул русскую медиагруппу, два концерта отменил, жил в самом роскошном номере Абу-Даби.",0.0
Я жил в Дубае.,0.0
Что там еще было?,0.0
"У него было плохое настроение, поэтому он не вышел на сцену.",0.0
"Я понимаю, что сейчас пойдет уничтожение меня, что я такой плохой, что я отказался, что я всех кинул.",0.0
"Народ, конечно, в это поверит.",0.0
"Я понимаю, что нужно что-то делать.",0.0
"Дальше я уже совместно с руководством лейбла начал разрабатывать стратегию по тому, как мы будем объяснять.",0.0
"Мы, точнее не мы, а даже больше Blackstar и менеджер, написали пресс-релиз по всей этой истории, потому что мой менеджер стоял рядом со мной, он был свидетелем того, что происходило, что говорил Киселёв, что мы были в тайминге, у нас есть смс-подтверждение и т.д. и т.п.",0.0
Написан был пресс-релиз.,0.0
"Дальше мы хотели его выложить, я до последнего тянул, я не хотел... его выкладывать, потому что если вдруг я его выложу, то все это, по моим каким-то мыслям, приобретет еще большей глобальной охватки.",0.0
"Я подумал, что ладно, я пока подожду, не буду ничего делать.",0.0
"Дальше мы разговариваем с Blackstar, они мне говорят, русская медиагруппа, говорят и просят, чтобы ты извинился публично.",0.0
"Я сказал, извиняться я ни перед кем не буду.",0.0
Моей вины в этом нет.,0.0
Я приехал вовремя.,0.0
"Я приехал на мероприятие, которое мне сказали, что это закрытый Галужин.",0.0
"Оказалось, что это не так.",0.0
"Я был готов выйти на сцену, если б меня не...",0.0
Как это сказать?,0.0
Лучше.,0.0
"Давай, ты подберешь.",0.0
"А, ну, видимо, тебя оскорбили, исходя из твоих слов.",0.0
Да.,0.0
То есть как бы у меня тоже есть...,0.0
Понятно.,0.0
И все это подали так.,0.0
Вопрос.,0.0
Почему все так боятся Киселева?,0.0
"Не, я тебе сейчас расскажу эту историю.",0.0
Давай.,0.0
Давай.,0.0
Готов был пресс-релиз.,0.0
"Я тебе объяснил, почему я не хотел его выкладывать.",0.0
"Они попросили меня извиниться, я сказал, что я делать этого не буду.",0.0
"И буквально через, наверное, два дня, я был в Америке тогда, я как-то утром проснулся, открывая Инстаграм, и увидел то, что лейбл Blackstar принял удар на себя, и они извинились перед РМГ.",0.0
"Да, понял.",0.0
А почему все так боятся Киселёва?,0.0
Я не знаю.,0.0
"Он же кореш Путина, да?",0.0
Да.,0.0
И поэтому боятся.,0.0
"Ну, не то, что боятся, то есть...",0.0
"Ну, а как это назвать?",0.0
"Есть, наверное, ряд какой-то артистов, которые очень сильно переживают за то, чтобы их крутили на русском радио и показывали на телеканалах русской медиагруппы, и поэтому, скорее всего, они не хотят портить отношения именно с ним.",0.0
"Зачем тебе радио, когда у тебя клипы смотрят, много миллионов просмотров?",0.0
Поэтому я не извинился.,0.0
"И поэтому я как бы не сказал то, что да, я не прав.",0.0
"Слушай, чувак, я как бы...",0.0
"У меня есть достоинство, и я понимаю то, что если я прав в какой-то ситуации, если я где-то не прав, я извинюсь всегда, и я скажу, что я был не прав.",0.0
— Ты же дружишь с сыном Киселёва?,0.0
— Да.,0.0
— Большим русским артистом Юркисом.,0.0
"— Ну я бы не сказал, что мы прям супер друзья.",0.0
— Ага.,0.0
— Хорошо.,0.0
"Не сказал бы, что мы супер друзья, но мы хорошие знакомые.",0.0
"Он, кстати, хороший парень.",0.0
— Юркис.,0.0
— Да.,0.0
Он хороший чувак.,0.0
— А хороший ли он и артист?,0.0
"Слушай, я думаю, что он сам понимает вообще то, что вокруг него происходит.",0.0
"Если кто-то не в курсе, любой может сходить по ссылке, там будет видео выступления артиста Юркиса на премии Муз-ТВ.",0.0
"Можно не смотреть, просто посмотрите на количество лайков и дизлайков.",1.0
Я никогда такого в жизни не видел.,1.0
"Слушай, там полторы тысячи лайков, 11 тысяч дизлайков.",1.0
"Слушай, я тебе так скажу, я тебе...",1.0
Да.,1.0
"Короче, несмотря на то, что мне, допустим, не нравится его музыка, он классный чувак.",1.0
Он реально хороший парень.,1.0
"А ты не хотел сказать, что...",1.0
Я ему сказал.,1.0
Что ты ему сказал?,1.0
Я напрямую сказал.,1.0
Мы с ним ехали как-то...,1.0
"Я не помню, куда мы ехали.",1.0
И он ставил в машине треки.,0.0
Свои?,0.0
"Не-не-не, он ставил треки Мигаса.",0.0
"Он ставил, короче, весь модный рэпчик, который на тот момент был в тренде.",0.0
И он ехал вот так вот в машине и зачитывал полностью куплеты.,0.0
"Я вот так вот повернулся и говорю, блин, чувак, у тебя такой музыкальный вкус хороший.",0.0
Почему ты делаешь такое?,0.0
И что она сказала?,0.0
"Он говорит, я вижу в этом перспективы.",0.0
"Потому что такой музыки нет в России, я вижу в этом перспективы.",0.0
Какой музыки нет в России?,0.0
Чехословацкая эстрада 74?,0.0
Ты очень плохой человек.,0.0
"Ну ты же согласен с тем, что я сказал?",0.0
"Ну я согласен, мне не нравится его музыка.",0.0
"Мне просто не нравится его музыка, но как человек, мне он импонирует.",0.0
Он очень хороший чувак.,0.0
"И вот именно он из тех людей, которым можно довериться.",0.0
Это правда.,0.0
"А как он отреагировал на то, что его батя из хадейства, к слову, повел себя неадекватно?",0.0
"Слушай, я вот сейчас был когда на жаре. когда я был недоволен номером и попросил дополнительного охранника.",0.0
"Мы с ним увиделись впервые за вот все это время, когда вот после этой движухи.",0.0
"Надо посчитать потом, сколько раз за интервью я сказал слово «движуха».",0.0
Очень много раз.,0.0
Я ему рассказал всю эту историю.,0.0
"И знаешь, как он отреагивал?",0.0
Я так и думал.,0.0
Вот что он сказал.,0.0
"В завершение нашей фразы, нашей темы, я хотел сказать, что я думаю, что мы пообщались с твоим любимым певцом, с Юркисом, когда я ему рассказал все, как было с моей стороны.",0.0
"Я думаю, что дискоммуникация была как раз у них внутри, потому что в тот момент Юркис как раз сидел с своим папой за столом, и Владимир Владимирович Киселев спросил, где Егор Крид, потому что у него тайминг стоял на 22.30 или даже раньше.",0.0
А у меня был тайминг от них подтвержденный 22.40.,0.0
"И сказали, что он подъезжает.",0.0
"И тогда Владимир Киселев сказал, хорошо, как он подъедет, пусть выйдет на сцену.",0.0
"И он, наверное, встал, когда начал уходить, увидел меня, и его понесло.",0.0
"Слушай, он вырос в детдоме, Владимир Киселев.",0.0
"Так что я думаю, что он такой резкий чувак.",0.0
А тебе самому в кайф вообще в таком мире находиться?,0.0
"Где от воли одного человека, который не участвует в сочинении твоих песен.",0.0
"Ладно, вот пиши цитату.",0.0
Я ненавижу российский шоу-бизнес.,0.0
Почему?,0.0
Потому что вот из-за всего этого дерьма.,0.0
"Я ненавижу его за то, что в нем нет души и очень мало тех людей, с которыми ты можешь после какой-то премии, либо внутри премии поделиться. какой-то своей истории, чтобы они не пошли, не перекрутили, не рассказали всем.",0.0
"Я не люблю шоу-бизнес, потому что есть вся эта черная пресса, вся эта движуха...",0.0
"Опять движуха, я сказал.",0.0
Слово «паразит».,0.0
"Хорошо, что не матное.",0.0
"Вот эта вся... история с черным пиаром, с поливанием грязью, с раздутыми темами, которые мы здесь обсуждаем.",0.0
Вот за это я не люблю шоу-бизнес.,0.0
"Слушай, ну ты говоришь про душу, а тебе самому не кажется, что ты долгое время был одним из артистов, в творчестве которого души тоже не особо много.",0.0
Не согласен.,0.0
Ты один из...,0.0
"Если кто-то не в курсе, Егор Крид завел YouTube-канал еще просто тысячу лет назад.",0.0
Примерно там между динозаврами и первыми людьми.,0.0
"Тебе не кажется, что твоя песня «Любовь в сети» Классная песня.",0.0
Та самая про любовь поебота.,0.0
"В ней души и жизни настоящей гораздо больше, чем во всей той пластмассе, которую ты сочинила на Blackstar.",0.0
Тебе не кажется?,0.0
"Понятно, что там клип на три копейки.",0.0
"Понятно, что там нет зубной пасты.",0.0
"Но там есть чувак, который поднимает важную в тот момент проблему.",0.0
Как может это делать?,0.0
Рифмует на глаголы довольно жестко.,0.0
"Но там есть драйв, душа и какая-то ебкость.",0.0
А какая ебкость и какая душа есть в песне «Самое-самое»?,0.0
Стоп.,0.0
Ну не сравнивай песню «Самое-самое» с песней «Любовь в сети».,0.0
Это абсолютно разные жанры и абсолютно разный посыл.,0.0
Под песню «Любовь в сети» ты не постоишь в клубе или на какой-то вечеринке и не потанцуешь вот так.,0.0
"Под песню «Самое-самое» под твое крафтовое пиво ты можешь спокойно танцевать, кайфовать, радоваться жизни и улыбаться.",0.0
Это абсолютно разный месседж и абсолютно разный посыл.,0.0
"Есть темы, которые меня волнуют.",0.0
Есть песня «Любовь в сети».,0.0
"На тот момент в 16 лет, или сколько мне, 15 было, меня волновала эта тема реально.",0.0
"И моя мама, это был мой самый главный критик, я всегда приходил к ней и показывал песни, и говорил, ну что, как тебе?",0.0
"И эту песню, когда я принес, она сказала, нет, Егор, не надо такое выпускать, потому что здесь очень много мата.",0.0
"Она там такая, такая, такая.",0.0
"Но я все равно принял решение, что я хочу ее выпустить, мне она нравится, это то, что болит у меня внутри.",0.0
"Потому что я смотрел на все эти статусы ВКонтакте и не понимал, как человек, не зная друг друга, либо зная, там, типа, пять минут, может написать «я тебя люблю» и поставить статус там, как там было раньше, женат, замужем или что там.",0.0
В отношениях.,0.0
В отношениях.,0.0
"Для меня это казалось, что это полная херня.",0.0
"Я не понимал, почему слово «люблю» и «любовь» настолько обесценилось в мире интернета.",0.0
Про это я написал песню.,0.0
Дальше слушай.,0.0
"Я писал огромное количество песен, которые ты не слышал, может быть, они не вышли.",0.0
"Но когда, допустим, в начальном этапе пути я приносил песню на лейбл, то есть худсовет, который решал выпускать эту песню, либо нет.",0.0
"Потенциальный хит это, либо нет.",0.0
"Наверное, переломные...",0.0
"Вот у меня есть три этапа в жизни. таких для меня значимых, это «Любовь сети», «Самая-самая» и мой альбом «Что они знают».",0.0
"Альбом я очень люблю, и там есть песня «Что они знают».",0.0
"Это рэпчик, который я сделал, я не знаю, видел ты или нет.",0.0
"Я принес ее на лейбл, и мне сказали, что такое нельзя делать, такое нельзя упускать, тебя уничтожат.",0.0
"Тебя уничтожит все рэп-комьюнити за то, что ты сделал рэпчик, и это смешно.",0.0
"Я сказал то, что...",0.0
"Я все равно хочу это выпустить, я хочу сделать этот рисковый шаг, потому что я чувствую это, я хочу, это моя музыка, которую я люблю.",0.0
"Я не могу больше писать будильник и невесту, я хочу делать этому злу.",0.0
"И я выпустил это, и реально, наверное, процентов на 30 аудитория в зале увеличилась мужская.",0.0
"На меня стали ходить пацаны, стали респектовать.",0.0
"И меня больше всего удивило, что, когда я выложил это видео, процент лайков и дизлайков, про которые ты говоришь, дизлайков там было вообще очень минимум.",0.0
"И все мне респектовали за эту песню, в том числе рэперы.",0.0
Без всяких сейчас оскорблений и все остальное.,0.0
"Мне кажется, пацаны ходят на ТВ-концерты клеить девочек.",0.0
Снять девочек.,0.0
Клеить.,0.0
Я не употребляю такие слова.,0.0
Клеить.,0.0
Разве нет?,0.0
"Ну, наверное, какая-то часть точно, но...",0.0
"Ты хочешь сказать, что они ходят потому, что им понравился альбом?",0.0
"Слушай, у меня очень много...",1.0
У меня в Ютубе процентное соотношение 60 на 40.,1.0
Мужская аудитория.,1.0
Пацанов больше смотрят?,1.0
Да.,1.0
"А в Инстаграме 70 на 30, по-моему, либо 60 на 40.",1.0
"Блин, как ты за всем этим следишь?",1.0
С ума сойти?,1.0
"Слушай, ну, когда какой-то рекламодатель приходит к тебе, Юра, он просит статистику твоего Инстаграма, ты волей-неволей смотришь туда.",1.0
Оцени свою самоуронию по 10-балльной шкале.,1.0
"Девять, наверное.",1.0
Девять восемь.,1.0
Девять?,0.0
Да.,0.0
"Слушай, когда сатир про меня снял это видео...",0.0
"Я очень кайфанул, мне было так смешно, я выложил это в YouTube, ой, не в YouTube, я выложил к себе в Instagram, да, и поддержал чувака.",0.0
Почему тебе это понравилось?,0.0
"Если кто-то не видел, ролик сатира целиком про то, что Егор Крит отрицает, что он гей.",0.0
"Он как бы поет, что я гетер.",0.0
И гениальные фразы «Я из гетто и из геттера».,0.0
"Самая смешная фраза, это в конце, когда стоит, типа он разыграл сцену из холостяка.",0.0
И девочка говорит ему.,0.0
То есть это была...,0.0
"«Правда, что мы теперь будем вместе?»",0.0
"Он надевает ей кольцо на пальцы и говорит, «Чейбанул, что ты отшел?»",0.0
"Вот это была самая крутая фраза, с которой я просто орал.",0.0
Почему ты с ней орал?,0.0
"Не знаю, но просто это настолько смешно было.",0.0
Я люблю такой юмор черный.,0.0
"И правдиво, видимо.",0.0
Нет.,0.0
Ну про холостяк чуть позже.,0.0
Давай.,0.0
Смотри.,0.0
"С одной стороны, ты кайфуешь от того, что делает сатир.",0.0
С другой стороны... у тебя большие проблемы с Данилой Поперечным.,0.0
"Объясни, пожалуйста, почему.",0.0
Я ждал.,0.0
У меня нет с ним никаких проблем.,0.0
"Это, во-первых, проблемы есть явно у него со мной, а не у меня с ним.",0.0
Я не знаю его лично.,0.0
Я видел пару...,0.0
"До этого его видосов, по-моему, он делал что-то типа Лиги плохих шуток у себя на Ютубе, и мне казалось, что это очень забавно, смешно, и он талантливый чувак.",0.0
"И потом как-то раз я увидел, что выходит видео у него на канале, где он меня херачит.",0.0
"Я его не смотрел до сих пор, клянусь тем, что у меня есть, и не смотрел второе видео, которое он выпустил.",0.0
"Я также отправился в менеджеру и сказал, посмотри, пожалуйста, оцени уровень, есть ли там что-то такое, за что мне нужно дать ему пизды.",0.0
Вот.,0.0
Что сказала менеджер?,0.0
"А, типа, менеджер определяет, надо ли давать пизды человеку?",0.0
"Нет, ну, как бы просто понимаешь, типа, мне не хочется заходить туда, слушать это всё дерьмо про себя.",0.0
Я и так столько про себя читаю.,0.0
Что сказала менеджер?,0.0
Надо ли давать поперечным пизды?,0.0
"Нет, она сказала то, что, к сожалению, это не юмор.",0.0
Так.,0.0
"С точки зрения того, что смешно, не смешно.",0.0
"Знаешь, вот сатира было смешно реально.",0.0
А он сделал просто оскорбление.,0.0
Вот и всё.,0.0
"Ну смотри, второй ролик ты тоже не смотрел?",0.0
Нет.,0.0
Не смотрел?,0.0
Нет.,0.0
"Вот смотри, там есть ровно две минуты, которые я хочу тебе показать.",0.0
Давай.,0.0
"Ты, блять, пластмассовый и ненастоящий.",0.0
В тебе нет нихуя самоиронии.,0.0
Твой пик самоиронии?,0.0
"Это, блядь, на шоу большого русского босса, вот когда ты был.",0.0
И это охуенно низкая планка.,0.0
Не в плане шоу большого русского босса.,0.0
"Это понятно, но доска.",0.0
"Нет, все в порядке, я люблю это шоу.",0.0
"Люди видят твои, блядь, пластмассовые отпеленные зубы, твою кожу, нахуй, линию бороды, выверенную под линеечку.",0.0
"Ты выглядишь, как пластмассовая кукла.",0.0
"И в тебе как будто бы нету, блядь, реальной жизни абсолютно никакой.",0.0
Это как эффект зловещей долины.,0.0
"Это настолько искусственно, что ты пугаешь людей.",0.0
И люди такие...,0.0
В пизду.,0.0
"Ты даже не то, что пугаешь.",0.0
"Это, наверное, неправильно сказано.",0.0
"С тебя хочется угорать, потому что ты строишь. настолько, блядь, серьезные щи, при этом делая очень посредственные песенки для девочек и не выкупая абсолютно приколы про себя.",0.0
"Да хоть раз бы ты просто на концерте исполнил трек сатира, да с тебя бы, блядь, половина этого хейта слетела, потому что ты такой, да, типа, да, блядь, просто хоть в одном интервью сказать, да я гей, мне похуй, да, сосу член.",0.0
"Просто какая разница, чувак, какая нахуй разница.",0.0
Всё?,0.0
Да.,0.0
Вот что ты можешь на это сказать?,0.0
"Блин, я надеюсь, моя мама сейчас не смотрит это интервью.",0.0
Это отвратительно.,0.0
Что это отвратительно?,0.0
"Ну, просто, типа, когда взрослые люди смотрят и там столько всякого дерьма.",0.0
"Короче, давай разбираем.",0.0
Разбираем.,0.0
Давай разбираем.,0.0
"Он сказал, что пластмассовый чувак.",0.0
Ты пластмассовый чувак.,0.0
Вот.,0.0
У меня там чёткая борода.,0.0
"Вот мы смотрим, борода нечёткая.",0.0
Раз.,0.0
Проехали.,0.0
Дальше.,0.0
Что он ещё хочет?,0.0
"То, что нету жизни.",0.0
Нету жизни.,0.0
Он меня не знает лично.,0.0
Вообще.,0.0
"Он не знает, какой человек.",0.0
"Он не может обо мне судить, что у меня нет самоиронии и так далее.",0.0
Сатира мне понравилась.,0.0
"Его задело, наверное, то, что я не выложил его, а выложил сатира.",0.0
"И мне показалось, что сатир смешнее и круче.",0.0
"Может быть, его это задело.",0.0
"Я не знаю, что дальше.",0.0
"Ну смотри, он же основан на всех твоих публичных выступлениях.",0.0
Да.,0.0
"Тебе не кажется, что действительно ты очень часто говоришь там... очень много пафосных фраз, которые его заставляют об этом думать.",0.0
Ты даже в наше интервью начал с фразы «У меня есть яйца!»,0.0
И поэтому я смог.,0.0
Я не начал.,0.0
Это была середина.,0.0
Это было самое начало.,0.0
"У меня есть яйца, и я как бы...",0.0
"Если я поставлю себе цель, я буду ее добиваться.",0.0
У тебя очень много...,0.0
От тебя исходит очень много пафоса.,0.0
Да ладно?,0.0
"Да, это правда.",0.0
"Это правда, Егор.",0.0
И поэтому многим это может так касаться.,0.0
"И кроме истории с тем, чтобы тебе понравилась шутка «Сатира», действительно одна из лучших его пародий, в общем, больше в какой-то самоиронии ты не был замечен публично точно.",0.0
"Ты следишь за тем, о чем тебе говорят.",0.0
"Я же не комедийный чувак и не комедийный артист, чтобы мне постоянно смеяться над собой.",0.0
"Я готов над собой смеяться, мне не сложно.",0.0
"Я готов и на прожарку пойти, чтобы меня охерачили и прожарили.",0.0
"Если это круто и грамотно, почему бы и нет?",0.0
"Но я, смотри, я... не согласен с ним в этом плане.",0.0
"И, наверное, то, что он говорит, что вот, на тобой хочется угорать и так далее.",0.0
"Слушай, я, наверное, одна из самых обсуждаемых персон, в принципе, в России.",0.0
"Ты важный поп-певец, это логично.",0.0
"И я помню, был такой момент, сейчас приведу пример, есть такой певец Джастин Бибер.",0.0
"И я помню, когда они прилетали в Россию, его менеджер говорил, что, блин, мы не знаем, что делать, нас все не любят.",0.0
"Типа, у нас огромная аудитория поклонников, но...",0.0
"Нас хотят, там, петиции собирать, чтобы из страны выгнать, там, лишить гражданства или что-то еще, что-то типа такого.",0.0
И они так переживали и парились по этому поводу.,0.0
"Вот я почему-то не парюсь по этому поводу, потому что есть огромное...",0.0
"Вот я когда-нибудь тебя позову на свой концерт, и ты посмотришь просто на огромную аудиторию людей...",0.0
"Подожди, я уже чувствую, что ты хочешь перебить. которые меня любят, и которых я люблю.",0.0
Я делаю это для них.,0.0
"Про то, что он говорит, что у меня где-то там не хватается моей иронии, я просто этого не делаю.",0.0
Вот и все.,0.0
Во-первых.,0.0
"Во-вторых, есть еще определенные обстоятельства, которые сдерживали меня для того, чтобы где-то что-то я мог сказать.",0.0
Чтобы я мог с тобой вот здесь с пивом сидеть.,0.0
"А, то есть раньше не мог этого делать?",0.0
Я не мог этого делать.,0.0
"А, почему?",0.0
Это типа аморально?,0.0
"Нет, это не аморально.",0.0
Просто есть...,0.0
"— Позиция, лейбла.",0.0
— Типа ЗОЖ и все такое?,0.0
"— Не то, что типа ЗОЖ, но есть позиция, понимаешь?",0.0
— А сейчас ты можешь так?,0.0
"— Сейчас я могу говорить все, что я хочу.",0.0
"— Смотри, но, тем не менее, во-первых, ты все равно несколько раз за это интервью мелькала, что ты следишь за тем, что тебе говорят, про тебя говорят, в том числе тот хейт.",0.0
"— Ну, не совсем за всем, но...",0.0
"— Хорошо, второе — инсайт.",0.0
— Я чувствую.,0.0
— Ты ходил недавно в стендап-клуб номер один.,0.0
— Угу.,0.0
— Что вы там делали?,0.0
Что вы записывали?,0.0
"— Новое шоу, я не помню, как называется.",0.0
— Там шутили про тебя?,0.0
— Да.,0.0
"— По моей информации, ты сказал, «Пацаны, меня заебали шутки про геев.",0.0
"Шутите про что угодно, но не про геев».",0.0
— Неправда.,0.0
"Я когда туда пришел, мы стояли со Славой Дусом Хамедовым, и я говорю, «Блин, слушай, у меня есть классная история».",0.0
"Ты знаешь, что такое Слава Хамедовна?",0.0
— Да-да-да.,0.0
— Он делает этот шоу.,0.0
"Я ему говорю, «Слушай, я дам пацанам реально крутую историю, чтобы им было за что меня...» расхерачить, чтобы можно было пошутить на все темы.",0.0
"И я им начал говорить историю, что я в детстве очень часто ходил с папой и с мужиками в баню, когда был маленький, и рассказывал им эту историю, чтобы они начали накидывать как раз все эти шутки и темы.",0.0
Так что у тебя инфа другая.,0.0
"То есть тебя не напрягает, если в таком шоу шутят про геев?",0.0
"Слушай, а почему меня должно это напрягать?",0.0
"Ну, потому что сложился образ тебя, как человека, который боится, что про него скажет Егор крит-гей.",0.0
"Я недавно, не знаю, когда это было, может быть месяц назад, я писал по этому поводу пост большой в Инстаграме, где я сказал, что, ребята, успокойтесь, я натурал, мне нравятся девчата, как бы вы там...",0.0
Не переживали по этому поводу.,0.0
Но я спокойно и нормально отношусь к сексуальным меньшинствам.,0.0
"И если меня это не касается, то все ок. Я против пропаганды этого всего.",0.0
"Но они такие же люди, как мы все.",0.0
"И ты серьезно хочешь сказать, что шутки про то, что Егор Крид – гей, тебя не обижают?",0.0
"Ну, уже нет.",0.0
Когда они перестают тебя обижать?,0.0
"Слушай, ну, я не знаю.",0.0
"Меня это напрягало, наверное, только когда я приехал из Пензы в Москву.",0.0
"Потому что я, в принципе, думал то, что... само вот это слово, там, гей, там, и так далее, что это все выдуманный миф, потому что вокруг меня этого ничего никогда не было.",0.0
А что геев не бывает?,0.0
"Ну, я просто, понимаешь, я с этим никогда не сталкивался.",0.0
"То есть это, знаешь, когда ты чувак, типа, маленький пацан, который живет вообще абсолютно в другой теме, там, у нас там деньги отжимали, мы там пиздились постоянно, и там меня на мосту херачили, там, я не знаю, сколько, 10 скинхедов, это, все знают эту историю, я много раз рассказывал.",0.0
"И у нас была другая история, я еще прошел всех этих панков, скинхедов, рэперов, готов, когда были группировки, и когда они все там собирались и назначали стрелки.",0.0
"То есть я жил вот в такой истории, и вокруг меня этого не было.",0.0
"И когда я приехал в Москву, я немножко офигел от того, что настолько все это вот здесь, рядом с нами.",0.0
"И первое время, я честно тебе скажу, меня это напрягало.",0.0
"Потому что типа, блин, ну вот как так?",0.0
Почему меня так воспринимают?,0.0
Почему кто-то надо мной так шутит?,0.0
"Блин, это же не так, это неправда.",0.0
И типа я пытался как-то все в голове это совместить.,0.0
Но когда ты перестал обижаться?,0.0
"Да, наверное.",0.0
— Недавно?,0.0
"— Ну, года, наверное, два назад.",0.0
— Года два назад.,0.0
Что-то произошло?,0.0
— Нет.,0.0
"— Смотри, я предлагаю простую штуку.",0.0
"Если ты откажешься, я нормально на это отреагирую.",0.0
— Давай.,0.0
— И не буду приставать.,0.0
"Я точно знаю, что Даня Поперечный еще не спит.",0.0
Давай мы наберем его и объяснимся.,0.0
— Зачем?,0.0
— Ну мы объясним.,0.0
"Он уверен, что ты жутко обижен на этот ролик.",0.0
"Более того, по его информации, ты хотел бы дать ему пизды за этот ролик.",0.0
"— Ну если бы хотел, дал бы.",0.0
— Ох.,0.0
— Ну а что?,0.0
"Что значит хотеть, но не сделать?",0.0
— Давай уточним.,0.0
Когда ты последний раз дрался?,0.0
"— Наверное, недели три назад.",0.0
"— Ну, на боксе.",0.0
"То есть не на улице, а на боксе.",0.0
— Это не считается.,0.0
— Хорошо.,0.0
— А когда ты последний раз дрался?,0.0
"— На улице давно, да.",0.0
— Давно?,0.0
— Да.,0.0
"— Ты уверен, что дал бы поперечному пизде?",0.0
"— Ну, я, по крайней мере, бы спросил у него за это, если бы очень сильно хотел.",0.0
"— Спроси только в гангста, Стив?",0.0
— Какого в гангста?,0.0
"Я подошел к нему и сказал, «Чувак, что ты от меня хочешь вообще?",0.0
На хера ты это делаешь?»,0.0
"— Что, если мы сейчас это сделаем?",0.0
"— И если бы он перегнул палку, то что, я буду стоять и молчать?",0.0
"Смотри, не для того, чтобы это было шок, интриги, скандалы, расследования, а просто для того, чтобы я буду считать идеальную ситуацию, когда конфликт закроется сейчас же.",0.0
"Данила, привет!",0.0
"Алло, здрасте.",0.0
Слышишь?,0.0
"Да, я тебя слышу, Юра.",0.0
"Короче, Данил, я здесь с Егором Кридом, и мы говорим по громкой связи.",0.0
"Привет, слушай, я только что рассказывал Юре, что я твой огромный поклонник, а он мне говорит, что ты меня обсираешь в видео.",0.0
Как так происходит?,0.0
"Что ты мне не набрал, не подошел, лично не сказал, что у тебя ко мне претензии?",0.0
Я так расстроился по этому поводу.,0.0
"Слушай, ну, а, давай.",0.0
"Ну, типа, ты в блокстане или нет, я не пойму, что, блядь, происходит.",0.0
"В-третьих, да.",0.0
"Короче, смотри, отвечайте на первый вопрос.",0.0
На самом деле не идеальная кожа.,0.0
Вот.,0.0
Второй вопрос.,0.0
Второй вопрос.,0.0
Какая была претензия?,0.0
"Прости, я что-то прослушал.",0.0
"Второй, ты посягаешь на его гетеросексуально.",0.0
"Так почему ты его не взял заранее, почему ты не взял мой телефон, почему ты мне не позвонил и сказал, слушай, Егор, смотри, чувак, у меня к тебе есть претензии, вот такие-то, такие-то, такие-то.",0.0
Вот я тебе хочу о них сказать.,0.0
Зачем ты это выкладываешь?,0.0
"Егор, очень простое ответ тебе на самом деле, потому что у меня к тебе никаких претензий нет.",0.0
Так.,0.0
"Ну типа, я просто пошутил, и для меня донеслось, что ты мне хочешь съемнуть.",0.0
"Слушай, ну блин.",0.0
"Данил, Данил, смотри, если бы я хотел ебнуть, я бы позвонил тебе и договорился о встрече.",0.0
"Так что ты передай своим друзьям или кто там тебе сказал, что они пиздят.",0.0
Иначе...,0.0
Давай.,0.0
"То есть ты просто взял рандомного чувака популярного и стал, короче, до него докапываться в YouTube, потому что у тебя нет претензий, правильно?",0.0
"Только у меня вот, подожди, стоп, у меня к тебе вопрос.",0.0
А как я отреагировал на твою шутку?,0.0
"Нет, нет, нет, подожди, подожди, ты говоришь то, что я единственный, кто жестко отреагировал на твою шутку.",0.0
Я не видел два твоих видео.,0.0
А это шутка про сперму и ужинает?,0.0
"Слушай, я только что сидел и говорил Юре, что я смотрел твои плохие шутки, и они мне понравились, и я считал, что ты талантливый чувак.",0.0
Я в принципе так считаю.,0.0
Подожди.,1.0
"Я понимаю, про какого человека ты говоришь.",1.0
"Единственное, что я спросил у него, я помню.",1.0
"Я понял, что ты говоришь.",1.0
"Я сказал, слушай, чем я ему так не нравлюсь, зачем он меня оскорбляет.",1.0
Вот что я ему сказал.,1.0
"Пацаны, давайте уточним.",1.0
Человек маленького роста?,1.0
Да.,1.0
Понятно.,1.0
"Я об этом говорю, нет.",1.0
Человек маленького роста.,1.0
"Это уже вторая история про то, когда я уже прожарку сделал.",1.0
"А у нас больше нет общих знакомых, в принципе.",1.0
"Короче, смотри, Данила Поперечный.",1.0
"Я считаю, что ты талантливый чувак, что у тебя...",1.0
Хороший юмор.,1.0
"Но то, что ты сделал про меня все эти два видео, к сожалению, я не могу сказать точно по фразам.",1.0
"Я считаю, что это было не оскорбление и не юмор.",1.0
"Юра сейчас хотел тебе позвонить, чтобы что?",1.0
Чтобы...,1.0
"Смотрите, а вы не понимаете, что?",1.0
"У вас был псевдоконфликт, из которого прямо сейчас выходит воздух.",1.0
Даня набросил на тебя...,1.0
"Смотри, Юр, секунду.",1.0
"Смотри, Минибор.",1.0
"Да. ну для меня для меня для меня для меня это негатив эти два видео негатив так я же никак не отреагировал как ты говоришь ты же снял второе видео и сказал ты там как чё ты что ты сказал что я кому-то сказал Да, но проблема, знаешь, в чем самая большая?",1.0
Я не видел первое видео.,0.0
И второе я тоже не посмотрел.,0.0
"Я тебе клянусь, что я видел отрывки в Инстаграме.",0.0
И когда я увидел их...,0.0
"Нет, стоп, стоп.",0.0
"А так за это, за это я тебе ничего не говорю.",0.0
Это юмор.,0.0
"Но когда ты говоришь, чувак, ты пластмассовый, в тебе нет души, там, ты такой-сякой, с ровной бородой, это уже ты говоришь типа по фактам, которые ты приводишь, правильно?",0.0
"Ну, мне кажется, что ты такой образ транслируешь.",0.0
"Ну, слушай, ну, если тебе кажется, понятно, что это не я, но я не транслирую такой образ.",0.0
"Я, понимаешь, я не я по твоим суждениям.",0.0
Понимаешь?,0.0
"Я же, я же зритель, который это воспринимает.",0.0
Я бы тебя...,0.0
"Я понял, хорошо.",0.0
"Пацаны, можно, слушайте, подытожим?",0.0
"Я уже доволен этим разговором, потому что из абсолютно лишней агрессии...",0.0
"Я не хочу быть котом Леопольдом, но в целом...",0.0
"Дань, ты помнишь тот замечательное место, куда ты водил меня закрытая комната, куда ты водил меня бухать, когда я приезжал в последний раз?",0.0
"Да, смотри, а я правильно понимаю, что сейчас есть все шансы, что во время приезда Егора Крида, есть шанс, что вы бухнете так же, уже абсолютно на позитивной волне.",0.0
"Чувак, да я, блядь, с самого начала был готов бухнуть с Егором, но у меня к тебе еще другой вопрос.",0.0
Да.,0.0
"Ты сейчас вот сказал, что ты, типа, провел параллельно с тобой и готов леопардов, типа, мы, получается, с Егором крыши, блядь, две.",0.0
Вот ты понял.,0.0
"Короче, Данил, смотри, наш план сработал.",0.0
"Мы грамотно сделали два видео, чтобы разъебать здесь Дудя.",0.0
Мы готовим новое видео.,0.0
"Короче, Данил!",0.0
"Смотри, Данил, смотри, я на тебя зла не держу вообще абсолютно за вот эти твои ролики.",0.0
"Я за то, чтобы юмор не переходил в оскорбление.",0.0
Все остальное имеет место быть.,0.0
"Слушай, ну грань ты сам должен контролировать, больше никто другой.",0.0
А с чего вдруг я должен давать согласие на них?,0.0
"Короче, пацаны.",0.0
"А, то есть в прожарке люди видят заранее шутки про себя?",0.0
"А, я понял.",0.0
"Короче, Данил, Данил, я, честно говоря, удивлен, что вот прям Егор разобрал тебя в этом противостоянии.",0.0
"И, ну, разобрал в хорошем смысле.",0.0
"И мне кажется, что в Петербурге, в том самом закрытом кабинете, должна случиться ваша встреча, и она точно произойдет позитивно и пиздатенько.",0.0
Лады?,0.0
"Короче, Данила, я тебе так скажу, смотри.",0.0
"Скорее всего, когда выйдет это интервью, у меня выйдет видео, которое я сделал, оно очень...",1.0
Оно не про тебя.,1.0
И не про тебя.,1.0
Юра просто так сейчас...,1.0
Юра так сейчас отреагировал.,1.0
"Я очень хочу тебе его скинуть, я думаю, что оно тебе очень понравится.",1.0
"Оно, конечно, не про то, что ты говоришь, но меня там хотя бы блюет.",1.0
"Тихой сапой, Данил.",1.0
Просто шажочком приставным движемся.,1.0
Движемся вперед.,1.0
"Все, Дань, я рад был тебя видеть, слышать Регину с днем рождения.",1.0
"И, в общем, лучший подарок девушке с днем рождения, это то, что ее парню позвонил Егор Крид.",1.0
Так ведь?,1.0
"Нет, мне позвонил ее Редотик, сказал, что мы крыти, блядь, с Кридом.",1.0
"Ладно, поздравляю свою девушку от меня тоже.",1.0
И хорошо вам провести день рождения.,0.0
Давай финализируем.,0.0
"Что ты думаешь о том, чтобы исполнить песню «Сатира» на концерте?",0.0
"Это же офигенная идея, с которой бы твоя новая жизнь началась.",0.0
"К сожалению, не могу.",0.0
Почему?,0.0
"Объясню, почему.",0.0
"Потому что в последнее время мне очень сильно, как сказать, меня очень сильно ограничивают.",0.0
Потому что я на концертах на своих теперь не могу даже матом ругаться.,0.0
Почему?,0.0
"Ну, потому что собирают родители петиции. о том, что Егор Крид матерится, о том, что он развращает молодежь через свои песни.",0.0
Полную херню какую-то.,0.0
"И нам приходится исполнять цензурно песни на концертах, где до 18+.",0.0
"Егор, ты же рэпер.",0.0
"Чувак, ты живешь в России.",0.0
"Ну смотри, окей, хорошо.",0.0
Ленинград же выступает и поет с матом.,0.0
18+.,0.0
"А, если ты сделаешь 18+, то, значит, человек в зал не придёт.",0.0
"То есть хочется для всех делать, либо делать ночной концерт.",0.0
"Хорошо, но на ночном концерте ты готов песню сатир исполнить?",0.0
"Ну, я бы, знаешь, как сделал бы?",0.0
Я бы прям с ним её исполнил.,0.0
"То есть если сатир из Новосиба прилетит к тебе на ночной концерт, ты знаешь график ближайших концертов?",0.0
Ближайший концерт у меня в Германии.,0.0
Ночной?,0.0
"У меня все ночные в Германии, да.",0.0
"Так, а когда они?",0.0
Извиняюсь.,0.0
"Бро, у нас Германия с какого по какое?",0.0
"Либо Германия, либо в августе в Турцию.",0.0
В июне.,0.0
В июне в Турцию.,0.0
Просто зачем?,0.0
Это же ты типа на понт меня берешь?,0.0
"Нет, это же офигенно.",0.0
"Чувак, ты ну...",0.0
Подожди.,0.0
Ты независимый артист теперь.,0.0
"Ты вылупился из «Блэк Стара» со всеми его правилами, которые большому количеству людей не заходят.",0.0
У тебя есть возможность иронизировать над собой.,0.0
Конечно.,0.0
"Ты понимаешь, что то...",0.0
"Извини, что это выглядит, как будто я учу жизнь, ни в коем случае.",0.0
"Если у тебя есть самоирония, ты неуязвим.",0.0
Согласен.,0.0
"Ты представляешь, что из Новосиба прилетает самый остроумный человек русского Ютуба, который сделал лучшую пародию про тебя, и вы вместе исполняете эту песню.",0.0
"Это значит, что у тебя просто супергеройская броня, которая...",0.0
"Ты знаешь, что я про него как раз и говорил...",0.0
"По-моему, я говорил как раз с Лайдусом Мухаммедом, что есть такой чувак крутой сатир, и то, что возьмите этого пацана куда-нибудь к себе.",0.0
"И насколько я знаю, сатир снимается сейчас на телеке уже в СТС или где-то еще в какой-то программе.",0.0
"Не, у него было праздовое появление.",0.0
"Слава богу, ты пришел, а так он делает свои вещи.",0.0
Ну то есть...,0.0
"Смотри, я не против такой истории, абсолютно.",0.0
"Я больше, наверное, за, чтобы кто-то из вот этих чуваков, которые проходят по самоиронии и катаются на этом серфе самоиронии, сделали мне классную идею и сняли бы мне крутой клип и навпихали туда крутых шуток над собой.",0.0
Это классно.,0.0
"Типа того, что гудок делают?",0.0
"Тип того, что Гудок делает.",0.0
"— То есть ты готов сняться в трэше, который делает гудковская компания?",0.0
"— Я хочу, чтобы ты посмотрел видео, которое, скорее всего, выйдет у меня в тот день, когда выйдет интервью, либо чуть позже.",0.0
"Это я написал стихотворение, которое...",0.0
"Наверное, вот эта вся ситуация с Дубаей, со всей этой фигнёй, она сподвигла меня на то, чтобы я написал этот стих.",0.0
"И я на этот стих снял видео, это а-ля как «Начало нового пути».",0.0
"Готов ли ты пригнать в Турцию и вспомнить вместе с Егором, пора признать, что я не педик?",0.0
"Слушай, ну вот так, если однозначно ответить на этот вопрос, готов.",0.0
Вообще без проблем.,0.0
С удовольствием готов.,0.0
"Но все-таки мне кажется, что Егор в чем-то прав, и ты скорее берешь его на понт.",0.0
Почему?,0.0
Ты это устроишь как?,0.0
Билеты.,0.0
"Если Егор тебе их вдруг не купит, то купим мы.",0.0
Что еще устроит?,0.0
"Все, ты готов приехать?",0.0
Конечно.,0.0
"Ну супер, если Егор не передумает, он же там сказал.",0.0
"Я бы, знаешь, как сделал бы?",0.0
Я бы прям с ним ее исполнил.,0.0
Причем здесь пон?,0.0
Ты понимаешь наш мотив?,0.0
"Ну, как создать инцидент?",0.0
"Нет, наш мотив, чтобы люди стали проще.",0.0
Ты такой кот Леопольд.,0.0
"Да, я за то, чтобы люди становились проще.",0.0
Худшие вещи в этом мире совершаются на серьезных щах.,0.0
Абсолютно согласен.,0.0
"И я за то, чтобы щи были проще.",0.0
"И кому, если не кумирам молодежи, вроде тебя, Егора Криды, это делать?",0.0
"И более того, Егор еще сказал про то, что он там очень хочет делать что-то в юмористическом ключе, чтобы мы снимали клипы.",0.0
"Егор, давай мы тебе клип снимем.",0.0
Куда?,0.0
Сюда.,0.0
"Егор, давай мы с нашей командой приедем к тебе и предложим тебе...",0.0
"Ну, заранее договоримся, придумаем сценарий, какие-то шутки.",0.0
"Я, может, буду в каком-то образе.",0.0
Это все уже второе.,0.0
Второстепенно.,0.0
"Короче, давай мы тебе клип снимем.",0.0
Итак.,0.0
В Турцию ты выступаешь на фите.,0.0
И Егор рассматривает твое предложение о клипе.,0.0
Я душу вложил в проект «Холостяк».,0.0
Читал ты в треке...,0.0
"Так что душу мою ты, сука, не трожь.",0.0
Там так.,0.0
"Егор, какую душу?",0.0
Серьезно?,0.0
Проект «Холостяк».,0.0
"Ладно, сейчас мы отмотаем назад, где я говорю, что я все воспринимаю близко к сердцу.",0.0
"И в этом моя проблема, и в этом моя ошибка.",0.0
"Когда меня позвали в первый раз на проект «Колосяк», я отказался.",0.0
"Спустя два года или два с половиной меня позвали еще раз, я опять отказался.",0.0
"Потом со мной несколько раз опять встречались и меня уговаривали на этот проект, я опять отказался.",0.0
"В итоге мы встретились со Славой Дусом Хамедовым, и он мне рассказал, почему он хочет именно меня на этот проект.",0.0
"Почему? блоги, твои влоги, я посмотрел твой влог с Амираном, где вы летали, и я вижу, что ты настоящий чувак, и я хочу сделать настоящий проект, я до этого никогда не делал хлостяк, мне нужен чувак, который будет все делать естественно, и который не будет читать сценарии, а который будет тружным.",0.0
"Я говорю, фу, если ты готов на такое шоу, тогда у нас, а, не будет сценария, б, я придумываю все свидания сам, c, то, что...",0.0
Я буду иногда где-то что-то подсказывать по съемкам и так далее.,0.0
"И когда я туда пришел, когда я увидел всех девушек, я подошел к ребятам и сказал, тут, по-моему, нет ни одной девушки, которая в моем вкусе.",0.0
И для меня это была проблема.,0.0
"Но потом, когда мы полетели туда, в Барселону, вот представь, смотри, я тебе даю сейчас пример.",0.0
Есть коробка. куда тебя посадили с какой-нибудь девушкой.,0.0
"Много-много лет назад, до того, как ты встретил свою единственную.",0.0
И вы там три месяца.,0.0
"Либо вы убьете друг друга. либо, скорее всего, что-то между вами произойдет.",0.0
"Вот здесь такая же история, и так же работает этот проект.",0.0
Мы три месяца жили со всеми этими девушками.,0.0
"Они были отрублены вообще от всего мира, у них не было ни телефонов, ничего.",0.0
"Я так же сидел, и каждый день я просто жил этим проектом.",0.0
Я придумывал свидание.,0.0
"Я слушал, когда, представляешь, эти девушки говорят, меня бил муж, он меня закрывал дома и так далее.",0.0
"Она каждая тебе лезет в душу, прямо под самые ребра, под сердце, рассказывает тебе свою историю.",0.0
"И я себя чувствовал как человеком, который взял за них ответственность.",0.0
"И я должен сделать всё возможное, чтобы они хотя бы чуточку изменили свою жизнь.",0.0
"Слушай, в целом по этому поведению было похоже, что ты такой весь там наивный одуванчик иногда.",0.0
"Но как можно относиться серьёзно к проекту, где победительница, она типа выиграла и выдавала...",0.0
Та ж дурак.,0.0
Что?,0.0
Та ж дурак.,0.0
Что?,0.0
Потому что дурак.,0.0
Кто?,0.0
Я. Что ты имеешь в виду?,0.0
"Ну потому что дурак, потому что появились чувства, это правда.",0.0
"К девочке, которая выиграла?",0.0
"Две девочки там были, которые мне очень сильно нравились.",0.0
"А та, которая выиграла, почти сразу вышла замуж за топ-менеджера чувака с ТНТ.",0.0
Как можно относиться серьезно к такой программе?,0.0
"Слушай, я тебе скажу так.",0.0
"Когда мы приехали в Барселону, у меня должно было быть первое свидание.",0.0
"И в тот момент у меня умерла моя поклонница, с которой в Питере мы вместе выступали на сцене.",0.0
"Я выводил ее на сцену под... недушевную песню, как ты говоришь, в которой нет ничего.",0.0
"Она называется «Папина дочка», и мы с ней пели эту песню.",0.0
"И я узнаю то, что ее больше нет, потому что она болела.",0.0
И для меня это была очень большая потеря.,0.0
"Я реально сидел, просто плакал где-то на протяжении, наверное, двух часов, а нужно снимать свидание.",0.0
"Я сказал, что единственный человек, с которым я могу поехать сейчас, это Даша.",0.0
"Как раз та девушка, которая победительница.",0.0
"Не знаю почему, потому что она была на прошлом сезоне, и я почувствовал то, что в ней есть какая-то искренность.",0.0
"И я сказал, что вот с ней я готов сейчас поехать, потому что как будто вот мне есть с ней о чем помолчать.",0.0
"И я сказал, мы берем так.",0.0
"Мое самое любимое, когда я куда-то уезжаю в какую-то страну, вот как я отдыхаю, я беру машину, еду куда-нибудь в горы, в одиночество, допустим.",0.0
"Я просто думаю, там размышляю, либо смотрю там в море и копаюсь там в себе.",0.0
"И я взял машину, она села справа, мы повесили гоупроху и поехали.",0.0
"Я рассказал ей тогда эту историю, и, наверное, тот момент как раз был самым таким серьезным связующим, потому что произошла такая ситуация, была она рядом, и как-то она меня поддержала, и поэтому запала в душ.",0.0
"И тогда я сказал ей, слушай, а вот это Инстаграм, и вся эта ерунда, как бы, как тебе?",0.0
Ты готова удалить свой Инстаграм?,0.0
"Она говорит, да, конечно, мне это вообще ничего не нужно.",0.0
Зачем?,0.0
Это вообще не про меня.,0.0
Мне важен ты.,0.0
"И это было настолько мило, наивно и круто, что эта вся ситуация заставила меня во все это поверить.",0.0
"Когда закончился проект, я посмотрел, во-первых, проект, и посмотрел со стороны, что она говорила про других участниц.",0.0
"Потому что она была там зайкой, которая заикается, девочка из народа, очень простая, милая.",0.0
"И когда я увидел, что она говорит про других девушек, что типа там, ты там подстилка для мужчин или там что-то еще, я такой подумал, вау, нормально, что такая девочка как-то...",0.0
"Может быть, я ее не такой знаю.",0.0
И после проекта наши отношения как-то сошли на нет.,0.0
Прошло где-то месяца 4.,0.0
Мы с ней встретились.,0.0
"Она сказала мне, что она меня любит.",0.0
У нее ко мне большие чувства.,0.0
"Я сказал ей, хорошо, ты готова удалить свой инстаграм прямо сейчас?",0.0
Как тогда ты мне сказала в машине при нашей первой встрече.,1.0
"И она мне сказала, конечно, нет.",1.0
«С чего вдруг я буду удалять свой инстаграм?,1.0
Это моя аудитория!»,1.0
"Я говорю, «Это моя аудитория».",1.0
И тогда мы пожали друг другу руки и разошлись.,1.0
"Слушай, Егор, трогали на начало истории, но все равно.",1.0
"Я же понимаю, что у вас даже секса не было.",1.0
С чего ты взял?,1.0
"А, он был.",1.0
"— Ну, блин, мне так не хочется об этом говорить.",1.0
"— Просто штука в том, что все итоги «Холостяка» выглядят жуткой постановой, потому что ты видишь вот этот поцелуй.",1.0
"Некоторые даже поцеловаться не могут, так как мы действительно целуем девушек, с которыми...",1.0
"— Смотри, там постановы не было вообще никакой.",1.0
"Единственное, что я сказал, то что я не хочу, чтобы там был секс на камеру, потому что это превратится всё в «Дом-2».",1.0
— Ну да.,0.0
— Это всё полный керами.,0.0
— Окей.,0.0
Сколько у тебя было девушек?,0.0
— Много.,0.0
— Сколько?,0.0
— Сотня.,0.0
"— Ну, я не хочу говорить число, честно.",0.0
"— Ну, ты знаешь это число?",0.0
"— Ну, оно очень большое.",0.0
"Я не хочу говорить, честно.",0.0
"Но я, наверное, могу из всех этих чисел, так сказать, и нолей выделить только, наверное, трех-четырех, с которыми у меня были прям серьезные отношения и которыми я испытывал чувства.",0.0
"Потому что сколько у тебя было девушек — это понятие, типа, со сколькими ты переспал и так далее.",0.0
Но в это залазить не очень охота.,0.0
"Твоя цитата, это твое интервью, и оно подтверждено.",0.0
"У меня были некоторые галочки, которые я хотел поставить в своей жизни.",0.0
"Это секс с младкой, секс в самолете и секс втроем.",0.0
Этой последней галочки я как раз еще не поставил.,0.0
Говорил это несколько лет назад.,0.0
А ты поставил эту галочку?,0.0
У тебя был секс втроем.,0.0
Где у тебя был секс в самолете?,0.0
Это был частный джет или регулярный?,0.0
"Нет, это был регулярный рейс, и это была девушка, с которой мы встречались.",0.0
"Это, видимо, в Азию был рейс.",0.0
— Не знаю.,0.0
— В рейсе в Европе мне тесно даже отлить самолёт.,0.0
"— Это был большой самолёт, и там где-то...",0.0
"— Поэтому мне всегда было интересно, как же люди трахаются, там, где тяжело пописывать.",0.0
— Шага два можно было сделать точно.,0.0
"— А, значит, это было 380 в условной Дубае.",0.0
"— В условной Бали, мне кажется, даже.",0.0
"— Ну, это был большой самолёт.",0.0
"— Да, огромный.",0.0
— И как в самолёте?,0.0
В клубе десятитысячников?,0.0
— Не очень.,0.0
— Почему?,0.0
"— Не знаю, туалет как-то.",0.0
Просто как галочка.,0.0
"Ну, не знаю, в этом нет какой-то эстетики.",0.0
Я все-таки за эстетичный вариант.,0.0
Еще из того же интервью.,0.0
"Тебя спрашивает девушка, кстати.",0.0
О чем ты фантазируешь?,0.0
Твой ответ.,0.0
"Я веду машину на трассе на большой скорости, а девушка делает мне то, что я люблю больше всего.",0.0
"Тебе делали минет, когда ты был за рулем?",1.0
Да.,1.0
Как это?,1.0
"Ну, примерно вот так же, как ты сейчас.",1.0
"Вот с каким посылом ты это говорил, примерно так же.",1.0
С каким посылом я это говорил?,1.0
"Не знаю, очень как-то...",1.0
— Импульсивно.,1.0
"— Ты сбрасывал скорость или набирал, когда заканчивал?",1.0
— Вот так вот?,1.0
— Да.,1.0
"Честно, я не помню, сбрасывали её или нет.",1.0
"Надеюсь, это интервью не посмотрит моя мама.",1.0
Мне стыдно говорить про такие вещи.,1.0
"— Это правда, что одна из твоих девушек, которую зовут Ксения Дели...",1.0
"— Ты встречался с девушкой, которую зовут Ксения Дели?",1.0
— Да.,1.0
"— Она правда вышла замуж за египетского миллионера, которому больше 60 лет?",1.0
— Угу.,1.0
"— Как ты реагируешь, когда слышишь такие предложения?",1.0
"— Слушай, наверное, это одни из моих самых лучших, наверное, были отношения. которые у меня были, именно с Ксюхой, потому что это тот самый момент, я не знаю, как объяснить, но это реально волшебный момент, когда, я помню, она заходит, условное какое-то помещение, помню, где мы были, это был ресторан, либо какая-то кальянная, она заходит, я на нее смотрю, и я сразу понимаю, что, бля, пиздец, это именно то, что мне нужно.",1.0
И вот те самые бабочки в животе у тебя начинают играть.,1.0
И очень...,1.0
"Я давно, давно хотел рассказать про эту историю, и давай, наверное, я сейчас об этом и расскажу.",1.0
"Она садится рядом со мной, мы с ней познакомились в инстаграме, она приехала, это был Лос-Анджелес.",1.0
"Мы с ней сидим рядом, и прошел где-то час, мы общались, она мне реально безумно понравилась.",1.0
"И она мне говорит, слушай, мне нужно поехать.",1.0
"Я говорю, да не-не-не, подожди, стоп, давай еще хотя бы чуть посидим, там, выпьем и так далее.",1.0
"Она говорит, слушай, меня парень ждет, мне надо поехать.",1.0
"И тут я понимаю, что, короче, все, у меня есть один шанс только.",1.0
"Я говорю, слушай, поехали сейчас на холмы на голливудские.",1.0
Вот на полчаса поговорим по душам.,1.0
"И все, и расход.",1.0
Мы с ней поехали на голливудские холмы.,1.0
"Где-то, наверное, в 12.",1.0
До 7 утра мы с ней там пробыли.,1.0
"На утро она рассталась с парнем, и мы с ней начали встречаться.",1.0
Как знакомиться в инстаграме?,0.0
Директ.,0.0
Ты увидел красивую девочку.,0.0
"Да, спасибо.",0.0
И пишешь ей в директ.,0.0
Что ты пишешь?,0.0
Давай встретимся.,0.0
"Привет, я в LA.",0.0
Давай увидимся.,0.0
"Слово за слово, смайлики все дела.",0.0
"21 век, бро.",0.0
Тебе когда-нибудь отказывали?,0.0
Вот так через Инстаграм писали?,0.0
Да пошел ты!,0.0
"Не, мне бывало не отвечали просто.",0.0
"И потом, когда мы с ней начали встречаться с Ксюхой, была очень прикольная и интересная история, когда...",0.0
Она прошла кастинг в клип Джастина Бибера и снимала с него в клипе «What do you mean?».,0.0
"Это был один из его больших, огромных хитов.",0.0
Это как раз было на самом начальном этапе наших с ней отношений.,0.0
"И самое прикольное, и самое интересное, наверное, это когда она снялась в этом клипе, и ее звали на различные интервью, и спрашивали у нее, типа, что у вас с Джастином и так далее.",0.0
"И когда мы шли куда-то в кино, ей на фейстайме названивал Джастин, и она его там сбрасывала.",0.0
"И был момент, когда мы с ней куда-то пошли, и я сказал, что я очень против публичных отношений, я обычно, типа, скрываю.",0.0
"Я никогда, в принципе, не показываю свою девушку, не беру ее за руку и не иду там на ковровую дорожку.",0.0
"Потому что я считаю, что лично оно должно быть личным.",0.0
"А не типа, ай, привет, у нас пиар-роман, все дела, и вся эта херня, как привыкли в российском шоу-бизнесе.",0.0
И я ей сказал об этом.,0.0
"Ей это не понравилось, что я не хочу ее показывать, и, наверное, ее это где-то подбесило.",0.0
"И мы должны были как-то вечером встретиться с моей сестрой, чтобы я их познакомил и пойти где-то покушать.",0.0
Моя сестра живет в Лос-Анджелесе.,0.0
И она перестала брать трубку вечером.,0.0
"Я звоню ее сестре, она говорит, я не знаю, где она.",0.0
"Я ей звоню, звоню, звоню, я не понимаю, что происходит.",0.0
"И где-то до двух часов ночи или до трех я ей звонил, абонент недоступен.",0.0
"Утром я просыпаюсь, открываю Инстаграм, листаю ленту и вижу, что Джастин Бибер выложил фотку, где вот так вот его ботинки и чьи-то туфли.",0.0
"И я, короче, понимаю, что это, походу, моя Ксюха.",0.0
"Дальше я листаю все СМИ и вижу, как сидит Ксюха, Джастин Бибер играет на пианино где-то в ресторане.",0.0
"И они провели вот, типа, вечер.",0.0
"Я ей написал о том, что, типа, ты конченая, все, до свидания, бай.",0.0
"Она мне ответила, что вот я так тебе хотела показать, типа...",0.0
"Типа, так тебя хотела проучить.",0.0
И?,0.0
"Я вспомнил, почему была причина, почему она так пошла.",0.0
"Она говорит, я пошла так, потому что ты до этого встретился со своей подругой.",0.0
"Потому что я в LA встретился с подругой, и ей стало это, типа, неприятно.",0.0
"И она тем самым сказала, что вот, я встретилась с другом, посмотри, каково это.",0.0
И вы встречались после этого?,0.0
"Да, где-то, наверное, неделю мы с ней общались.",0.0
"Потом она подъехала, извинилась.",0.0
"Сказала то, что между нами ничего не было.",0.0
"Я просто хотела, типа, тебя проучить.",0.0
И т.д. и т.п. — И сейчас она замужем за 60-летним чуваком?,0.0
— Да.,0.0
— Как ты относишься к таким бракам?,0.0
Ну как ты это воспринимаешь?,0.0
Со стороны это выглядит довольно однозначно.,0.0
Как это выглядит тебе?,0.0
"— Изначально была какая-то финансовая история, потом она почему-то могла влюбиться.",0.0
"Но она просто такая красивая девочка, ей абсолютно вообще не нужен никакой такой вот способ.",0.0
"Понимаешь, она...",0.0
Она реально красота.,0.0
"Я не знаю, видел ты ее или нет.",0.0
Она очень красивая девушка.,0.0
"Поэтому я думаю, у нее бы никогда не было проблем найти себе кого-то.",0.0
Поэтому это ее выбор.,1.0
"Возможно, нам с тобой просто кажется.",1.0
"С Нюшей ты и правда расстался, потому что батя был против?",1.0
"Слушай, два с половиной года мы где-то встречались, либо три.",1.0
Вот.,1.0
"И я думаю, что спустя все это время, я думаю, что у нас разные истории.",1.0
Так а батя был?,1.0
— При чем здесь?,1.0
"В песне вот этой «Миллион Алых Род», которую ты написал?",1.0
"— Слушай, он меня, я думаю, что не очень долюбливал.",1.0
"Но мне лично в этих отношениях объясню, почему было некомфортно.",1.0
"Потому что вот мы вот так вот сидели с ней где-то в ресторане, и я прям помню четко ее фразу, которую она мне сказала.",1.0
"Слушай, у тебя нет, да, денег, чтобы заплатить за ужин даже?",1.0
"А у меня реально не было тогда денег вообще, чтобы заплатить.",1.0
Это были первые года нахождения на лейбле.,1.0
"И я тогда помню, что я все, что, короче, копил, я покупал ей сразу какой-то подарок.",1.0
"Я помню, я накопил и купил ей ноутбук на Новый год, либо на день рождения.",1.0
Apple?,0.0
"Да, в ноль уходил.",0.0
"Для меня очень важно, я очень люблю дарить подарки.",0.0
"Больше даже, чем получать.",0.0
"Я не знаю, мне очень нравится делать людей счастливыми, когда они что-то получают.",0.0
"Так, так, и?",0.0
"Я думаю, что у нее замечательная мама, я безумно люблю ее маму.",0.0
"Мы до сих пор, мне кажется, иногда поздравляем друг друга с праздниками, но...",0.0
"Мне кажется, вот остальная часть её большой семьи не очень сильно меня долюбливала именно потому, что у меня с финансами тогда было не очень хорошо.",0.0
"Может, потому что ты певец?",0.0
Почему сразу финансы?,0.0
Почему?,0.0
"Типа певец-певица, типа шляпа?",0.0
"Ну да, не слушай, ну это прям, да.",0.0
"Это не то, что, скорее всего, состоит семейное счастье человека.",0.0
"Я не знаю, слушай, я просто был влюблён, и всё, мне остальное было пофигу.",0.0
"Я очень хочу, чтобы ты послушал песню, как раз ты говоришь, что у меня не было души в песнях, это песня «Берегу».",0.0
"Эта песня была как раз написана в тот день, когда мы расстались с Нюшей.",0.0
Потому что расставание было примерно так.,0.0
"Она смотрит мне в глаза и говорит, я тебя больше не люблю.",0.0
"И тут у меня как будто нож встали в сердце, вот так у меня полилась кровь.",0.0
"И я поехал на студию, как раз вот про эту съемную квартиру, про которую я тебе говорил.",0.0
"Я приехал на студию, и мне было настолько больно.",0.0
И я как раз написал эту песню «Берегу».,0.0
Одна из моих самых любимых песен и очень близка мне.,0.0
"Послушай, она классная.",0.0
Как ты сейчас знакомишься с девочкой?,0.0
Никак.,0.0
Невозможно.,0.0
"Ну, ты не можешь найти их в России, правильно?",0.0
Ну да.,0.0
Тяжело.,0.0
И?,0.0
"Ну, вот, допустим, мои такие крайние отношения, наверное, которые продлились недолго.",0.0
"Девушка была итальянка, сто процентов.",0.0
Она не говорит вообще по-русски.,0.0
"Ну, типа, она не знает кто-то?",0.0
"Не знаю, да.",0.0
"И она еще и зарабатывает больше, чем я.",0.0
Кем она работает?,0.0
"Честно говоря, я не знаю.",0.0
И вы не вместе?,0.0
"Не, не вместе.",0.0
Мы просто разошлись по менталитету. не срослось.,0.0
Но...,0.0
"Она младше, старше тебя?",0.0
"Старше, ей 35 было лет.",0.0
"И, во-первых, мы оба понимали, что у этого тяжело, потому что будущее, как бы, странно, я младше её настолько много лет.",0.0
"И приняли решение, что просто будем дружить.",0.0
"Ты уже думал, как ты будешь создавать семью?",0.0
"Слушай, я всегда...",0.0
"Вопрос из-за того, ровно из-за того, что...",0.0
"Я мечтал о том, чтобы быть молодым отцом, и я постоянно говорю об этом. со своими родителями, потому что у меня вот здесь вот есть две татуировки, два имени.",0.0
"Здесь Марина — это моя мама, а здесь Валентина — это моя вторая мама, это моя бабушка, которая, ну, с которой я практически вырос, которая меня в детстве баловала, там, первый телефон она купила нам.",0.0
"И она все время, знаешь, вот так вот сидела и качалась.",0.0
"И я не понимал, почему она вот все время качается.",0.0
Что за бред?,0.0
"И я как-то к ней подошел и говорю, слушай, а что ты качаешься?",0.0
"Она говорит, слушай, я тебя все детство качал на руках, и у меня вошло это в привычку.",0.0
И вот до своих последних дней она вот так вот сидела и качалась.,0.0
"И я понимал, когда видел все это и в этом рос, насколько важно и насколько, наверное, это самое важное в жизни семья.",0.0
"И для меня, в принципе, мои родители.",0.0
Для меня сейчас...,0.0
"Я понимаю, что ты хочешь спросить, я немножко в лирику пошёл.",0.0
— Вопрос простой.,0.0
"У тебя полно бабок, ты суперизвестный, как найти...",0.0
— Ответ простой.,0.0
Я мать его не знаю.,0.0
Вот такой ответ.,0.0
"— Ты понимаешь, что это проблема?",0.0
Твой нынешний статус и твоя профессия делают...,0.0
"— Это то, что заставляет меня приходить домой и охреневать от одиночества.",0.0
"Это то, из-за чего я постоянно парюсь.",0.0
"Потому что я понимаю, что есть будущее, и типа все круто.",0.0
"Есть там цацки, есть тачки, девочки, есть деньги, концерты, аудитория.",0.0
"Но когда мы все постареем, никому не нужны уже будем при смерти, никто задницу нам не подотрет.",0.0
"И поэтому, к сожалению, как бы сейчас это цинично и плохо, может быть, не звучало. близкие люди и семья важнее всего этого, про то, что я говорил ранее.",0.0
"Я надеюсь, что...",0.0
"Я не знаю, либо это будет кто-то иностранный, либо мне придется найти девушку, которой от меня ничего не надо.",0.0
"Я не знаю, как это сделать.",0.0
"Ну, это рублевская дочь какого-нибудь рублевского олигарха?",0.0
"Не знаю, либо это девочка какая-то из региона, из глубинки.",0.0
Я всегда думаю об этом.,0.0
Просто умница из провинции.,0.0
"Просто умница из провинции, которая...",0.0
"Знаешь, я вот иногда еду в лифте с какой-нибудь девушкой, которая там в косынке, и я говорю, блин, идеальная жена.",1.0
"Ну реально, вот реально.",1.0
Девушка в косынке в лифте?,1.0
Да.,1.0
В московской квартире?,1.0
"Ну у меня, я вот как раз недавно ехал, и вот была девушка, она была настолько добродушная, вот с горячими глазами.",1.0
"Именно в косынке, извини.",1.0
"Ну я не знаю, как сказать, ну платок, платок.",1.0
"Да, в платке.",1.0
"Наверное, может, на службу шла, я не знаю.",1.0
В церковь куда-то еще.,1.0
"Я не знаю, я люблю очень добрых людей.",1.0
"И я думаю, что...",1.0
"Вот, допустим, я смотрю на жену Элвана.",1.0
"Я не знаю, знакомы вы с ней или нет.",0.0
"Анечка, ты чудо!",0.0
"И я понимаю, что это идеальная жена.",0.0
И очень повезло Элвану.,0.0
Вот реально.,0.0
И мне хочется вот такого же счастья себе найти в жизни.,0.0
"Я надеюсь, что...",0.0
"Но ты знаешь, в чем разница.",0.0
— В чем?,0.0
"— В том, что Илван и Аня вместе с тех пор до того, как он был известен.",0.0
"— Да, я знаю.",0.0
— Ему фортануло.,0.0
— Я — да.,0.0
— Какие у тебя отношения с политикой?,0.0
— Никаких вообще.,0.0
— Почему тогда ты...,0.0
— Антиполитичный человек.,0.0
— Если ты антиполитичный человек...,0.0
— И в ней не разбираюсь еще.,0.0
"— Если ты в ней не разбираешься, почему ты призывался голосовать на выборах мэра Москвы за Сергея Собянина?",0.0
— Разве?,0.0
— Пост?,0.0
"Парк Зарядье, ты, Тимати, почти 600 тысяч лайков.",0.0
"Ты говоришь о том, как же похорошела Москва при Собянине.",0.0
"Слушай, ну это точно не призыв голосовать за Собянин.",0.0
Это был именно призыв.,0.0
Это вот рекламный пост голосовать за Сергея Собянина.,0.0
"Ну слушай, я же не писал голосуйте за Сергея Собянина.",0.0
"Но даже если бы я так написал бы, то я сказал бы честно.",0.0
"Я считаю то, что один из самых крутых. чемпионатов мира был у нас в России по футболу.",0.0
— Причем Сергей Собянин?,0.0
— Потому что вокруг...,0.0
— Он в большом количестве городов.,0.0
"— Нет, я тебе не об этом говорю.",0.0
"Я тебе говорю о том, что люди, когда мои, допустим, знакомые из других стран приезжали, они говорили «йоу». как круто в Москве, как красиво в Москве.",0.0
"Я видел твое интервью с Эриком, и он говорил с Давидовичем, и он говорил о том, что вот никто не хочет лететь в Москву, что все считают Россию за шкваром и так далее.",0.0
"Ну, что-то типа такого.",0.0
"Я считаю, что наоборот.",0.0
"Все мои знакомые, у меня очень много за границей друзей, все, кто приезжают, не хочет отсюда уезжать, потому что здесь реально охрененно круто и красиво.",0.0
"Если ты не согласен с этим, что Москва расцвела, я не знаю.",0.0
— Пензе расцвела?,0.0
— Нет.,0.0
"Ты никогда не задавал себе вопрос, что Пенза не расцветает, в том числе потому, что есть город-витрина.",0.0
"Просто нам с тобой фортануло, что мы в нем живем.",0.0
"А тем, кто в Пензе живет, не фортануло.",0.0
"Согласен, это дерьмовая ситуация.",0.0
"И если бы у меня была бы возможность прийти к человеку, который сможет изменить ситуацию в Пензе, я бы сказал, чувак, давай мы общими усилиями приедем в город и сделаем его круче.",0.0
Но я такого человека не знаю.,0.0
"Уточни, единственное, по Собянину.",0.0
Ты призывал голосовать за него.,0.0
Для начала это было бесплатно?,0.0
Да.,0.0
"Ты знаешь, кто такой Петр Бирюков?",0.0
Нет.,0.0
"Если что, это заместитель Собянина, у которого семья только в легендах Цветного купила квартиру на полтора миллиарда рублей.",0.0
Кайфчик.,0.0
Я тоже хочу.,1.0
"Дайте мне полтора миллиарда, я куплю себе квартиру.",1.0
Тебе 24?,1.0
Да.,1.0
Через месяц 25.,1.0
Супер.,1.0
"Самое-самое вышло, когда тебе было 19.",1.0
"Примерно, да.",1.0
"Ну, короче, 5 лет ты из каждого утюга уже бренчишь в России.",1.0
"Ты задавал себе вопрос, что ты будешь делать через 10 лет?",1.0
"— Да, постоянно сдаю.",1.0
— Что ты будешь делать через 10 лет?,1.0
"— Слушай, ну, я думаю, что 3-4-5, может быть, разных бизнесов у меня будет 100%.",1.0
"Будет какой-то стабильный доход, не зависящий от музыки.",0.0
"Я думаю, пара-тройка продюсерских проектов.",0.0
— Продюсерских?,0.0
— Угу.,0.0
"Ну, кого-то я спродюсирую.",0.0
"— То есть ты работаешь над тем, чтобы дискотека 2010-х — это не было твоим заработком через 10 лет?",0.0
— Да.,0.0
Сколько с этих бизнесов ты должен будешь отдавать семье Ротенбергов?,0.0
"Смотри, давай, еще раз, раз навсегда.",0.0
"Борис Роман Шеротенберг и Карина, к моему удивлению, замечательные люди.",0.0
"Потому что при том, что они имеют, мне было очень удивительно смотреть на то, как мы праздновали Новый год вместе, и были мои родители.",0.0
"И когда Борис Романович говорил слова, мы все там говорили слова, это был узкий круг.",0.0
Ну реально пробивало очень сильно.,0.0
"И я удивился, что люди, имея столько всего, не потеряли вот это, знаешь, свое хорошее нутро и остались классными людьми.",0.0
"Нас с ними ничего не связывает, я не их проект, они меня ниоткуда не выкупали, они ничем мне не обязаны, я им ничем не обязан.",0.0
"И я никогда, скорее всего...",0.0
"Хотя у меня на груди написано «никогда не говори никогда», но я надеюсь, что я никогда не буду нуждаться в помощи таких людей и не буду у них чего-то просить, чтобы не быть потом обязанным.",0.0
"Я лучше с ними буду просто дружить, потому что они хорошие люди.",0.0
"Смотри, генеральное.",0.0
"Может, я махнул несколько пиванов, и мне кажется, это ошибочным мнением.",0.0
Пацаны это подтвердят или опровергнут.,0.0
"Смотри, на этом интервью ты выглядишь почти всегда довольно простым пацаном, который на пафос сбивается, но не очень часто.",0.0
За пределами этого интервью у тебя совершенно другой образ.,0.0
"У меня есть знакомые, которые снимали «Холостяк», и некоторые из них говорили, что Крит вел себя как животное.",0.0
"Кстати, что они имели в виду?",0.0
"Они имели в виду надменность, грубость.",0.0
"Они, наверное, имели в виду, что я хотел тех девушек, которые снимались.",0.0
"Нет, они имели в виду...",0.0
"Слушай, на самом деле я...",0.0
"Я не знаю, я...",0.0
Ты же вёл себя там грубой.,0.0
"Нет, это неправда.",0.0
Это неправда.,0.0
Это абсолютно всё неправда.,0.0
Это всё херня.,0.0
"Это всё то, что говорят люди, это полная хрень.",0.0
"Когда мы с тобой встречались, и ты мне рассказывал про эту историю с...",0.0
"Этим не заплатившим счетом в кафе, где твои же ребята сказали, что я себя вел как-то херово.",0.0
Эта история была просто везде.,0.0
"С этим фотографом, который сказал, что я его где-то не отметил, что я такой плохой-сякой.",0.0
Все выдуманное дерьмо.,0.0
И меня это раздражает.,0.0
"И именно поэтому я тебе сказал, что я ненавижу шоу-бизнес, и я не доверяю людям.",0.0
"Потому что ты им открываешься, а они потом, чтобы сделать себе имя, чтобы просто придумать историю, чтобы было что обсудить.",0.0
"Меня люди, смотри, я супер, никто не даст соврать, здесь точно.",0.0
Я супер требовательный перфекционист.,0.0
"И поэтому, когда я требую от людей хотя бы чуть-чуть от того, что они должны делать, а еще особенно, когда они получают деньги за это, они воспринимают это как мою капризность.",0.0
Они воспринимают это как мой...,0.0
"Им легче сказать, да слушай, да он такой плохой, он такой пафосный, он себя так вел грубо.",0.0
"Хотя я мог просто подойти и сказать, слушай, чувак, можешь начать работать, пожалуйста?",0.0
И все. этого человека будет достаточно.,0.0
"Но я не сомневаюсь, что в моей жизни случались ситуации, когда я мог вести себя хреново, я не идеальный, и мы все совершаем ошибки.",0.0
"И в моей жизни, я думаю, их было предостаточно.",0.0
"И если вдруг я когда-то перед кем-то себя как-то не так и неправильно повел, мне очень стыдно и реально обидно.",0.0
Но это и нет ситуации.,0.0
Давай приведем один пример.,0.0
"Вот историю, когда ты ввел себя прям мерзко.",0.0
Ты можешь ее вспомнить и рассказать о ней?,0.0
— Мерзко?,0.0
— Да.,0.0
"Блин, слушай, прям мерзко.",0.0
Прям отвратительно.,0.0
"Я не знаю, но...",0.0
"Но бывало такое, знаешь, когда организаторы каких-то концертов не выполняют...",0.0
Условия не выполняют райдеры.,0.0
"Мы просто понимаем, что мы не можем провести концерт и дать на 100%.",0.0
Я очень вспыльчивый раньше был.,0.0
Сейчас я как-то каундаун.,0.0
"Раньше я был очень сильно вспыльчивый, и я мог просто наорать на людей.",0.0
"И потом понимал то, что, блин, зачем я это сделал.",0.0
"Так вот, в этом интервью ты предельно адекватный человек.",0.0
"Ты даже, в общем, развинтила поперечного.",0.0
И вы договорились выжрать пиво без всяких претензий.,0.0
Так почему твой образ другой?,0.0
"Потому что люди видят то, что хотят видеть.",0.0
Не так.,0.0
Это так.,0.0
"И слышат то, что хотят слышать.",0.0
"Слушай, даже у Филиппа Киркорова.",0.0
"Как ты можешь судить о человеке, его не зная?",0.0
Это все полная херня.,0.0
Это выдумки.,0.0
"И то, что ты говоришь.",0.0
"То, что ты говоришь поперечный.",0.0
"То, что там типа вот.",0.0
"У меня никто не знает, какое я есть.",0.0
"Возможно, это моя защита.",0.0
Так ты же можешь транслировать это в образ.,0.0
Могу.,0.0
Теперь начну.,0.0
"Потому что я... развязан в этом плане, понимаешь, что я отвечаю сам за свои поступки, и мне не надо ни у кого ничего спрашивать.",0.0
Блиц.,0.0
Хабиб Нурмагомедов или Федор Емельяненко?,0.0
"Ух, даже не знаю.",0.0
Надо выбрать.,0.0
Не могу одного выбрать.,0.0
Надо выбрать.,0.0
Я обоих выберу.,0.0
Тимати или Баста?,0.0
В плане чего?,0.0
Тимати или Баста?,0.0
Я не знаю.,0.0
"Мне кажется, смотри, по поводу Тимати, я просто его знаю очень близко.",0.0
И мы с ним работали долгое время.,0.0
"Честно, если не соврать, то более работяг и трудяг я в своей жизни не встречал.",0.0
"Столько, сколько он работает херачит и как мало спит, и я больше людей не знаю.",0.0
Поэтому в плане трудоспособности я выберу Тимати.,0.0
"А Басту я выберу в том плане, что мне нравится он больше тем, что он типа свой чувак.",0.0
Свой?,0.0
Да.,0.0
Без пафоса.,0.0
"Ну, не то, что без пафоса, просто он свой чувак.",0.0
"Знаешь, когда мы с ним не были знакомы, мы с ним пересеклись в Монако.",0.0
"Он ехал на лодке, а я стоял на пирсе.",0.0
"И он подъезжает на лодке, выходит со всей своей семьей.",0.0
"И я вот так стою, я вообще не понимаю, как на пирсе ресторана я встретил Баса со всей семьей.",0.0
"И он как бы дошел, слушай, девчата тебя любят, дочки мои, можешь сфотографироваться?",0.0
"И это было настолько мило и классно, что он может себе позволить так сделать, несмотря на весь свой авторитет.",0.0
Поэтому я его тогда очень сильно зауважал после этого.,0.0
— Филипп Киркоров или Юрий Шевчук?,0.0
— Киркоров.,0.0
— «Холостяк» или «Дом-2»?,0.0
— «Холостяк».,0.0
— Три лучших рэпера прямо сейчас?,0.0
— У!,0.0
— Русских?,0.0
"— Слушай, ну это тяжело, потому что рэп — такая движуха, и они очень разные.",0.0
"То есть, понимаешь, если брать батл, то, конечно, Окси вместе с Гнойным встанут.",0.0
"Еще реки F я добавлю, наверное.",0.0
Хотя там их очень много.,0.0
— Три лучших батл-умси ты назвал.,0.0
Три просто лучших рэпера.,0.0
"Блин, тяжело, тяжело, очень тяжело.",0.0
"У меня столько, наверное, русской музыки.",0.0
Да тяжело сказать про трех.,0.0
Давай.,0.0
Тяжело слушать песню «Самая-самая» больше двух раз.,0.0
А трех рэперов можно выбрать.,0.0
Так хочется сделать тебе.,0.0
"Я не знаю, мне в одно время очень нравилось, что делает фараон.",0.0
Мне охрененно зашел его альбом «Pink Floyd».,0.0
"Я его гонял на репите, мне он нравился.",0.0
Второй.,0.0
"Блин, я не знаю, их так много.",0.0
Гон Флат крутой чувак.,0.0
Мне нравится.,0.0
Главная музыка твоего детства?,0.0
Самого раннего Комбат Батяня.,0.0
"Это то, что я пел всегда на гитаре.",0.0
"Комбат Батяня, Батяня, Комбат...",0.0
"Я не знаю, знаешь, что это песня ли?",0.0
"Да, к сожалению.",0.0
И я брымчал на гитаре и пел эту песню.,0.0
"Вторая, наверное, кто же приходит на ум, это Констанция.",0.0
"Это из боярского, из мушкетёров, потому что это был мой любимый супергерой в детстве.",0.0
Д'Артанян?,0.0
"Да, я одевал костюм мушкетёра, когда был маленький.",0.0
"Это правда, что ты слушал «Королевичу» в детстве?",0.0
Да.,0.0
Любимая песня «Королевичу»?,0.0
Любимой нет.,0.0
Мне нравился альбом «Ели мясо мужики».,0.0
"Я смотрел все эти клипы и ходил в майке, и подтягивался, и думал, что я прям вообще фанат.",0.0
"Ты знаешь, что такое «Зука»?",0.0
Нет.,0.0
"Ты знаешь, что такое «Юпи»?",0.0
«Юпи»?,0.0
Что-то знакомое.,0.0
Отличный ответ.,0.0
"Если что, это растворимые соки.",0.0
"Да-да-да, напиток вот этот.",0.0
"Я просто думал, что ты про что-то другое споришь.",0.0
Окей.,0.0
С кем ты хотел бы фит прямо сейчас?,0.0
Прямо сейчас Крис Браун.,0.0
Наверно.,0.0
Человек пиздит женщин.,0.0
Как?,0.0
Почему в тебе это не вызывает никаких протестов?,0.0
Потому что я тебе так скажу.,0.0
"Представляешь, женщина.",0.0
"Она слабее нас, как правило.",0.0
"Кем нужно быть, чтобы их бить?",0.0
"Тварью, ублюдком и кем угодно.",0.0
"Бить женщин — это омерзительно, отвратительно и недопустимо.",0.0
Я с тобой полностью согласен.,0.0
"Но я об этом, наверное, забываю, когда произношу имя Крис Браун.",0.0
Очень хорошую фразу написал Джастин Бибер.,0.0
"Я тебе ее показывал, если ты помнишь.",0.0
"Крис Брауна, где он сказал, что типа, чуваки, у нас прямо сейчас есть живая легенда, который совершил много ошибок в своей жизни, но из-за этих ошибок вы его недооцениваете.",0.0
"Научитесь и постарайтесь полюбить его, пока он еще жив, потому что когда он умрет, уже будет поздно.",0.0
"Я согласен с тобой, но просто сам Крис Браун как единица, он включает в себя слишком много всего крутого, хотя он не самый хай-топ.",0.0
"Это чувак, который хорошо двигается. хорошо выглядит, который хорошо поет и круто читает рэп.",0.0
"И еще я слышал от пацанов, что он один из немногих, кто реальный прям трушный гейнгста чувак.",0.0
Типа стреляет в людей?,0.0
"Не стреляет в людей, а типа, знаешь, там, если кто-то ему что-то не так скажет, он без разборок может разбить морду, а не свести все на нет.",0.0
"То есть он настолько, знаешь, там, типа, на что-то может быть.",0.0
Ты будешь выводить татуировку с Майклом Джексоном?,0.0
Нет.,0.0
Почему?,0.0
Я не верю в этот фильм.,0.0
"Ты не веришь, что он любил детей?",0.0
Нет.,0.0
Кто твой самый главный бро сейчас?,0.0
Что ты имеешь в виду?,0.0
"Ну, кто твой самый близкий чувак?",0.0
"Слушай, самый близкий чувак мне сейчас это Костя, наверное, из всех...",0.0
Костя?,0.0
"Костя, да, его зовут.",0.0
"Он снимался у меня в холостяке, как друг приходил, типа, смотрел на девочек.",1.0
"Он чувак из моего родного города, из Пензы.",1.0
"И когда я переехал в Москву, я там в не очень хорошую компанию попал.",1.0
У меня так было и в Пензе.,1.0
"Бывает у меня такое, что связываюсь не с теми людьми.",1.0
"Он меня вытащил, короче, из этой жопы.",1.0
И мы тогда с ним начали близко общаться.,1.0
"Он учился с моей сестрой в школе, и сейчас вот мы до сих пор уже лет, наверное, 8-9 дружим близко.",1.0
В чем сила?,1.0
В правде.,1.0
Ты фильм «Брат 2» любил?,1.0
Нет.,1.0
"Я его видел, но это я просто так сказал первое, что пришло на ум, потому что когда правда за тобой, мне кажется, что ты сильнее всех.",1.0
