text,label
"Это то, как ты умеешь расположить к себе бабушек.",1.0
"Мне это бесит уже, если честно.",1.0
"Есть шоу популярное на ютубе, вы видели у Славы.",1.0
Человек против 20 девочек.,1.0
Можно включить свет.,1.0
Задача Андрея очень проста.,1.0
Расположить к себе большинство бабушек.,1.0
"В конце, после того, как ты с ними переобщаешься, они выйдут все вместе и покажут оценку.",1.0
"Если ты оставишь хорошее впечатление больше, чем в 80... процентом бабушек, то ты зарабатываешь 100 тысяч рублей.",1.0
"И мы в этом, конечно же, будем тебе мешать, потому что у тебя вставлен микронаушник.",1.0
И прямо сейчас я представлю наших гостей.,0.0
"А давай ты, давай ты представишь.",0.0
"Ну, Ира моя любовь.",0.0
"Денис человек, который мне подарил карьеру и сделал так, что я теперь в Азбуке вкуса и иду покупаю.",0.0
"Ну и Влад самый пошлый человек на планете, который мой лучший друг и научил меня.",0.0
Один из моих лучших друзей.,0.0
Ты тоже.,0.0
Хороший.,0.0
"Вот, я, пожалуй, уйду.",0.0
Может же несколько быть лучших друзей?,0.0
"Ну, конечно.",0.0
Вот у меня Влад и Олег Кофи.,0.0
"Как мне назвать сейчас, когда придет, как мне назвать ее?",0.0
"Скажи привет, старина.",0.0
"Все, Андрей, можешь открой глаза.",0.0
Ой.,0.0
"Привет, старина.",0.0
Совсем не старина.,0.0
Совсем не старина.,0.0
А очень молода.,0.0
Да это я так уж.,0.0
"Так сказать, пикап.",0.0
Схема.,0.0
"Вот честно, вы сюда на проект пришли, чтобы легкий снег найти.",0.0
Что?,0.0
Это ты должен.,0.0
Я не знаю.,0.0
Как тебе сказать легкий?,0.0
"Спроси, а вы девственница?",0.0
Вы девственница?,0.0
"Я шучу, понятно, что нет.",0.0
1917 года.,0.0
1917?,0.0
Конечно.,0.0
Вы с каким-то князем?,0.0
Ну а как же?,0.0
"Мы только начали, слышишь?",0.0
"Андрей, любым способом тебе нужно ее обнять.",0.0
Не хотите потанцевать?,0.0
"В смысле, ты не поверишь, я хореограф.",0.0
Могу обучить.,0.0
Реально?,0.0
В натуре.,0.0
У меня есть фетиш на хореографов.,0.0
"Спроси, может, она тебе тверку научит?",0.0
Можете тверку показать?,0.0
Нет.,0.0
Я сегодня в юбке.,0.0
А стрип?,0.0
Ну... давайте подружески просто обнимемся и конечно молодец и кольцом меня просто я поняла не то энергия нет мне просто никто скин нравится без вариантов У меня вопрос.,0.0
Ты точно понял?,0.0
Ты должен расположить к себе женщину.,0.0
Да.,0.0
И мы должны тебе мешать.,0.0
Да.,0.0
"Но при этом, в первую очередь, ты себе сам мешаешь.",0.0
Что я сделал?,0.0
Что я сделал?,0.0
"Сейчас, мне кажется, тоже будет знакомая.",0.0
"О, тоже наша.",0.0
"О, да!",0.0
"Ой, как же ты до этого закатился?",0.0
"Миленький кукошка, растешь, тинейджера превратился, брекеты поставил.",0.0
Ты же меня ненавидишь.,0.0
"Ну, ты крыса.",0.0
"Ты же знаешь, я с тобой была, и мне не очень понравилось.",0.0
Как я буду искуплять вину сейчас?,0.0
Искуплять?,0.0
"Ну, по-хорошему.",0.0
Комплименты могу говорить.,0.0
"Ну, давай, начинай.",0.0
Ты топовая самка.,0.0
Без самки нет.,0.0
Без самки?,0.0
У тебя четкий орех.,0.0
"Орех — это булки, что ли?",0.0
Нет.,0.0
Орех — это что?,0.0
Мозги?,0.0
Да.,0.0
Да ты что?,0.0
Да.,0.0
Вот это комплименты.,0.0
"Клевые туфли, йоу.",0.0
"Ну, ты же знаешь, мы откуда.",0.0
Откуда?,0.0
"Из Майами, что в Тампе.",0.0
"Я все-таки считаю, что Тампа рядом с Майами.",0.0
"Я просто считаю, что Тампа все-таки рядом с Майами.",0.0
Тампа-восток.,0.0
Тампа.,0.0
Тампа-восток.,0.0
Майами-юг.,0.0
100 с лишним километров.,0.0
Для американцев...,0.0
Так это ехать час.,0.0
"Это для нас, Перепердищевая, это простоквашина.",0.0
Влад Куэртов туда за 20 минут доедет.,0.0
Ну ты карту возьми.,0.0
Ну ты даже не понимаешь.,0.0
Узнают на улице?,0.0
Узнавали на улице?,0.0
"Да нет, конечно.",0.0
"Это что, столько хейтеров?",0.0
Я столько о себе услышала вообще.,0.0
Реально?,0.0
Столько какашек выбросили.,0.0
"Ты что, у меня стресс был нервный?",0.0
"Хейтеры, которые грязь пишут.",0.0
Ебатьки завалили.,0.0
Ну ты скажи комплиментики прям.,0.0
Больше ни слова про эту прекрасную даму.,0.0
Деть запрещено вам.,0.0
Молодец.,0.0
Окей.,0.0
Ты хорошо выглядишь.,0.0
Что у тебя с зубами?,0.0
А куда они?,0.0
"Поехали, что ли?",0.0
В тампу.,0.0
Брекеты.,0.0
"Ну я понимаю, что брекеты до этого же не было.",0.0
"Ну да, просто хочу голливудскую улыбку.",0.0
Она у тебя и так есть.,0.0
А когда была последний раз в Майами?,0.0
"Была последний раз в этом году, в январе.",0.0
Я один раз езжу.,0.0
Вот я в декабре тоже еду.,0.0
"Нью-Йорк, Майами.",0.0
А у нее виза или что?,0.0
У тебя виза или что?,0.0
У меня паспорт.,0.0
"О, скажи, предложи пожениться, чтобы у тебя был паспорт.",0.0
"Так я говорю, женись на мне.",0.0
Давай поженимся.,0.0
Американцем будешь?,0.0
Давай поженимся.,0.0
"Мне просто надо, чтобы у меня ребенок родился.",0.0
"Американка, американки.",0.0
Рожать кто будет?,0.0
"Моя девушка, ну, ты родишь, а мы ей отдашь нам ребенка.",0.0
"Дорогие друзья, очень много из этого шоу не попадет на YouTube.",0.0
"Вы сами понимаете, где это искать.",0.0
В Telegram-канале будет некоторые отрывки.,0.0
Переходите в описание.,0.0
У вас есть муж?,0.0
В данный момент нет.,0.0
Типа вот сейчас именно?,0.0
"В данный момент нет, да.",0.0
А до съемки был?,0.0
Похапались?,0.0
Похапались.,0.0
"А он не против, что вы на свидание с моим другом пошли?",0.0
Я бы поспорил насчет свидания.,0.0
Просто дружеская посиделка.,0.0
"Ладно, я пойду, наверное.",0.0
Да.,0.0
Я чуть не умер от кринжа.,0.0
Че налили-то?,0.0
Попробуем.,0.0
"Давай-давай, хрясь-хрясь.",0.0
Ну свои же не обманут.,0.0
Потеряй сознание и умри.,0.0
Фигня.,0.0
Ну я туда не пойду.,0.0
"Я знаю, это такой специально был это.",0.0
Фантик.,0.0
"Что якобы упал, а я как бы подбежала, а ты как бы уже подушечку подставил, и я бы тоже так вроде бы как бы.",0.0
"А, дорогой, а не помочь ли тебе?",0.0
"Скажи, раскусила.",0.0
"Ну, раскусила.",0.0
"А чем минус молодого, отличие от молодого от взрослого?",0.0
"Я же могу на сайтах знакомствовать, почему-то там одни молодые.",0.0
"Потому что мужчины моего возраста, но почему-то уже совсем не мужчины.",0.0
А вы-то как думаете?,0.0
"О, старушка.",0.0
Особенно по возрасту посмотрели.,0.0
Хорошо выглядит.,0.0
Так вроде сяк.,0.0
Нормально.,0.0
"Знаешь, что я думаю?",0.0
Что ты думаешь?,0.0
Тебе надо попробовать скачать в ВК знакомства.,0.0
"И попробовать там найти себе вторую половинку, потому что там есть такая тема, как раздел подборки.",0.0
"С помощью раздела подборки можно найти себе любого, даже просто друга или вторую половинку по интересам.",0.0
Хотел немного добавить к словам Андрея.,0.0
"ВК-знакомство, если вы еще не знаете, это популярное дейтинг-приложение.",0.0
"И в нем действительно есть раздел с подборками, где все анкеты распределены по увлечениям и другим параметрам.",0.0
"Например, вы обожаете спорт.",0.0
"Тут есть подборка анкет тех людей, кто также не представляет жизнь без него.",0.0
"Либо подборка тех, кто ищет серьезные отношения, либо наоборот дружбу.",0.0
"Подборка рядом с вами, где вы найдете анкеты тех людей, кто недалеко от вас, чтобы сразу встретиться и поболтать.",0.0
"Если для вас актуальны новые знакомства, то в описании под видео я оставлю ссылку.",0.0
"Перейдя по ней и скачав в ВК знакомства, вы бесплатно получите 7 дней премиум функций.",0.0
"Чтобы найти свой идеальный мэч, было еще проще.",0.0
Быстрее переходите и начинайте общаться.,0.0
А мы продолжаем.,0.0
"Как думаешь, какие у меня минусы?",0.0
Худой.,0.0
"Уж я не знаю, когда ты разденешься, чего там это.",0.0
"По ребрам, по ребрам.",0.0
"А задница вообще, наверное.",0.0
С кулачок.,0.0
"Все, ребята, по вашей правой руке можно сказать, что да, вы догадались.",0.0
"Три вагона, это что вообще?",0.0
"Вы два тянете, я один потяну.",0.0
Я сзади буду толкать.,0.0
"Сзади толкать нельзя, мужики.",0.0
"Все правильно, три вагона поезда нужно перетянуть весом в 75 тонн.",0.0
"Каждый, соответственно, по 25, правильно?",0.0
"Что, вы думаете, что будет простая задача?",0.0
Один подход на одно повторение.,0.0
"Кстати говоря, у нас все условия.",0.0
Упор есть.,0.0
Это просто легко.,0.0
"Ну что, мужики, думаете, задача выполнимая?",0.0
"Да, легко, Илюк.",0.0
Вообще легко?,0.0
Легко.,0.0
Мне не нравится.,0.0
Команда сегодня слишком замотивирована.,0.0
Я себя чувствую ненужным.,0.0
"Это уже что-то помощнее будет, чем грузовик.",0.0
"Не, выглядит сильно, мне нравится тут.",0.0
"Выглядит круто, да.",0.0
"Не, было бы интересно, если бы там машинист сидел и играться дали.",0.0
Вот это другой вопрос.,0.0
"Было бы интересно, если бы машинист сидел и тормоз бы называл.",0.0
Вот это было бы.,0.0
Скорая помощь рядом стоит еще.,0.0
"Пойду кроссовки на спортивные переодену, а то вдруг не справимся.",0.0
"Не, я думал, что тяжелее будет.",0.0
"Но вообще, честно говоря, так как Илюха всем распиздился своим друзьям, что я буду тянуть.",0.0
"Был один человек, фамилия у него наоко, а конец кошка.",0.0
И он случайно.,0.0
"Мне задают вопрос, ну что, ты же этот состав уже тянул?",0.0
"Я такой, ну вот ты до последнего делал вид, что я не знал, что у меня сегодня будет.",0.0
"Ну, я думаю, легкая значка будет.",0.0
"Тянется легко, думаешь?",0.0
"Блин, ну я думаю, да.",0.0
"Нет, тут ровно, понял, это что-то очень важно.",0.0
"Нет, если вы думаете, что я шучу, то что я буду спрос стоять?",0.0
"Нет, я же буду там стоять, говорю, давай, давай.",0.0
"Нет, может есть уже один такой.",0.0
"Он с одной стороны, я с другой, понял?",0.0
"Нет, главное не простыть.",0.0
В это время Саня.,0.0
"Да ладно, пацаны, расслабьтесь.",0.0
Не потянет.,0.0
"Мне кажется, легко потянет.",0.0
"Мне кажется, очень легко потянет.",0.0
Мою идею украл.,0.0
"Ирюх, стоматолога компенсируешь, если что?",0.0
Мою шутку украл.,0.0
Только придумывал.,0.0
"Да я разминаюсь просто, не тяну.",0.0
Винка обязательно нужна.,0.0
"А вы что, пацаны, переодеваться не будете?",0.0
"Вы думаете, вы что сюда отдыхать приехали?",0.0
Все тяговые движения вспоминаем.,0.0
"Ну что, попробуем.",0.0
"Так, чтобы на полсилы.",0.0
Мало ли даст.,0.0
"Несмотря на то, что колеса на рельсах, нет такого эффекта, что он едет.",0.0
"А, блядь, он на стопе стоит.",0.0
"Понятно, почему мы не подвинулись.",0.0
"Давай так, между нами.",0.0
"Ты думаешь, мне эта штука единственная, которая меня тормозила в жизни?",0.0
"Не буду, сейчас еще поедет расстраивать ребят, с самого начала не хочется.",0.0
Все настроились уже.,0.0
"Если я сейчас один потяну, то у них вот этого не будет внутри.",0.0
"Когда они отсюда будут ехать, достижение какого-то чувства, знаешь, вот этой силы своей.",0.0
"Поэтому так, размяться надо.",0.0
"Там стоп под колесом стоит, мужики.",0.0
"Нас подгибать решили, я проверил.",0.0
"Брат, ну тебя уже где-то видел.",0.0
Команда мышцы?,0.0
"Да, угадай.",0.0
"Мышцы, да.",0.0
"Слушай, мы в прошлый раз так прям не особо не познакомились.",0.0
"А расскажи, пожалуйста, о своих данных.",0.0
"Ну, то есть, как они?",0.0
Рекорды.,0.0
Рекорды можешь силовые рассказать и просто о себе немного.,0.0
"Я на самом деле энтузиаст такой, знаешь, на рекордах силовых как-то особо не концентрировался.",0.0
Но присед в последний раз это был 190 на раз.,0.0
"Учитывая, что ты баскетболист, надо вот так.",0.0
"Да, весановое 220-230, возможно.",0.0
"Вот, джим 150, пожалуй.",0.0
"Ну, для баскетболиста это очень сильный показатель.",0.0
"Это даже на уровне, мне кажется, какого-нибудь там, ну, лифтера выступай.",0.0
"Как думаешь, потянем?",0.0
Потянем обязательно.,0.0
"Ладно, еще один вопрос.",0.0
Что из химии посоветуй?,0.0
"Ребят, камеру чуть пониже поставьте, там будет видно, нет?",0.0
"Извини, Егор, спортсмен.",0.0
"Ну что ж, приветствую, с вами самый небыстро растущий фитнес-блогер.",0.0
"Расскажи немного о своих силовых, чтобы люди понимали.",0.0
"Ну, я вообще не силовик.",0.0
"Я бодибилдинг, да, я высыпал по бодибилдингу полгода назад.",0.0
"Ну, из последних новостей я там жал 150 на 10.",0.0
Сейчас у меня будет средняя тренировка жимовая 180 на 2.,0.0
"Ну, потихоньку подходим к 200.",0.0
А пресс и тяга?,0.0
Не делаю.,0.0
"Ну, были же все равно попытки какие-то.",0.0
"Вообще, на раз никогда.",0.0
"Ну, я могу сказать, что я там потяну, типа, 220-30 килограмм, потому что не результат.",0.0
"Не, ну как не результат?",0.0
Не тяну вообще.,0.0
"Не, результат, безусловно.",0.0
"Ну, и присед примерно.",0.0
"Ну, 120.",0.0
120?,0.0
За кого меня принимаешь?,0.0
"90, может быть?",0.0
"Ну, ладно, как думаешь, какие шансы у нас сегодня?",0.0
"Так, спрашивай, как будто каждый день поездок.",0.0
"Не, ну вообще, прикинуть, типа, это возможно, ну, для тебя?",0.0
"Ну, то есть, как я могу это прикинуть?",0.0
"Ну, я не знаю, я сразу же носки надеть не могу, наклониться.",0.0
А тут я шансы вообще прикинуть не могу никаких.,0.0
"Тут вроде все такие здоровые, спортсмены себя не ощущаю на их фоне.",0.0
Еще выбрали всех по 2 метра специально.,0.0
И меня одного позвали такого.,0.0
Чтобы покомплексовал немного.,0.0
"И ладно, еще один вопрос.",0.0
Что из химии посоветуешь?,0.0
"Да так, все.",0.0
"Все, что найдешь.",0.0
"Хорошо, спасибо.",0.0
"О, шахзутбек.",0.0
Что?,0.0
Верю ли я в команду?,0.0
Вообще не верю.,0.0
"Мне кажется, не потянем.",0.0
"Подожди, а тебе реально Шах за сбег?",0.0
Да.,0.0
Или Лавсос.,0.0
"Все его знают как Шах, но надо знать, что он как Лавсоса везде.",0.0
Он подписан.,0.0
То есть любит сзади.,0.0
Расскажи про свои силовые рекорды.,0.0
Жим 315.,0.0
"Так, ага.",0.0
Присед.,0.0
"Ну, 80 где-то присяду, мне кажется.",0.0
На 2.,0.0
"А, тяга 3 тонны.",0.0
"Ну, вот это вот я сейчас потяну очень легко.",0.0
Еще с зубами причем.,0.0
"Да, кстати, я с ЖО, если не знал, мы капы все вставляем и тянем, да.",0.0
"А мне ничего не надо, ребят, я и тянуть не буду.",0.0
"Не, не, не, в команду не верю.",0.0
"То, что, не, да хляки, кто, кто вот эту фигню потянет.",0.0
"Напомни, сколько ты весишь.",0.0
Сколько вешаю?,0.0
Да.,0.0
"А сколько вешаю, все мое, да?",0.0
"До 200 вешаю, я тебе так скажу.",0.0
"Подожди, до 200?",0.0
"До 240, до 200.",0.0
То есть где-то 86 килограмм примерно.,0.0
"Ну, примерно.",0.0
"А, еще раз, команду не верю, вообще не верю в команду.",0.0
А сколько это все стоило?,0.0
"Ну, тысячи три, я вот гадал сейчас стоял.",0.0
Каждый вагон по тысяче рублей.,0.0
"Да, да, да.",0.0
Охранник удали и все снимают.,0.0
От 10 тысяч до миллиона рублей где-то вот.,0.0
"Ну, как от 40 до 200, да, вешаю?",0.0
"И финальный вопрос, мистер Лавсоса.",0.0
Какую химию посоветуешь?,0.0
"Грудное молоко, мама.",0.0
А так что?,0.0
Тестерон?,0.0
Тренбалон?,0.0
"Да все, забирайте.",0.0
Я сейчас весь свой курс расскажу.,0.0
"Брат, команда мышцы.",0.0
С первой части.,0.0
Да.,0.0
Расскажи немного про себя и про свои силовые.,0.0
"Я так и знал, что одно сейчас будет грустно.",0.0
"Ну, зовут Слава Эйс по силовым.",0.0
Лучшие годы.,0.0
"Ну, становая 180 на 7.",0.0
"Вот, джим 130 на 1.",0.0
И присед 170.,0.0
Ой-ой-ой-ой.,0.0
Вдали.,0.0
С 50.,0.0
А профильный вид спорта?,0.0
Футбол.,0.0
"Ты кого, блядь, собрал?",0.0
"Он, блядь, сказал, если надо начеканить соточку, я как бы сейчас и выделился.",0.0
"Не, ну, кстати, ноги-то сильные, там же все равно упор будет.",0.0
"Да, но тут проблема в том, что мяча нет.",0.0
"Мы можем тебе перед лицом в паре метров положить мячик, и у тебя будет цель добежать до него.",0.0
"Правда, будет 75 тонн за спиной.",0.0
Да.,0.0
"Как думаешь, какие шансы у нас?",0.0
"Я думаю, мы потянем с первого раза.",0.0
"И еще один вопрос, какую химию посоветуешь?",0.0
Химию?,0.0
Да.,0.0
Аж два.,0.0
Ты готов?,0.0
"Я, да.",0.0
Засекай тогда минуту.,0.0
"Смотрите, друзья, если за минуту он меня ловит, то он получает очко.",0.0
"Если он меня не ловит, то очко получаю я.",0.0
"И в следующем раунде также, если я его ловлю, то я получаю.",0.0
"То есть, условно, за два раунда ты заработаешь сразу два балла.",0.0
Ты готов?,0.0
Я готов.,0.0
Будь готов.,0.0
"Немножко это сердце... не думаешь что не они не сейчас все эти одогнал хорошо не думаешь что если я буду соревноваться против тебя это как будто заготовки чип на заготовки я понял потому что я не такой ловкий давай давай паркуриста себя своего и ответы давай Я не такой ловкий, я не такой спортивный, я никогда не побеждал.",0.0
"Давай всех атлетов, что есть, давай.",0.0
"Саша, Саша, ты думал, что все будет так просто?",0.0
"Ты меня обзывал в самом начале, что это будет изи катка.",0.0
"Давай, давай, снимай.",0.0
"Ты думал, что все так будет просто, ну ни хрена.",0.0
"Закрывай глаза, Саша.",0.0
Потому что твой настоящий соперник все это время ждал.,0.0
"Надеюсь, он слепой.",0.0
Я пошел за ним.,0.0
"Я даже специально взял кроссовки, чтобы ты верил, что...",0.0
"Да, и ты даже не дал мне их.",0.0
"Я не знаю, насколько сильный атлет должен быть, чтобы я его не догнал.",0.0
"Все, брат, можем.",0.0
Я тогда тебе перчатки отдаю.,0.0
Только имакаси какой-то.,0.0
"Если хочешь, можешь без перчаток быть.",0.0
Илюх.,0.0
Там Александр Тихомиров.,0.0
Там Александр Паркуристов.,0.0
Никита Пасечный?,0.0
Никита Калагривый.,0.0
"Я только открою кувырок, он вообще смешно будет.",0.0
"Ну что, Саша, ты можешь смотреть сюда.",0.0
Твою мать.,0.0
"Он за линию заступил, проиграл.",0.0
Пока что мы не играем.,0.0
Все так же.,0.0
"Смотри, чуть-чуть потяжелее.",0.0
Чуть-чуть.,0.0
Есть минута времени.,1.0
Если за это время...,1.0
"Он тебя ловит, то он получает очко.",1.0
"Если он не ловит, ты получаешь очко.",1.0
То я получаю об очко.,1.0
Я только так буду умирать.,1.0
"Так, поэтому, друзья, я забыл.",1.0
У меня тоже была заготовка.,1.0
Секунду.,1.0
Сразу можно оправдываться перед этими подписчиками?,1.0
"Я напомню, я каскадер в кино.",1.0
"То есть, ну, я могу упасть, могу хорошо гореть, умирать.",1.0
"Я могу развиваться на частицы, но вот мои способности такие же, как и ровно у вас.",1.0
"То есть, мне кажется, он может легко меня догнать.",1.0
"Все, брат, можем.",0.0
Я тогда тебе перчатки отдаю.,0.0
"Да-да, иду, да-да.",0.0
"А Микки Маус получит деньги, если он выиграл?",0.0
Конечно.,0.0
"Что, друзья, расходитесь по разным углам.",0.0
"Подожди, а кто первый, кого догоняет?",0.0
Вы можете скинуться.,0.0
Я догоняю.,0.0
Он догоняет?,0.0
"Да, он догоняет.",0.0
Он вообще догоняет?,0.0
Кого он догоняет?,0.0
"Подожди, стой, стой, стой!",0.0
"Так, ты догоняешь, да?",0.0
"Учел, учел!",0.0
Лэдис и джентльмэн!,0.0
Лэдс гэй рэй рэй рэй рэй!,0.0
Красный угол готов?,0.0
Готов!,0.0
Синий угол готов?,0.0
Что за х**я?,0.0
"Ты не готов, блядь!",0.0
Давайте!,0.0
"Раз, два!",0.0
"Блядь, поскользнулся на ковре!",0.0
Кто его положил сюда?,0.0
А что ты не бежишь?,0.0
Ой-ой-ой!,0.0
Дамы и господа!,0.0
Вот это зрелище!,0.0
Коснулся!,0.0
Коснулся!,0.0
"Ну, блядь, ну там прям...",0.0
Я прям очень чуть-чуть коснулся.,0.0
Перерыв перед полчаса.,0.0
Я тоже.,0.0
Интернет-чики.,0.0
Ты все?,0.0
Так я литерноджи не пил минуты.,0.0
"Ну смотри, он тебя поймал, получается, за 25 секунд.",0.0
"Казалось, что мы минуты две бегали.",0.0
"Очко уходит в красной команде, в красный угол.",0.0
"Опа, а это как?",0.0
Ты порезался?,0.0
Да.,0.0
"Бро, жизнь прекрасна, не надо.",0.0
"Он когда вот с этой штуки на ту перескочил, думал, да ну нахуй.",0.0
Да-да-да-да.,0.0
Я тоже.,0.0
Привет.,0.0
"Чоково, малышка.",0.0
Это тебе.,0.0
"Интересно, спасибо.",0.0
"Блин, ты клево выглядишь.",0.0
"Вот я уверен, что ты была секси в 80-х. Ты, наверное, была жестко секси в 80-х. Это Лесно.",0.0
Реально?,0.0
"Ну, что-то рядом было, да.",0.0
У тебя такой этот Хорни.,0.0
Знаешь Хорни?,0.0
Ты Хорни?,0.0
Да не совсем.,0.0
Я скорее француженка.,0.0
"Возможно, это у меня испытание какое-то, блядь, не помереть.",0.0
Ты пошла общительная?,0.0
"Ну, типа, типа, типа.",0.0
"Андрей, а спроси, кем она работает?",0.0
Кем ты работаешь?,0.0
"Ой, дорогой, кем я только не работаю.",0.0
Шахтером работали?,0.0
Шахтером работала.,0.0
Пока нет.,0.0
А что надо?,0.0
А с задницей работала.,0.0
А с задницами?,0.0
"Ну, как доктор там.",0.0
Вот это что-то меня не притягивает.,0.0
"Не вайбит, правильно?",0.0
"Да, но я запомню.",0.0
А какого размера у тебя грудь?,0.0
Просто мучает вопрос.,0.0
Можно спросить?,1.0
Конечно.,1.0
Какого размера грудь?,1.0
"Прости, прости.",1.0
"Ну так, где-то три.",1.0
Устроит?,1.0
"Да, я просто пластический хирург.",1.0
Буду там что-то помочь.,1.0
Да?,1.0
Да.,1.0
Но надо осмотреть.,1.0
"А скажи, что между вами как-то вайб не налаживается?",1.0
Давайте за руки подержимся.,1.0
У нас как-то вайб не строится.,1.0
"Может, за руки возьмемся?",1.0
"Для нас, для вайба.",1.0
"Есть такой один способ, чтобы у вас сердечный ритм стал одинаковый.",1.0
Вам надо встать и руки положить друг другу на сердце.,1.0
"Надо, мне кажется, даже встать и посусить мое сердце. чтобы запустить.",1.0
А ты ей клади на руку сердце.,1.0
Я сейчас вам положу на одно место.,1.0
Какая твоя любимая поза?,1.0
"Нет, нет, нет.",1.0
"Нет, нет, нет.",1.0
"Нет, нет, я прошу, не надо.",0.0
"У меня просто есть вопрос, который я стесняюсь.",0.0
"Я прошу, не надо.",0.0
"Я прошу, не надо.",0.0
Можно спросить?,0.0
"Раз уж мы не терять же время, уж мы встретились, правильно?",0.0
"Да, спрошу.",0.0
Да.,0.0
Пожалуйста.,0.0
Какая у тебя любимая?,0.0
Пожалуйста.,0.0
Андрей.,0.0
"Все, все хорошо, все хорошо.",0.0
Ну вот ты тропаешься.,0.0
О май гад.,0.0
Вау.,0.0
"Ай, господи.",0.0
Просто давай я тебе цветы подарю.,0.0
Ой.,0.0
Тут чётное количество.,0.0
Вдруг что случится?,0.0
Чётное?,0.0
Да.,0.0
"Нет, нечётное.",0.0
Всё чётное.,0.0
"Ну, слава богу.",0.0
"Ну, я надеюсь, ты мне позвонишь.",0.0
Правда?,0.0
А по домашнему телефону?,0.0
Ты пи***ц или кто?,0.0
Ты пи***ц или кто?,0.0
"Ой, извините.",0.0
"Извините, это не вам.",0.0
"Извините, пожалуйста.",0.0
О май гад.,0.0
Я ебануто вспотел.,0.0
Да мы тоже тут вспотели.,0.0
"Андрей, будь романтичным в следующий раз более.",0.0
Нет.,0.0
"Вежливым, романтиком.",0.0
О май гад.,0.0
Сюда ли меня попутным ветром занесло?,0.0
Гаддээм.,0.0
Это тебе.,0.0
Это мне?,0.0
Да.,0.0
"Спроси, она вайпер?",0.0
Можно не на камеры вопрос?,0.0
Да.,0.0
Ты вайпер?,0.0
Почему так и решил?,0.0
У тебя опиумный лук и накрашен опиум.,0.0
Как опиум?,0.0
Опиум это болинсиада?,0.0
Ты ракаешь болинсиагу?,0.0
Что за глупые вопросы какие-то?,0.0
"А, рак, я же понял.",0.0
Что за глупые вопросы?,0.0
"А покажи свой стиль одежды, спроси.",0.0
"А покажите, могли бы вы показать, как без одежды будет?",0.0
"Ну, шучу, шучу.",0.0
Как вам мой стиль одежды?,0.0
Это он сам симпровизирует.,0.0
Сексич?,0.0
"Слов нет, одни эмоции.",0.0
Обладает или вот же будет?,0.0
Что ближе?,0.0
Это плотную отдает.,0.0
Просто хочу попрощаться.,0.0
Попрощаться хотите?,0.0
Почему?,0.0
А мне неинтересно с тобой.,0.0
"Да, я слишком для вас молодой и тупой.",0.0
"Ну, выбирай сам.",0.0
"Ну, можно я вам там цветочки подарю, чтобы...",0.0
Хорошее впечатление хоть какое-то чуть-чуть оставить?,0.0
Цветы можно.,0.0
Ну просто я из-за волнения немножко мог показаться вам дурачком.,0.0
Оставить?,0.0
Ясен хуй.,0.0
Может тебе пригодится.,0.0
Ясен хуй оставить.,0.0
Он почти исправил.,0.0
Ужас.,0.0
"Держи, держи.",0.0
И цветок тоже.,0.0
И цветок.,0.0
"Ой, какой ужас, какой ужас.",0.0
Столько оставлять.,0.0
"Нет, правда, я на колени встану, чтобы извиниться перед вами.",0.0
"Не надо, не надо.",0.0
Простите меня.,0.0
"А нельзя, у меня штаны арендованные.",0.0
Ну хам.,0.0
Бог простит.,0.0
Ну хам.,0.0
"Но я вижу, что вы хороший человечек.",0.0
"Поэтому с вами сразу легкость и сразу хочется шутить, прикалываться, что как будто вы своя в доску.",0.0
"Ну, я юмор поддерживаю, пожалуйста, но только надо степень знать.",0.0
Согласен.,0.0
А кто в юморе вам?,0.0
"Ну, кто любимый?",0.0
У меня бустер.,0.0
"Ну, не видишь, более из старых таких.",0.0
Мартирося.,0.0
Дмитрий Ликс?,0.0
Нет.,0.0
Влад Роговский.,0.0
"Ну, это, наверное, совершенно молоденький.",0.0
"Наоборот, очень старый.",0.0
"Скажи, не хочу хвастаться, но я лично знаю Артема Шиловца.",0.0
"Не хочу хвастаться, но я лично знаю Артема Шиловца.",0.0
"Блонды и брюнетки, мне не важно, наш лайфстайл, бабки, иномарки.",0.0
"А я вот, вот этого молодого, который дарит женщину цветы.",0.0
"Скажи, это НК?",1.0
Это НК?,1.0
Окей.,1.0
Мальчишка совсем на деревушке.,1.0
"Сейчас популярный, молодой?",1.0
Да.,1.0
Токсис?,1.0
Давайте покажем напоследок в камеру лайк жирный.,1.0
"И скажем, въебите лайкусика.",1.0
На счет три.,1.0
"Раз, два, три.",1.0
Въебите лайкусика.,0.0
Ну ладно вам.,0.0
Не спортим.,0.0
Пока.,0.0
Пока.,0.0
"Клевое платье, честно.",0.0
Не можешь заснуть без сериальчика?,0.0
Хватит считать овец.,0.0
Смотри видео в ВК-видео.,0.0
"Сериалы, фильмы, шоу.",0.0
Смотри здесь все.,0.0
Приложение скачало?,0.0
Всем здорова.,0.0
"Пока, если честно, понимание не присутствует, как там навыки боевых единоборств будут помогать перетащить это.",0.0
"Ну, в принципе, что имеем, то имеем.",0.0
"Для тех, кто не знает, Богдан это очень хороший друг Данилы.",0.0
"Да, это мой друг.",0.0
"Братьев, да, говорят.",0.0
"Да, слушай, силовые лучшие результаты.",0.0
"Лучшие силовые, становая тяга 250.",0.0
"Это все сейчас без фармакологии, я сразу говорю.",0.0
Присет 240 на 3 был.,0.0
"И жим давно очень не жму, потому что травмировал на плечо.",0.0
"Он ужал что-то 135, на этом я и травмировался.",0.0
Для бойца это очень хороший результат.,0.0
Ты забыл представиться в самом начале.,0.0
"Меня зовут Богдан Чистяков, а.к. Бангладеш.",0.0
"Думаю, что силовые здесь не особо понадобятся, но сила духа и вот этот вот кавказский менталитет вытянет эту движуху всю куда-то вот туда, в космос.",0.0
Вместе с этим поездом.,0.0
И еще последний вопрос.,0.0
Какую химию посоветуешь?,0.0
Ты вмещаешься в кадр?,0.0
"Не, нормально, повестился.",0.0
По ширине повезло.,0.0
Ты самый здоровый здесь вообще.,0.0
"Расскажи, сколько вес, рост.",0.0
"У меня рост 2.01, но может быть там погрешности чуть-чуть выше.",0.0
Но если с волосами смотреть.,0.0
"Вес у меня 155-160 где-то, я похудел.",0.0
А профильный вид спорта?,0.0
Футбол.,0.0
Я бы не хотел с тобой где-то склеснуться.,0.0
Я 13 лет в футбол играл.,0.0
С трех лет я играю в футбол.,0.0
Не хотел бы склеснуться с ним на поле где-то.,0.0
А силовые какие-то можешь рассказать?,0.0
"Слушай, смотри, я никогда не занимался профессионально.",0.0
Ну просто для себя я всегда больше всего любил ноги качать.,0.0
Вот это мое любимое.,0.0
"То есть присед у меня, ну 300 сейчас я сделаю там раз на 5 на 6 спокойно.",0.0
Что?,0.0
Ну присед в плане.,0.0
"Подожди, со штангой 300 на 5 ты делаешь?",0.0
Да.,0.0
"Ну нет, ну жим у меня небольшой.",0.0
"У меня, то есть, 130, спокойно там раза на 3-4 я сделаю.",0.0
Ебать нахуй.,0.0
Да типа все.,0.0
"Окей, и вопрос еще.",0.0
"Как думаешь, какие шансы у нас?",0.0
Шансы стопроцентные.,0.0
"Ты видел, Саня?",0.0
И еще вопрос.,0.0
Что из химии посоветуешь?,0.0
Из химии?,0.0
Да.,0.0
Я ничего не управляю.,0.0
"А посоветуй, что?",0.0
"Макдональдс, хорошая тема.",0.0
"Не знаю, я набирал только с помощью него.",0.0
"Хорошо, спасибо.",0.0
"Во-первых, хотел бы сказать, что это перед вами обладатель лучшего имени на планете.",0.0
"Да, все верно.",0.0
Илья Шерстнев.,0.0
Всем привет.,0.0
"И хочу сказать то, что Илюха на этой съемке заставляет меня комплексовать, так как я могу сказать, что я не самый сильный на этой съемочной площадке.",0.0
Расскажи про профильный вид спорта и какие силовые виды.,0.0
Я занимаюсь пауэрлифтингом уже около 10 лет.,0.0
С 12 лет в спорте.,0.0
Присед 400 килограмм.,0.0
В 17 лет.,0.0
Полностью в экипировке.,0.0
В 20 лет приседал 400 килограмм в одних бинтах.,0.0
"Ну, Горилыч меня понимает.",0.0
"Да, я понимаю.",0.0
О чем я говорю?,0.0
"Становая тяга 330, джим 205.",0.0
Это очень много.,0.0
"Для тех, кто не понимает, кто смотрит, я вам скажу то, что это очень много.",0.0
Это почти тона или это тона есть?,0.0
900 с чем-то.,0.0
930 где-то примерно.,0.0
Это очень большая сумма.,0.0
"Ну, нахожусь, так сказать, в топах, наверное, если брать пауэрлифтинг.",0.0
"Ну да, да, да.",0.0
400 это единицы людей вообще делают.,0.0
"Как думаешь, какие шансы у нас?",0.0
Да я думал стопроцентные.,0.0
Че ты думать-то?,0.0
Тут маленький составчик.,0.0
Даже на фоне меня маленький.,0.0
Это факт.,0.0
А какой рост вес?,0.0
"1,83 метра 140 килограмм.",0.0
"Это не идеальный мой вес, у меня 152 весит Это максимум 152 было, да?",0.0
"Да, да То есть сейчас я такой, худышка еще, знаешь И вопрос еще, что из химии посоветуешь?",0.0
"Пачка метана и арбуз Это как будто твой набор Стартер фак Хорошо, спасибо Привет, меня зовут Андрей Полныков Ну, присед 200, чуть больше, жим 190, тяга, ну, 250 я на разы делал, больше не делал.",0.0
"На разы, ну да, сильно, но для тех, кто не знает, ты в сборной России по дзюдо.",0.0
"Да, уже лет, наверное, 16, может, 15, я не помню.",0.0
"То есть, если что, как бы за борьбу у нас в команде ты ответственный точно.",0.0
"Ну, научу надо, ребят, покажу пару приемов, все потом, может, кому-нибудь, кто-то хочет.",0.0
"Да, там Саня вроде бы что-то хотел.",0.0
"Как думаешь, какие шансы у нас?",0.0
"Да все потянем, что она не такая большая уж.",0.0
Легкая прогулка для нас это будет.,0.0
"И вопрос еще раз, что из химии посоветуешь?",0.0
"Не знаю, ничего.",0.0
Креатин.,0.0
"Хорошо, спасибо.",0.0
"Спасибо, брат.",0.0
"Привет, представься.",0.0
Меня Рома зовут.,0.0
Мне страшно.,0.0
"Прости, у нас другой немножко настрой должен быть.",0.0
Реально стрёмно.,0.0
Это понял?,0.0
Почему?,0.0
"Это до того, как мы с ним поговорили.",0.0
"А теперь давай, мы с тобой провели беседу.",0.0
"Мне не страшно, Дон.",0.0
"Расскажи немного о себе, профильный вид спорта, силовые.",0.0
"Ну, я пауэрлифтингом занимаюсь, 190 у меня жим, 20 лет, на тураху отвечаю.",0.0
"Не, реально?",0.0
Реально.,0.0
"Ну, честно.",0.0
Честно.,0.0
"Ну, это сильно очень.",0.0
"190 в натураху, это при каком весе?",0.0
"Ну, 100 где-то я вешу.",0.0
"Ну, при твоем весе это очень сильный результат.",0.0
Присеса становая.,0.0
Я промолчил.,0.0
"Подожди, ну ты сказал поверлифтинг, а поверлифтинг это троебори.",0.0
"Можно отмотать назад, я скажу, что жимом занимаюсь.",0.0
"Ну условно, все равно, ты же приседал, когда ты тягу делаешь?",0.0
"200 я тянул, думаю, что 160 сяду.",0.0
"Нормально, пойдет.",0.0
Пойдет.,0.0
"Тут есть у нас все, кто за присед отвечает.",0.0
"Да, да, да.",0.0
Все отлично.,0.0
"Поезд тянул, конечно.",0.0
Уже много раз.,0.0
Каждый день.,0.0
"Просыпаешься и первым делом не в туалет идешь, а поезд тянул.",0.0
"Сюда приезжай, тут на самом деле вон она, это моя зарядка.",0.0
"Как думаешь, какие шансы у нас?",0.0
"Мне кажется, это легко.",0.0
Э!,0.0
"Сигаретку давай туда, выбрасывай.",0.0
"Туши, туши, туши сигаретку.",0.0
Какая?,0.0
Не было.,0.0
Команда из-за тебя только не потянет.,0.0
Легких и не хватит объема.,0.0
Или всем раздай по сигарете давай.,0.0
"Мужики, по одной расходим!",0.0
"Вот, это моя команда.",0.0
"Хотел, кстати, пацанам вам респект кинуть за то, что взяли.",0.0
"Хочу напомнить о том, что некоторые люди, которые присутствуют сейчас, это просто я у себя в Телеграм-канале, который высветился на экране, проводил опрос, что кто хочет принять участие, пишите.",0.0
"Так что подписывайтесь на Телегу, и в следующий раз, когда мы будем что-то тянуть, у вас есть уникальная возможность принять участие.",0.0
"Если есть вот эти здоровяки, которые вот эта фотка, где Луисвичел за ноутбуком сидит.",0.0
"Да-да, или вот эти... которые по 15 лет кидают фотографии свои в трусах там при фотошопить можно чуть-чуть я так и сделал сюда попал ну вот так что у всех есть шансы и еще вопрос что с химией посоветуй креатинчик рабочий вот мне кажется самое то лучше на вб заказать какой-нибудь дешманский вот он самый рабочий оказывается я на вб лучше заказать набор уходовой косметики от ильи эксайла советую шампунь гей для душа скраб не ожидали интеграции хорошо спасибо большое спасибо брат а тебе реальный спортсмен привет Представься.",0.0
"МС слева, представься.",0.0
Кто ты богатырь?,0.0
"Александр, Москва.",0.0
Все прекрасно знают меня.,0.0
"Прошлый состав, который мы тянули, был потянут, по сути, мной и моей энергетикой.",0.0
Какие вопросы?,0.0
"Работаю с энергиями, работаю с людьми.",0.0
Иногда могу почистить от лишних мыслей.,0.0
Профили ведь спорта силовые.,0.0
Силовые?,0.0
В прайме.,0.0
В прайме помню 90 сотку.,0.0
Сотку почти пожали.,0.0
Вот так опустил и вот до столько поднял.,0.0
И вот чуть-чуть и горилыч у меня ее забрал.,0.0
Было?,0.0
"Чтобы ты ее не сломал пополам, она уже трескалась просто.",0.0
Присед был 120.,0.0
"Ну да, 120 мы приседали на разы причем.",0.0
"Пацаны, присед был, два пакета, пятерки.",0.0
"Объективно можно так сказать, если вот так сейчас пошли какие-то шутки.",0.0
В жизни каждого мужчины есть вот время спорта и время реальности. достижений как в жизни каждого мужчины есть время спорта слышали слышали саж а потом начинается время реальных достижений я время спорта уже прошел Какие вопросы?,0.0
Чем занимался?,0.0
Спортом.,0.0
"Как думаешь, какие шансы у нас?",0.0
"Я думаю, шансы небольшие, на самом деле.",0.0
"Объективно, все какие-то духовитые сегодня.",0.0
Их надо чуть под спустить.,0.0
"Может быть, то, что сейчас все раздухарились и просто сейчас обосрутся?",0.0
"Я боюсь, что сейчас будет, вот понял, как на конференциях, когда много газа, а потом в клетку уходят, и все просто.",0.0
"Поэтому надо понять, ну будь что будет, дай бог сил.",0.0
"Мы как бы сегодня так, я на скромном сегодня.",0.0
"Господь даст, сделаем.",0.0
"Дай бог, дай бог.",0.0
"Не даст, не сделаем.",0.0
А что у тебя за татуировка на груди?,0.0
"Вид морской мочи вроде бы, если я не ошибаюсь.",0.0
"И еще вопрос, что с химией посоветуешь?",0.0
"Три на бол, дури на бол, три на бол, два на бол, есть один на бол, есть пять на бол, это я.",0.0
"Да химия не нужна, на самом деле.",0.0
"Я вот тот самый представитель людей, который ушел в генетику по пределу без химии.",0.0
"Не, ей-богу, ни одной иголки во мне не было.",0.0
"Только Монтабли, и то я сопротивлялся пизданутам.",0.0
И то ты ее обливал сразу кипятком и по*** тебе.,0.0
"Поэтому все, сегодня сейчас легкую разминку сделаем команде и поехали.",0.0
"Хорошо, всем спасибо большое.",0.0
"Так, ну что, представься.",0.0
"Данила Горилла, город Мурманск.",0.0
Профильный вид спорта?,0.0
"Пауэрлифтинг, пацаны, пауэрлифтинг.",0.0
Жим лежа.,0.0
Такой вопрос.,0.0
Вот здесь огромное количество сильных ребят.,0.0
Допустим.,0.0
Вот чем ты будешь их брать вообще в целом?,0.0
"Как ты будешь заставлять их поверить в себя, чтобы они шли за тобой?",0.0
"И вообще, стойка или борьба?",0.0
"Борьба, но с Анджем я не буду стоять, сразу говорю.",0.0
И в стойке с Богданом тоже.,0.0
Дайте мне кого-нибудь.,0.0
"Был там Слава такой, футболист.",0.0
"И вот, дайте сюда.",0.0
"Ну какие вообще, какие планы на сегодня у тебя в целом?",0.0
"Пацаны, сейчас у нас командный дух как бы заиграет.",0.0
Нам просто чуть-чуть размяться нужно.,0.0
Когда мы все возьмемся за вот этот вот канат.,0.0
Вот за вот этот.,0.0
И наша энергетика внутренняя.,0.0
Это вот мы за это будем тянуть.,0.0
Наша внутренняя энергетика от сердца пойдет в руки.,0.0
И от рук по канату.,0.0
"И вот мы, знаешь, как в аватаре хвостиками вот так вот сплетемся.",0.0
"Нам стоит взяться только за канат, пацаны.",0.0
Ну а расскажи про свои силовые.,0.0
"Жемлежа 190, присед 300, тяга 303.",0.0
"Бля, то есть я реально не самый сильный на площадке.",0.0
Ты реально не самый сильный.,0.0
"А я тебе могу сказать, ты реально не самый сильный в мире.",0.0
Только среди хозяев ты будешь самым сильным.,0.0
"Мы, кстати, берем Илюху.",0.0
Чтобы я не пью больше.,0.0
"То есть я, по сути, каждый раз хвастаюсь тем, что я лучший среди худших.",0.0
"Ну, силовых, я имею в виду.",0.0
То есть это не самое лучшее.,0.0
С этого момента я теперь Илюху буду брать на каждую съемку абсолютно.,0.0
"Не, чтобы у тебя фраза вот эта, я самый сильный на площадке не работал.",0.0
"Я понял, руку на плечо кладет, да ладно, расслабься.",0.0
"Ну ладно, есть реально страх какой-то относительно вот этого сзади.",0.0
"Знаешь, как с самолетом было?",0.0
"Было легкое неведение того, что вот будет он идти или нет.",0.0
"Вот если мы сейчас первый раз возьмемся, упремся все ебануто так, что понял, что вот все дерьмо из нас наружу полезет.",0.0
Вот так начнем.,0.0
И он не сдвинется.,0.0
Вот тогда...,0.0
Запахнет жареным.,0.0
А Илюх мой потянет.,0.0
Что из химии посоветуешь?,0.0
Химзавивку.,0.0
Кудри делай.,0.0
"Я надеюсь, это время, когда ты спрашивал, ты придумал этот ответ и надеялся, что никто не ответит.",0.0
"Ваша задача, если вы дотягиваете до финиша этот поезд, то ты получаешь 100 тысяч рублей.",0.0
Но.,0.0
Но.,0.0
"Может быть, будет какой-то бонус ребятам.",0.0
Что?,0.0
Вы готовы?,0.0
Да.,0.0
"Нет, реально готов уже.",0.0
"Честно, это было очень бодро.",0.0
"Саня, вот так.",0.0
Он больше похож на этого человека.,0.0
"Ну что, друзья, я готов объявить второго.",0.0
Ты куда побежишь?,0.0
"Ну, за тобой.",0.0
Давайте.,0.0
"Раз, два.",0.0
"Саня, что? я проиграл дыхал не нет еще 30 секунд есть так что я быстрее догнал ну ты что ну ты чего давай ту Больно бить.",0.0
"Фор, тебе 10 секунд.",0.0
"Ну я устал, брат.",0.0
"Это пи***ец, как страшно.",0.0
"У меня был шанс, но я его проиграл.",0.0
Селища.,0.0
"Ну, тот мой разговор, потому что, ну, не догоняю 100 тысяч.",0.0
Нет.,0.0
"Тогда я догоню его, ну.",0.0
"По истечению двух раундов, балл зарабатывает Александр Бородевич.",0.0
У него 2 балла.,0.0
"Соответственно, если ты сейчас выиграешь, если ты догонишь его.",0.0
За минуту?,0.0
"А, так убегать еще раз?",0.0
Да.,0.0
"Нет смысла, я думал раз, раз и все, ну.",0.0
Ты уже все въебал?,0.0
Да.,0.0
"Нет, ну я думаю, ну давай, подожди, ну давайте только, пожалуйста, сейчас отдых, реально.",0.0
"Не, минуту вот так бегать, это ультра жестко.",0.0
Это реально бег с препятствиями.,0.0
"Брат, он тебя очень страшно догоняет.",0.0
"Ты пару раз обманул, прям хорошо.",0.0
"А здесь я, короче, когда разворачиваюсь, я боковым зрением вижу, что он надо мной и летит на меня.",0.0
У тебя же шляпа слетела в моменте.,0.0
"Еще есть момент, когда ты прям можешь его докоснуться, и ты понимаешь, что ты не докоснулся, что все, ты еще секунд 15 про**ал.",0.0
"Да, потому что все.",0.0
"Ты последний рывок делаешь, и типа знаешь, у тебя стамина кончается.",0.0
"И все, ну организм говорит, ну ты что, у тебя 27.",0.0
У тебя откат 15 секунд.,0.0
Ну хватит бегать.,0.0
Может я подогоняю?,0.0
"Я тебе отдал этот раунд, считай, я прям сдался.",0.0
Ну давай попробуем.,0.0
Только чуть-чуть отдохнем.,0.0
Ну так.,0.0
"Потому что я понимаю, что догнать у меня еще есть шанс быстро это сделать, а убегать, ну я просто 3 секунды все мне пи***.",0.0
"Ну просто смотри, ты сейчас будешь догонять, а потом мне тебя еще раз придется догонять.",0.0
"Чтоб тебе выиграть раунд, вот в этом раунде.",0.0
"Тебе нужно сначала догнать его, потом убежать от него, и потом снова догнать.",0.0
"Ты просто 2-0 в е*** его сейчас, жестко.",0.0
Давай тогда попробуй догнать.,0.0
"Давай, давай.",0.0
Ну это более так.,0.0
"Сатир, привет.",0.0
Меня жестко здесь унижают.,0.0
"Ну вы скажите, когда вы готовы, я готов.",0.0
"Я не знаю, смысл был бы мне с тобой реально бегать.",0.0
Так я поэтому и не бегаю.,0.0
Это же очевидно.,0.0
"Мы просто ради интереса можем попробовать, ты попробуешь убежать от меня.",0.0
"Хочешь, можем пока ты отдохнешь, я один раз от него заберу.",0.0
"Я как раз его немножко это, вымотаешь, типа.",0.0
Ну да.,0.0
В моих интересах продлить это шоу.,0.0
"Я тебя догоняю, да?",0.0
"Ну, давай.",0.0
"Фух, бля.",0.0
"Страшно, пи***ц.",0.0
"Пол силы, Илюх.",0.0
"Ну, давай.",0.0
Это не насчет любительский.,0.0
Это просто любительский.,0.0
"Мапу не изучил, я даже не знаю, как тут вообще что делать.",0.0
Ты готов?,0.0
Я готов.,0.0
Ты готов?,0.0
"Я, честно, нет.",0.0
А мне по...,0.0
Но я жестко заеду поеду лайт.,0.0
"Ааа, он приближается.",0.0
"Рано, рано ты побежал.",0.0
Мне страшно.,0.0
Нееет.,0.0
Иллюзия!,0.0
Иллюзия!,0.0
"Все, сразу давай, играем, играем, не с нами.",0.0
Нет.,0.0
Погоди.,0.0
"У меня страх вот, когда тебя чейзят в спину.",0.0
Это самое страшное.,0.0
Вот меня папа все детство пугал.,0.0
Ты типа выходишь в коридор темный вот так вот.,0.0
И он из комнаты выбегает.,0.0
"У меня страх, это реально страшно, когда тебя чейзят.",0.0
Мне из-за этого первое время в Dead Bad Alight очень страшно было играть.,0.0
"Товарищи, я готов.",0.0
Готов?,0.0
Нет.,0.0
"Смотри, ну стратегически.",0.0
Да.,0.0
Те силы нужны на следующий раунд.,0.0
"Ну, понятное дело, а что делать?",0.0
Может потратить последние остатки на вот это ебейшее сальто?,0.0
"Ну, знаешь, я как твой советник, Тима.",0.0
"Милорд, может быть, мы проиграем этот раунд и в следующем оставим силы?",0.0
"Следующий выиграем, а в шарике его...",0.0
Русские не сдаются.,0.0
Ладно.,0.0
Я все-таки немножко хотел логики внести в это.,0.0
"Потому что, чтобы ему выиграть, ему нужно сейчас три раунда.",0.0
"Как минимум, он ее засалит, потом он просто силует.",0.0
"Ну, это так, прогноз мой небольшой.",0.0
Если вы хотите сделать прогноз.,0.0
"Итак, у вас минута времени на то, чтобы догадать Александра Бородевича.",0.0
"Раз, два.",0.0
Куда побежит?,0.0
"Я понял, сюда. друзья ждал переждал за 77 секунд типа на я слишком долго пытался понять куда он делал ты не потратил так много сил у тебя сачкота сейчас тебе нужно продержаться минуту и вот почему не так тяжело как будто марафон пробежал Вол, он только что спалил свою тактику, он типа специально тебе сейчас поддался и сейчас будет тебя догонять.",0.0
Все это время в это.,0.0
"Извини, Сань.",0.0
"Извини, Микки Маус.",0.0
"Вилли, Вилли.",0.0
"Слышишь, рывок делаю и падает.",0.0
"Вилли, Вилли, Вилли.",0.0
Вообще я могу его задержать.,0.0
Я подставной судебник.,0.0
Полить вызвать или что?,0.0
Да.,0.0
Я могу ему прострелить ногучек.,0.0
Какие правила вообще?,0.0
"За квадрат не заходить, верно?",0.0
Ну да.,0.0
Он сейчас меня шкафами будет кидать.,0.0
Готов?,0.0
Да.,0.0
Да.,0.0
Сейчас засеку секунду.,0.0
"А, извините, просто рился, решил посмотреть.",0.0
"А, таймер.",0.0
"Извините, бля.",0.0
"Что, вы готовы?",0.0
Да.,0.0
На старт!,0.0
Внимание!,0.0
Мам!,0.0
"Куда, куда?",0.0
"Ты где, сука?",0.0
Да ты что делаешь?,0.0
"Эй, деньги, деньги!",0.0
"Уилли, Уилли!",0.0
30 секунд!,0.0
Как он это делает?,0.0
"Давай, брат!",0.0
Нужно чуть-чуть продержаться!,0.0
Чуть-чуть!,0.0
"Скажись, 10 секунд!",0.0
10 секунд!,0.0
9!,0.0
8!,0.0
7!,0.0
6!,0.0
Я ебал!,0.0
4!,0.0
3!,0.0
Он сделал это!,0.0
"Он сделал это, брат!",0.0
"Заказывайте ритуальное агентство, ему пи***да!",0.0
"Ты как, чемпион?",0.0
Похрани себя.,0.0
"Бро, это было прям...",0.0
"Брат, это как деньги полетели, это виз... кино, что я хуй.",0.0
Я еще настоящее пошел собирать.,0.0
Ты там живи.,0.0
Я пока за деньгами.,0.0
Мои деньги.,0.0
Мои деньги.,0.0
Это очень тяжело.,0.0
Не повторяйте это никогда.,0.0
Дом.,0.0
"Слышь, вот я не вру, мне реально надо час отдыхать.",0.0
"Ну без шуток, я когда вот тут бежал, у меня просто ноги подкосились.",0.0
А я вот эту доску сломал.,0.0
"Где, где-то пятак.",0.0
А как мы решим эту ничью?,0.0
"Последний раунд, ты догоняешь.",0.0
То есть 2-2 счет сейчас.,0.0
"Давай на суефа, бог решит.",0.0
"Да мне кажется, у тебя очень много шансов догнать его.",0.0
"Догонять проще, чем убегать.",0.0
"Слушай, ну я хочу сказать, что локация была использована на все 100%.",0.0
Вот тут как он меняет.,0.0
Он прям закрыл мне проход.,0.0
"В смысле, ты реально вот, ты все уже, ну тебе не надо отдышаться там уже.",0.0
"Все, вот сейчас все, полностью.",0.0
Он спортсмен хороший.,0.0
Лови телевизор.,0.0
Я как Месси в футболе.,0.0
"Месси кулит, кальяна бухает.",0.0
А это Крещано Роналдо.,0.0
Нормально жить будет.,0.0
"Друзья, можем как-то это, три раунда сделать?",0.0
Да это шутка.,0.0
По сценарию просто.,0.0
"Подожди, а мы можем еще гениальнее сделать?",0.0
"Смотри, чтобы интрига была.",0.0
"Не надо, не.",0.0
Вообще я не фанат таких.,0.0
Интриг?,0.0
"Ну, камеры сейчас выключат и говорят.",0.0
И так 2-2 счет.,0.0
"Не, это я понимаю.",0.0
"Я говорю то, что в следующем раунде.",0.0
"Да ничего я, блядь, я что?",0.0
"Думал вот это ставить на самый конец, когда мы оба дохлую, вообще прям не можем ходить.",0.0
"Да не, сейчас запоен, сейчас самая интрига.",0.0
"Я как мог оттягиваю время, чтобы отдохнуть.",0.0
А можно воды попросить?,0.0
"Кидай, поймай, я ловкий.",0.0
"Ували ее, слышь?",0.0
"У тебя тоже вот на этом, да, месяц?",0.0
"О, и на этом у меня тоже.",0.0
"Ну-ка, покажи вот так.",0.0
"Ребята, здесь прекрасно.",0.0
"2007. Он поусерднее летает, судя по его царапинам.",0.0
"Смотри, первый раунд ты догонял, потом ты убегал, потом ты снова убегал, и сейчас ты догонял.",0.0
"А, сейчас нужно скинуться, по идее.",0.0
Потому что у нас два.,0.0
"По идее, да.",0.0
"Кто догоняет, а кто убегает.",0.0
Я не смогу убегать.,0.0
А я убегать тоже не смогу.,0.0
Давай тогда подкину монетку.,0.0
"Да, монетку.",0.0
Я ее в Суэфа.,0.0
А есть монетка?,0.0
Бутылочка.,0.0
Я убегаю.,0.0
"Понял, подкидываешь монетку, выиграл.",0.0
Я убегаю.,0.0
"Давайте, ladies and gentlemen.",0.0
"Все решит, собственно, монетка.",0.0
"Просто я считаю, что так честно.",0.0
Как будто я успокоил сейчас сотни тысяч комментаторов.,0.0
"Давай, я орел.",0.0
"Орел, ты решка.",0.0
"Ну, пожалуйста.",0.0
Орел. я убегаю я догоняю да да вот этот угол вообще самый ублюдский пожалуйста чем-нибудь минут пять спроси чем он красит волос суши сани по съемке вот ты говорил на машину костюма счет он все есть ты подумаешь что у меня попросил тебя заговорить чем-то чтобы он отдохнул что творит тут у нас чуть проблему будут друзья хотите если вы оба замужем убрать от диван какой так я уберу пока он отдыхать почему не диван там был прям в тему тогда плюс 10 секунд меня за диван я приду диван здесь секунд не подбежишь поправишь тогда ставка икеи мне платится не ну реально дайте мне пять секунд бонусных за вот этот вообще диван да ты и так догоняешь копейка упала если что я могу выйти за круг чтобы вы использовали сто процентов локации не тот островок бесполезный реально как будто через него так вот он манки сделают этот он так высоко не подпрыгнет как чтобы с разбегу манки через две перила сделать Не хочу.,0.0
"Ну что, друзья, я засекаю минуту.",0.0
Или минуту 05.,0.0
Готовы?,0.0
Да.,0.0
У меня новая тактика.,0.0
Какая?,0.0
Сначала видишь.,0.0
Давай.,0.0
Ладно.,0.0
Готовы?,0.0
"Раз, два, три.",0.0
Бежать еще быстрее?,0.0
Была?,0.0
Коснулся?,0.0
"Я поздравляю, Микки, ты забираешь очко.",0.0
Твою мать.,0.0
В смысле мою мать?,0.0
Поздравляю.,0.0
Но мы не переключаемся.,0.0
Шарик.,0.0
С шариком?,0.0
Сейчас пять минут покурить там это.,0.0
"Посмотрим, как обстоят дела у других друзей.",0.0
"А сейчас мы посмотрим, что у наших других участников.",0.0
Вот они друзей.,0.0
"Андрей, ты сам все понимаешь.",0.0
"Слушай, если честно, я думаю, что все три покажут дизлайк.",0.0
То есть мне остальных точно надо.,0.0
"Ну, я же говорил, 80%.",0.0
Сейчас попробую быть супердобрым.,0.0
Давай.,0.0
Привет.,0.0
Здравствуй.,0.0
Андрюха.,0.0
Леночка.,0.0
А тогда я Андрюнечка.,0.0
Как жизнь?,0.0
Регулярно.,0.0
Тебе.,0.0
"Ой, что делается-то прям вообще.",0.0
"Спроси, кстати, когда ты последний раз была на свидании?",0.0
А ты когда-нибудь бывала на свидании за последнее время?,0.0
Ну а как же мне сколько лет?,0.0
Куда ходила?,0.0
"Мутобор, небось?",0.0
"Нет, Мутобор.",0.0
Теремок.,0.0
Последний раз была в ночном клубе.,0.0
Да ну!,0.0
Да!,0.0
И что там?,0.0
Техно?,0.0
"Танцевали, да.",0.0
Дрон?,0.0
По-всятому.,0.0
"Можешь показать, как ты танцуешь?",0.0
А я тоже потанцую.,0.0
"Ну, первый давай начни.",0.0
У меня вот так вот.,0.0
Как гориллыч танцует сейчас вот это вот.,0.0
"Ты знаешь, что если ты хочешь научиться танцевать прям круто, тебе надо записаться на мастер-класс от Энстрин в ноябре.",0.0
В Москве тоже будет.,0.0
"Ну, в ее телеграм-канале будет подробности.",0.0
"Как ты относишься к тому, что когда вы с парнем дома, и он пукает?",0.0
"Ну, это правда жизни.",0.0
Я не понимаю.,0.0
Он же совсем все фортит.,0.0
Я даже не понимаю.,0.0
Или таким образом он налаживает контакт.,0.0
Ты любишь Литэнерджи?,0.0
Я понял.,0.0
Ты на кондициях.,0.0
Это все для меня далеко.,0.0
"Сау, брат.",0.0
"Спроси, что она умеет готовить.",0.0
Почему он мою работу все забрал?,0.0
Что ты умеешь готовить?,0.0
"Ты сказала, что молодежь.",0.0
"Все, что хочешь.",0.0
Пироги умеешь?,0.0
Пироги умеешь?,0.0
Умею.,0.0
Я бы твой пирог попробовал.,0.0
Я бы попробовал твой пирог.,0.0
"Что вы, что вы?",0.0
Я не могу.,0.0
Что вы думаете?,0.0
"Спроси, какие парни ей нравятся.",0.0
Какие парни тебе нравятся?,0.0
"Эрудированные, начитанные, которые знают, кто что написал.",0.0
Я могу рассказать.,0.0
One Piece мангу Чиро Ода написал.,0.0
А вы классику-классику хотя бы.,0.0
"Так это классика, One Piece.",0.0
Ну вот задавайте мне вопросы.,0.0
"Вот задавайте мне вопросы про эрудицию, я могу вам на все ответить.",0.0
Любое.,0.0
"Жена Чехова, Антон Павлович.",0.0
Майк Тайсон.,0.0
Майк Тайсон.,0.0
Как мы на разных планетах.,0.0
Жена Чехова?,0.0
Да.,0.0
Анфиса Чехова.,0.0
Анфиса Чехова.,0.0
А давайте сыграем в «Правду или действие».,0.0
Давайте сыграем в «Правду или действие».,0.0
"Мне кажется, наше свидание затянулось.",0.0
"И мне кажется, вы пригласили даму.",0.0
Ни одного комплимента не сказали.,0.0
"Вы похожи, знаете, на кого?",0.0
На звездочку в небе.,0.0
Какую?,0.0
Двездочку просто.,0.0
Прекрасно там.,0.0
"Плохо дела, плохо.",0.0
"Ладно, до свидания.",0.0
"Все-все, сливаем.",0.0
Вот она какая.,0.0
"Если еще раз начнется молоток, типа ты спросишь, как дела, а у нас спросят, как у тебя дела, ты скажи регулярно.",0.0
"Вообще не клеится, не знаю.",0.0
"Ну, Андрей, по-моему, 4 мимо.",0.0
"Вообще, да.",0.0
"Ну, когда свет загорится, сильно испугайся.",0.0
"Если получится со стула упасть, будут классно.",0.0
Ты тут?,0.0
Да.,0.0
Привет.,0.0
Давно не виделись?,0.0
Давно.,0.0
Как дела?,0.0
Нормально.,0.0
А у меня как дела?,0.0
Как?,0.0
Регулярно.,0.0
Про нас много сплетен было.,0.0
Грязных и чистых.,0.0
Развеем эти сплетни.,0.0
Развеем эти сплетни раз и навсегда.,0.0
Чтобы все было чисто.,0.0
Мы с Парадевичем всего лишь друзья.,0.0
Поняла.,0.0
"А я думала, вы враги.",0.0
Что-то изменилось после шоу?,0.0
Узнавали на улице?,0.0
"Да, узнавали.",0.0
Фотографировались.,0.0
Тебя все любят по-настоящему.,0.0
"Я знаю, мне тоже про тебя очень много кто-то что сказал.",0.0
"Плохо, наверное.",0.0
"Нет, хорошее, наоборот.",0.0
Генсуха на стриме даже сказала.,0.0
Как?,0.0
Генсуха.,0.0
"Какая они красивые, какая они смотрятся, плево, красавчики.",0.0
Да.,0.0
Вот напомни свои имя.,0.0
Надежда.,0.0
А я твое имя помню.,0.0
Как?,0.0
Андрей.,0.0
А вот и нет.,0.0
Ну ты Кокошка.,0.0
А вот и да.,0.0
"Ну Кокошка, это же псевдоним, это же не имя.",0.0
"Нет, это фамилия настоящая.",0.0
"А у мамы фамилия Лукошка, девичья.",0.0
"У папы фамилия Кокошка, а у мамы Лукошка.",0.0
"Ладно, ты меня разводишь.",0.0
Мне нравится твой кот.,0.0
"Мы его кастрировали, яйца ему.",0.0
Жестоко.,0.0
Думаю себя тоже кастрировать.,0.0
"Думаю, может, и себя кастрировать по приколу.",0.0
"Спроси, может, вам совместную TikTok-страницу завести?",0.0
"Не хочешь обменяться паролями ВКонтакте, чтобы ты могла моей чекать страницу, я твою?",0.0
"По-моему, мы не то спросили.",0.0
"Ну, можно.",0.0
"Спроси, скучала ли она по тебе?",0.0
Скучала по мне.,0.0
"Ну, поскольку у нас дружеские отношения хорошие, то у меня теплое впечатление о тебе сложилось.",0.0
"То есть вы меня зафрендзонили вот так, да?",0.0
Я во френдзоне?,0.0
Это как?,0.0
"Условно, вот...",0.0
"При мне можно переодеваться, но мне...",0.0
Что ты делаешь?,0.0
"Ну, пока ты друг.",0.0
"О, пока.",0.0
"А что мне надо сделать, чтобы быть больше другом?",0.0
"Нет, нет, нет, нет, нет, нет, нет, нет, нет, нет, нет, нет, нет, нет, нет, нет, нет, нет, нет, нет, нет, нет, нет, нет, нет, нет, нет, нет, нет, нет, нет, нет, нет, нет, нет, нет, нет, нет, нет, нет, нет, нет, нет, нет, нет, нет, нет, нет, нет, нет, нет, нет, нет, нет, нет, нет, нет, нет, нет, нет, нет, нет, нет, нет, нет, нет, нет, нет, нет, нет, нет, нет, нет, нет, нет, нет, нет, нет, нет, нет, нет, нет, нет, нет, нет, нет, нет, нет, нет, нет, нет, нет, нет, Что для тебя самое хайповое сейчас?",0.0
Асхаб Тамаев.,0.0
Тамаев.,0.0
Макан.,0.0
Макан.,0.0
Пусть это останется в секрете.,0.0
Макан?,0.0
Егорик?,0.0
"Нет, я даже не знаю, кто это.",0.0
Мы сейчас на его канале.,0.0
Это я.,0.0
"Можем попросить в камеру сказать, подписывайтесь на канал Егорик.",0.0
"Ну, я его не знаю, этот канал.",0.0
Подписывайтесь на канал Егорик.,0.0
Спасибо.,0.0
Еще вопрос.,0.0
У нас в этом ролике реклама.,0.0
Мази для ног.,0.0
Обожаю мази для ног.,0.0
И для жопы.,0.0
Тапочком кину в тебя.,0.0
"Все, давай.",0.0
Рад повидаться.,0.0
Я тоже рада тебя видеть.,0.0
Давай.,0.0
Не так.,0.0
Надо обнимашки.,0.0
"Я не знаю, я говорю, мы превращаемся в комиссию по помощи.",0.0
"Давайте разминочку, ребята, все-таки проведем.",0.0
"Сань, надо зарекомендовать себя как лидера.",0.0
"Ну давайте, что, встали?",0.0
"Я что, смешной по-твоему?",0.0
"Нет, ни в коем случае.",0.0
Слушай.,0.0
"Я тебя первый вырублю, сейчас какой-то базар будет, вот за всех отвечаешь, понял?",0.0
Хорошо.,0.0
"Пацаны, слушаем его все.",0.0
Мне не нужны эти проблемы.,0.0
"Давайте, ребята, ну что, разминается, начинаем с шеи.",0.0
"Распределитесь чуть-чуть, чтобы место было тоже, чтобы друг друга не задели.",0.0
"Видно, у вас, вы, ребята, опасные, кого-то не ждануть можете друг друга случайно.",0.0
Как-то вот так вот.,0.0
"Так, шея важна, да, в борьбе?",0.0
Очень.,0.0
"Ну, просто болтология тогда небольшая.",0.0
Туда-сюда.,0.0
"Так называемый скрэмбл тренер, да?",0.0
"Скрэмбл, да.",0.0
Шейный.,0.0
Болтунья.,0.0
"Просто, чтобы до того состояния, пока голова не закружится, и вот это не потемнеет в глазах, надо крутить.",0.0
Я вообще не верю в нашу команду.,0.0
Я вообще не верю в эти трещи.,0.0
"Надо знаете, как распределить?",0.0
"Вот у кого самые сильные ноги влево, а у кого самые сильные руки вправо.",0.0
Как-то себя оцените и разделитесь.,0.0
"Ноги слева от меня вот здесь, руки справа.",0.0
"Шеф, нихуя не работает.",0.0
"Сейчас, сейчас, сейчас.",0.0
Горелый.,0.0
"Шах, шах.",0.0
"Шах, помолчи.",0.0
Давайте тоже середину разомнем.,0.0
Середину.,0.0
Давайте вверх размяли человека.,0.0
Он правильно говорит.,0.0
"Вы думаете умнее, чем он?",0.0
Я вам так скажу.,0.0
Сзади меня вот стоит каратист профессиональный.,0.0
Вы что думаете умнее его?,0.0
Такую бачату легкую надо сделать.,0.0
Вот.,0.0
"Пацаны, немножко вот так.",0.0
"Вот это вот, чуть-чуть сделать.",0.0
Немножко разминочки вот такой.,0.0
"Не, ну сразу видно, пацаны, вот так я хочу сказать, на общак бросить.",0.0
Целостность должна быть у команды.,0.0
"Вот у вас целостности не чувствуется, что-то вы все как-то, каждый сам по себе.",0.0
"А тут знаете, как в доте, ребята, тут каждый сам по себе хуй ты справишься.",0.0
"По одному каждый может подойти попробовать, если мы как бы вместе не будем, то мы просто уйдем проигравшими, вот этот дух упадет.",0.0
"А у нас же у качков, у нас все зависит же от этого.",0.0
От побед.,0.0
У нас ничего не было.,0.0
У спортсменов.,0.0
И от химии.,0.0
Правильно.,0.0
Ты как зовут?,0.0
Анатолий.,0.0
"Ты мой зам. А ты мой аром зам зам. Эй, а я кто?",0.0
"Ты стой, отдыхай.",0.0
"Не, ну пацаны результаты делали в одиночку, но здесь нужно быть командой.",0.0
"Да, да.",0.0
"Илюх, Илюх, Илюх, ходи пока куда-нибудь.",0.0
Я уже задышал.,0.0
На разминке?,0.0
На его разминке задышал.,0.0
"Я тебе скажу, брат, я раньше тебя задышал.",0.0
"Друзья, вы как думаете, потянут они или нет?",0.0
"Конечно, подтянут.",0.0
Тяжелая работа сегодня предстоит.,0.0
"Ну, сейчас первый раз, как все потянут.",0.0
"У них вот этот дух подопустит, потому что движения не будет сразу.",0.0
"Тогда уже начнут сразу все глазами искать, где же Александр, который что-то понимает, где же вот этот парень, который в прошлом...",0.0
"Ну, понимаешь же, да?",0.0
"Сейчас просто так, если со стороны оценивать, много юнцов, молодых, гонора много, практики ноль, техники ноль, сил ноль.",0.0
Мужского за мужское говорить не буду.,0.0
Ребят!,0.0
"Если что, ваша задача, чтобы колеса пересекнули линию.",0.0
То есть вам не нужно за линию весь вагон тащить.,0.0
А так хотелось.,0.0
"Ладно, ребята, ради вас лазеры из глаз.",0.0
"Вставьте, умоляю, вставьте лазеры.",0.0
"Илюх, Илюх.",0.0
Когда дух надо проявить.,0.0
Илюх.,0.0
Илюх.,0.0
Нарочительное масло смазать рельсы надо.,0.0
"Бля, нехуй делать, если бы не тормоз, сейчас бы вот так рукой потянул.",0.0
Вообще не верю в парней.,0.0
Вообще не верю.,0.0
"Красавчики, потянем.",0.0
Потянем.,0.0
Я чувствую.,0.0
Вот такое движение.,0.0
Волна пошла.,0.0
"Если в комментариях есть учителя физики, пожалуйста, напишите, правильно мы распределили вес или нет.",0.0
"Вообще, при перетягивании каната правильное распределение веса – это сильный-слабый, сильный-слабый, сильный-слабый.",0.0
Вот такой баланс.,0.0
Потому что иначе будет дисбаланс.,0.0
"Мужики, послушайте, тут очень важно, чтобы была сплоченная работа.",0.0
"Да, именно по команду надо будет делать. работать, будем дисбаланс создавать, каждый другому будет мешать.",0.0
"Поэтому здесь очень важно, чтобы все поймали вот это движение.",0.0
Мы в прошлый раз тоже вначале его не сразу ловили.,0.0
А как только поймали...,0.0
"Пацаны, либо мы с первого раза сейчас сделаем, либо мы дух потеряем весь и ауру, что самое важное.",0.0
Либо подгузники меняем.,1.0
"Ну я надеюсь, все уверены, что вы потянете.",1.0
Илюх!,1.0
Да ну нахуй!,1.0
Команда мышцы?,0.0
"2.0. Ебать там силища, ебать.",0.0
"Урод, локомотив тоже нехуйный.",0.0
"Пацаны, короче, кто перед вами стоит за ногу, вот так вот под себя дергайте.",0.0
"Сань, Сань, вот это.",0.0
"Пацаны, а знаете, почему здесь нет локомотива?",0.0
Потому что локомотив это вы!,0.0
На самом деле его не было просто.,0.0
"Потому что локомотив это мы, Илюк.",0.0
Потому что локомотив это вы.,0.0
Локомотив здесь.,0.0
Локомотив на месте.,0.0
Качки здесь.,0.0
"Все на месте, спортсмены.",0.0
Тестостерон здесь.,0.0
Где нахуй отсюда?,0.0
Мышцы здесь.,0.0
А ну-ка дай вот это.,0.0
Побратки.,0.0
Ну дай на это.,0.0
Вот этого нам не хватало.,0.0
"Сань, ты там будешь тянуть?",0.0
"Как я в прошлый раз тянул, я и так и здесь буду тянуть.",0.0
"Как я в прошлый раз делал, так и здесь делаю.",0.0
"Даже, даже.",0.0
"Даже, даже.",0.0
"Нет, Силуянов сказал, я приехал на короткое уведомление.",0.0
"Саня, Саня, вау, вау, вау, вау.",0.0
"Держи, держи.",0.0
"Натяг, натяг.",0.0
Натяг.,0.0
"Стой, стой, стой, стой.",0.0
"Не идет, просто понять.",0.0
"Илюх, ты со стороны с телефона сними, как будто я один хуярю.",0.0
Вот так вертикально.,0.0
"Вы что, готовы уже?",0.0
"Пацаны, мы всю жизнь тренировали.",0.0
Ради этого момента!,0.0
Чтобы сегодня свинуть этот еб...,0.0
Все тормоза убрали.,0.0
"Но я знаю, что он это, на тормозе.",0.0
Почему это вы говорите?,0.0
Что там?,0.0
Ничего.,0.0
Скажи.,0.0
"Он плохой говорит, они не порвут трос.",0.0
"Строитель, блин.",0.0
"Мужики, силовое вот это движение по команде.",0.0
"Я говорю, раз, и все пошли.",0.0
Все готовы?,0.0
Не слышу.,0.0
И раз.,0.0
"Стойте, стойте, блядь.",0.0
Тормоз забыли снять.,0.0
Серьезно?,0.0
В акулатуре?,0.0
Снимайте тормоз.,0.0
"Ладно, это была заготовочка, пацаны, чтобы дух ваш сломить.",0.0
"Но это еще не все, гориллась.",0.0
В прошлый раз вытянули самолет без какой-либо цели.,0.0
Просто дотянуть до финиша.,0.0
Да.,0.0
У вас не было мотивации сделать это быстрее.,0.0
Не было.,0.0
"Но сейчас всё по-другому, у меня для тебя есть сюрприз.",0.0
Вывозите.,0.0
Вывозите.,0.0
"Вывозите, блядь, кто там, сука?",0.0
Кому права выдали?,0.0
Я закрыл глаза.,0.0
Закрыл глаза.,0.0
"Пока ты собирал свою команду, в этот момент я собрал свою команду.",0.0
"И чья команда быстрее дотянет, та команда и забирает деньги.",0.0
"Блядь, кто там?",0.0
"Смотрите, из важных правил.",0.0
"Вы проигрываете только в том случае, если мяч касается пола.",0.0
Если игрок ударил нацелено вниз.,0.0
"То есть вы можете сделать вперед, можно делать прям вверх.",0.0
"Но главное, чтобы шар траекторию дал вверх.",0.0
И еще очень важное правило.,0.0
"Вы проигрываете, если ударили вал.",0.0
"Ну и то, что вниз еще, да.",0.0
Дважды вал.,0.0
"Используем только руки, что важно.",0.0
"И по поводу поверхности, да.",0.0
"Если мяч остановился тут, то... человек не проиграл ему нужно именно коснуться пола все понятно вам у них то стекло в оригинале постройте стекло скидывайтесь за первое касание суево в воде ну что готовы на 1 2 с назад ударит И нельзя мешать друг другу.",0.0
Очень важное правило.,0.0
"Ой, я вниз.",0.0
"О, миксовай, ты чего?",0.0
Ай.,0.0
Ай.,0.0
"Подожди, стой, стой, я п***л, но дайте мне, я так п***нулся, вы не представляете.",0.0
"Музыку из макарса, где больно.",0.0
"Ай, ай.",0.0
"Не, без шуток.",0.0
"А там, по-моему, я вниз ударил, я бы пересмотрел.",0.0
Я в голову ему попал.,0.0
Но это было вниз.,0.0
"Фак, вообще.",0.0
"Брат, ты...",0.0
"Может, вы дадите просто 50 тысяч, потому что это обойдется очень дорого вашей компании.",0.0
"Чувак, я бы от Козловского дублирую.",0.0
Об скамейку.,0.0
"Вы хотите увидеть фильмы, где Калагривый не падает?",0.0
"Вы хотите увидеть фильмы, где Петров не тахает?",0.0
"Вы думали, кто это все время делал?",0.0
"Микки, минутка.",0.0
"Не, Брок.",0.0
"Честно, ну, я просто, ну, эмоционально не показываю, но мне очень больно.",0.0
"Возможно, через минуту мне будет п***.",1.0
Я вот об какую-то вот эту х***.,1.0
"Вот об эту, ты прыгал сюда и цепанул колено.",1.0
П***ц.,1.0
"Ой, я вниз.",1.0
Такая боль.,1.0
"Там посмотрели, я проиграл.",1.0
Да.,1.0
Да?,1.0
Спасибо.,1.0
"Приятно, парень.",1.0
"Ну, я тебе в голову попал, но, тем не менее, он достал.",1.0
Ну как ты тут засевил нихуя?,1.0
Давай ради угара начнём сейчас вообще сверху той хуя.,1.0
Пойдём.,1.0
"Чего, почему ты водишь?",1.0
Он выиграл.,1.0
"Просто потом, чтобы не писали мне, а чё он водит?",1.0
"Нет, он выиграл.",1.0
"Да нет, нет, давай.",1.0
Да ебать!,1.0
Ты чё угораешь?,1.0
"Ты чё? это очень сложно и не предугадаешь никогда ветром сбил шар видели как он пробежал ты пробежал я я бью по шуру и он у меня под руку улетает реально силой ветра управлял ты пробегаешь под тобой вихрь образовывается и шаг вот так делает ты имеешь ввиду он делал так да я просто ты сам ты вот и когда бил ты ветра и вот отсюда посмотрел это так Повтор, повтор.",1.0
"Смотри, смотри, что ты делаешь.",0.0
Ты в полу просто ебал.,0.0
"Нет, ты видел, как он нырнул?",0.0
"Нет, ты прям в полу ебал.",0.0
Ты можешь ломо показать?,0.0
"Смотри, что он делает.",0.0
"Вот шар, пока он бьет, он ветром ебал его в пол. Я как студия сейчас пересмотрел, ты его ебал прям в полу.",0.0
"Сделайте эдиты, как шар просто из-под руки у меня вылетает.",0.0
Или как будто это голова.,0.0
"Как будто нужно было вверх, а ты прям в пол. А зачем?",0.0
"Они про нас говорят гадости, слышишь?",0.0
Они шепчутся за нас.,0.0
"Они шепчутся, что ебал, слышишь, гей.",0.0
"Дайте мне мяч, я ударю.",0.0
"Так что, все, я проиграл.",0.0
"Нет, третий раунд символический.",0.0
Третий раунд?,0.0
"Не, почему?",0.0
"А, ну если он, подожди, а что?",0.0
"А, бесту в пять?",0.0
Да.,0.0
"Ну если он выиграет, то что, еще один играем?",0.0
Зачем?,0.0
"Не, подожди, ну так он тогда, тогда ты вообще все выиграл.",0.0
Нет.,0.0
А почему у нас там было до трех очков?,0.0
"Давай тогда тоже до трех, все правильно?",0.0
"Блин, вы придумали право на ходу, я же уже выиграл.",0.0
До трех побед тогда.,0.0
"О, судья сказал.",0.0
Я решил.,0.0
Давайте подменим шарик.,0.0
"Я считаю, что это нечестный шарик.",0.0
Он вихрем пользуется.,0.0
"Дайте другой шарик, который не пользуется вихрем.",0.0
А покинем вот этим.,0.0
"Смотрите, друзья, есть пункт на моем канале.",0.0
Я в любой момент могу менять правила.,0.0
Мы уже заметили.,0.0
"Вот, поэтому я поменял шар.",0.0
Поэтому вихрь запрещен.,0.0
Вот это более честный.,0.0
Вихрь запрещен?,0.0
"Вихрь запрещен, не пользуйся.",0.0
У нас патч вышел новый.,0.0
"Там просто в кадре не видно было, он за тумбой вот так стоял.",0.0
Вихрь запрещен.,0.0
"Я поменял, да, я поменял раунды.",0.0
Я даже не буду это говорить.,0.0
У нас 5 раундов изначально было.,0.0
Подмените там.,0.0
"Знаешь, вот вставь вот сейчас вот типа вот этот момент, где я говорю, 3 раунда вот сейчас поверх.",0.0
"Короче, смотри, у нас будет 5 раундов.",0.0
Давайте я введу.,0.0
"Давай, Вадик.",0.0
"Ты имеешь право выбрать место, где ты водишь.",0.0
Вот здесь.,0.0
Я выбираю правило попить воды.,0.0
"Хорошо, киньте воду.",0.0
Есть такое правило.,0.0
"Да, сначала он воздухом пользуется. ветром, теперь еще и водой.",0.0
"Уволик, блядь, я хожу сам за водой.",0.0
С этого момента вихрь запрещен на соревнованиях.,0.0
Понял?,0.0
Микки Маус.,0.0
"Микки Маус, он меня называет.",0.0
Вихрь запрещен.,0.0
"Ну типа ты Микки, типа ты милый.",0.0
"Тогда я сатира буду парадеевич называть, потому что ему больше подход, он парадист.",0.0
"Что скажешь очкарик, а?",0.0
А?,0.0
"Короче, с этого момента вы играете вот этой темой.",0.0
"Ты проиграл сайт, 3-0, все.",0.0
Он в ней сдал.,0.0
Я опять воспользовался вихрем.,0.0
"Запомни, слышь.",0.0
Да.,0.0
Вихрь нельзя.,0.0
"Все, извини.",0.0
Поехали?,0.0
Да.,0.0
Как ты нашла?,0.0
Подожди.,0.0
Ты водишь?,0.0
Да.,0.0
Я сам себе сделал подъемку.,0.0
А я туда.,0.0
А я тоже туда.,0.0
Иди отсюда.,0.0
Ты чего?,0.0
Ты чего?,0.0
"Друзья, я фиксирую, чтобы никто и не пользовался вихрем.",0.0
Уйди!,0.0
Ты куда идешь?,0.0
Нельзя мешать друг другу.,0.0
Он мешает всегда.,0.0
"Нельзя мешать друг другу, друзья.",0.0
С этого момента.,0.0
Он тумбочку поставил.,0.0
"Опа, было вниз.",0.0
Парадевич.,0.0
"Вообще, я как будто заметил, что вот здесь вот тоже, когда ты сверху был, тоже было как будто...",0.0
"Ну вы тупые правила придумали, вот я сейчас прыгну.",0.0
Врожденный.,0.0
"Если ты сейчас выиграешь раунд, то, возможно, ты выиграешь весь сет.",0.0
Гейм.,0.0
Азартный.,0.0
В детстве не так азартный был.,0.0
В твоем детстве были шары.,0.0
Баные богачи.,0.0
"Все, вы сразу стартуете?",0.0
Ну конечно.,0.0
Води тогда ты.,0.0
И в аут.,0.0
По-братски не мешайте друг другу.,0.0
"Живите дружно, друзья.",0.0
Живите дружно.,0.0
Куда это?,0.0
А я понял.,0.0
Порезался.,0.0
"Не режьтесь, друзья, не режьтесь.",0.0
Жизнь прекрасна.,0.0
"Друзья, жизнь.",0.0
Ой-ой-ой.,0.0
"Все, вниз было.",0.0
Ты видел?,0.0
Вниз было.,0.0
Что это было?,0.0
Ты...,0.0
"О, я падаю.",0.0
"Покажи, еще раз.",0.0
2008. Ну там непонятно.,0.0
"Он цветком, блин, сыграл.",0.0
Касательный вниз просто пошло.,0.0
"А силу цветка можно было, вихрь я не...",0.0
Давай пересмотрим.,0.0
"Там, возможно, другой спелл был заюзан.",0.0
Я не хотел это начинать.,0.0
"Ему запретили одно, а он другим начал.",0.0
"Видит бог, я не хотел это начинать.",0.0
"И вот, видишь, удар вниз.",0.0
"Что, друзья, Александр Парадеевич только что потерпел поражение, проиграв два раунда.",0.0
А кому при***ал?,0.0
Сюда.,0.0
Вот этого человеку.,0.0
Но Нейму.,0.0
Но.,0.0
Нейм.,0.0
Сразу комплимент про внешность.,0.0
Сразу.,0.0
Потрясающе выглядит человек.,0.0
Ты потрясная.,0.0
Спасибо большое.,0.0
"О, реально?",0.0
Ты говоришь английский?,0.0
Парла итальяно.,0.0
Парла итальяно?,0.0
Белиси рогатца комитета.,0.0
Белиси.,0.0
Белиси рогатца.,0.0
Белисима.,0.0
Сима.,0.0
Си-си-си.,0.0
Уи.,0.0
Криштиано Роналдо.,0.0
Стендап.,0.0
"Не, не, Криштиано.",0.0
"Один, два, три.",0.0
Ну ладно уж.,0.0
Ладно.,0.0
"Будем на русском, да?",0.0
Я могу на любом языке.,0.0
На японском могу.,0.0
Для следующей девушки.,0.0
Нормальный?,0.0
"А кем, кем, кем, кем работать?",0.0
А кем работать?,0.0
"Не, ну, правда, приводчик.",0.0
А как будет на итальянском?,0.0
Я бы хотел чпокнуть.,0.0
Зачем?,0.0
Зачем?,0.0
Я не договорил.,0.0
"Я хотел бы чмокнуть эту штучку, которая упаковка для посылок, чтобы она...",0.0
"Нет, я поняла, поняла, поняла.",0.0
Я в общем...,0.0
Я тоже работаю переводчиком.,0.0
Я тоже работаю переводчиком.,0.0
Перевожу бабушек через дорогу.,0.0
Перевожу бабушек через дорогу.,0.0
Вообще прям супер.,0.0
Знаешь шутки какие-нибудь?,0.0
Мужчина у меня есть.,0.0
Он так любит рассказывать.,0.0
У тебя мужчина есть?,0.0
У меня же головы глаза.,0.0
"Ты типа за открытые отношения, да?",0.0
Но можно и закрыться.,0.0
"У меня есть штука, просто впечатлит тебя.",0.0
Мне мой друг Денис Кокаяков дал.,0.0
Знаешь такого?,0.0
Нет.,0.0
Его просто любят взрослые смотреть.,0.0
"Он мне сказал, что если я надену Apple Watch, то понравлюсь.",0.0
"Повысилось давление при виде меня, да?",0.0
"Да, похвастаюсь, что это дорогая штука.",0.0
Это дорогая все еще.,0.0
"Нет, ты скажи, просто обычная такая с розеткой, а это на батарейках.",0.0
"Обычно такая с розеткой, а у меня на батарейках.",0.0
А у тебя андроид или айфон?,0.0
Айфон.,0.0
Хорош.,0.0
А руку сжимает пипец.,0.0
"Слушай, что-то это как-то зашкаливает, да?",0.0
"Не останавливается, у меня рука уже синее.",0.0
"Все, попроси ее померить, может ты померись.",0.0
"А слушай, тебе уже надо...",0.0
Будь моей бабушкой.,0.0
Согласна.,0.0
Включил?,0.0
Да.,0.0
"Все, сидим и молчим, потому что там надо...",0.0
Вы шикарно выглядите.,0.0
"Реально, глаза аж светятся.",0.0
Да?,0.0
"Это главное, да?",0.0
"Да, вы под чем-то?",0.0
Над чем-то.,0.0
"Так попроси аккуратнее с этим аппаратом, потому что он дорогой.",0.0
Только аккуратно он дорогой.,0.0
100 на 71.,0.0
Ну это нормально.,0.0
"Мне понижение, в общем-то, это нормально.",0.0
Спроси хобби какие-нибудь.,0.0
"Мне так понравилось, что вы на итальянском говорите, так круто.",0.0
"Круто, да?",0.0
"Да, потому что это мой самый любимый язык.",0.0
Я бы хотел побывать в Риме и выступить на гладиаторских боях.,0.0
Моя мечта — побывать в Риме и выступить на гладиаторском бое.,0.0
И умереть.,0.0
И умереть.,0.0
"Ладно, Андрей, я думаю, можно плавно подводить к концу.",0.0
"Грацио, пицца, паста.",0.0
Пицца с тебя.,0.0
"Давайте, Елена.",0.0
"Спасибо, до свидания.",0.0
Круто было.,0.0
В том же духе продолжай.,0.0
Очень милый сейчас был.,0.0
Милое свидание.,0.0
Ес!,0.0
Ес!,0.0
Мне тоже понравилось.,0.0
Привет.,0.0
Привет.,0.0
"Если хочешь, давай пообщаемся.",0.0
Андрей.,0.0
Людмила.,0.0
Людмила?,0.0
У вас клювая прическа.,0.0
"Да, у вас тоже.",0.0
Как у Токсиса.,0.0
Вы жестко пугливая.,0.0
Просто не подавайте виду.,0.0
"Не подавайте виду, но там сзади есть человек.",0.0
Да ради бога.,0.0
Аккуратно посмотрите.,0.0
Обязательно.,0.0
И чего?,0.0
"Извините, думал, это машина времени.",0.0
"Ну, нормально.",0.0
В наше время ничему не удивляешься.,0.0
"Давай проведем нашу встречу, используя вот вещи, которые здесь есть.",0.0
"Посмотрим, что здесь есть.",0.0
Спроси red flag в мужчинах.,0.0
Какие у тебя red flag в мужчинах?,0.0
"Красные флаги, минусы.",0.0
Вот ни за что с таким не буду общаться.,0.0
"Ты знаешь, вот по жизни...",0.0
А кинь мне шляпу.,0.0
Если мне человек с первого...,0.0
"Ой, я бы на тебя даже забыл иначе.",0.0
Головой...,0.0
"Так, все, давай я попаду и все.",0.0
Давай.,0.0
"Ну, извините.",0.0
А какой у вас любимый шашлык?,0.0
Какой у вас любимый шашлык?,0.0
Свиной.,0.0
Я тоже.,0.0
Я обожаю мясо.,0.0
"Ой, баранину ненавижу.",0.0
Ненавидишь баранину?,0.0
Я тоже.,0.0
"Ты такой, знаешь, вот так вот.",0.0
"Вот если бы ты был пополнее, вот как плюшевый мишка ты такой прям.",0.0
Я сухой качок.,0.0
Баятельный.,0.0
"Не-не, ты такой, обаятельный.",0.0
И сухой качок.,0.0
Какой качок?,0.0
"Я качок, э!",0.0
Тебя дену вот этот шляп.,0.0
"Тебя, кстати, идет этот шляп.",0.0
Я Луфи.,0.0
"А вы, получается, Шанкс.",0.0
Ты Шанкс.,0.0
А потом сделаю.,0.0
Могу анекдот рассказать?,0.0
Не пошлый?,0.0
Пошлый.,0.0
Ну давай.,0.0
А какая у тебя профессия?,0.0
"Спорим, угадай.",0.0
"Ну, угадай.",0.0
Диджей.,0.0
Угадал.,0.0
Реально?,0.0
"Вообще, я музыку очень люблю.",0.0
Да?,0.0
Кто ваш любимый исполнитель?,0.0
"Ветер с моря дул, Ветер с моря дул, Нагонял беду, Нагонял беду.",0.0
"Насну, самик смарок вспомпун.",0.0
"Не приду, больше не приду.",0.0
"Скажи, мы так подходим друг к другу, у меня же неловко.",0.0
"Мы так подходим друг к другу, у меня же неловко.",0.0
"Ты любишь 90-е, я родился в 90-х. Ладно, давайте, Людмила.",0.0
"Все, пока.",0.0
До связи.,0.0
"Нет, куда?",0.0
"Ну, обниму.",0.0
Сейчас я Людмилке-то пойду.,0.0
А вы в меня влюбились?,0.0
Ты мне просто понравился.,0.0
Пока.,0.0
Пока.,0.0
"Но реально это сложнее, чем на шоу каком-нибудь с ними разговаривать.",0.0
Сейчас 40 человек выйдет из одной машины.,0.0
"Мужики, здорово!",0.0
"Можете обратно уезжать, тут нечего делать.",0.0
А сколько вас?,0.0
Вы заканчиваетесь вообще?,0.0
Ты самый главный!,0.0
"И что, ребята?",0.0
"Он один будет толкать, да?",0.0
Я себя еще никогда не чувствовал.,0.0
"Быстрее поезд, чем они.",0.0
"Я думаю, все понятно.",0.0
"Пацаны, Ванга, уберите его из команды, это Ки.",0.0
Я в команде один из сильнейших.,0.0
"Хотите сказать, я вот так же выгляжу в вашей команде?",0.0
Да вы что?,0.0
"Ну что, вот это теперь интереснее.",0.0
"Пацаны, все силы, блядь, что есть, они должны закончиться сегодня.",0.0
И сейчас!,0.0
Вы готовы?,0.0
Да!,0.0
"Задача, чтобы колеса пересекли зеленую линию!",0.0
"Надо чуть, чтобы он вперед проехал, там на тормоз он заехал.",0.0
"Назад, точнее.",0.0
"Пацаны, надо обратно его толкнуть чуть-чуть.",0.0
"Станы, толкайте назад.",0.0
"Давай, мужики!",0.0
Нормально.,0.0
"Подожди, сейчас уверенности дало, что это возможно.",0.0
"Пацаны, он поедет просто как масло.",0.0
Он просто полетит сейчас.,0.0
"Ребята, ну что, готовы?",0.0
По моей команде.,0.0
Ногами уперлись.,0.0
Локомотив здесь.,0.0
Локомотив на месте.,0.0
"Давай, давай.",0.0
Давай.,0.0
"Убирайтесь, убирайтесь!",0.0
"Ошел, пошел!",0.0
"Не падаем, не падаем!",0.0
"Разогнались, разогнались!",0.0
"Пошли, побежали!",0.0
"Бежать, бежать, бежать!",0.0
"Быстрее, быстрее!",0.0
"Быстрее, быстрее!",0.0
Давай!,0.0
Быстрее!,0.0
"Он в тормоз, в тормоз ударил.",0.0
37 секунд!,0.0
Хорош!,0.0
"А что, все?",0.0
Что-то вообще не буду делать.,0.0
"Ребята, я скажу так.",0.0
37 секунд это хороший результат.,0.0
Но готовьте.,0.0
Вторым легче.,0.0
Потому что у вас будет перетягивание поезда.,0.0
Мы друг против друга будем тянуть.,0.0
"Что-то вообще легко, да, пацаны?",0.0
Да.,0.0
"А я испугался, подумал, блядь, мы может остановить его не сможем.",0.0
"Было легко, мы разогнались, он все, ву-ву-ву.",0.0
"Когда по тормозу ударили, я испугался, думал, задавили кого-то.",0.0
Мы той старой командой бы его так же потянули.,0.0
По ощущениям?,0.0
"Ну, по ощущениям...",0.0
По ощущениям пошел ты нахуй.,0.0
"Легко было, мне интересно, как они сейчас потянут.",0.0
"Короче, они потянули за 37 секунд, нужно быстрее.",0.0
Какой-то у них слабенький.,0.0
Только они в два раза больше у нас.,0.0
"Пацаны бравые, уважение надо выказать тоже.",0.0
Здорово.,0.0
Видели мышцы.,0.0
"Что-то есть спортивное, ребята.",0.0
"Со стороны не скажешь, а что-то есть в них спортивное, какой-то секрет.",0.0
Вот это Халк.,0.0
"Привет, Илья, Эксайл.",0.0
"А, это цель тяжелее, чем я, братан.",0.0
Что такое 52?,0.0
"Давай, это мой кент.",0.0
"Вот и обижать, не обижайся.",0.0
"Пока лучше газ не держать, а то они сейчас за 25 секунд пройдут.",0.0
"Мужики, а можно узнать вот просто по очереди, по силовым вот так вот?",0.0
"Кто сколько приседает, тянет?",0.0
"Или по слабовым, как у вас там.",0.0
У кого сколько приседает?,0.0
"Ну, может, 200 присяду сейчас.",0.0
Да.,0.0
У тебя сколько приседает?,0.0
"Пацаны, 320.",0.0
В компьютерной игре какой-то?,0.0
"Нет, в компьютерных игр.",0.0
Патч уже сорвать пора.,0.0
Я для силы наделал.,0.0
Есть кто 300 приседает?,0.0
"Да, у вас в команде есть.",0.0
"Нет, у нас 400 приседает.",0.0
У нас таких силовиков нет.,0.0
У нас больше силовая выносливость и где-то средний вес.,0.0
Вот мы и сравним.,0.0
А какой спорт у кого?,0.0
"Кроссвит, но больше всего.",0.0
"А, вы выносливый получается?",0.0
"Можете сказать, что да.",0.0
Долго можете его так сказать?,0.0
"Ну, относительно.",0.0
"Короче, 10 минут под нагрузкой мы прям можем серьезно работать.",0.0
Тут надо где-то 38 секунд под нагрузкой.,0.0
"Не, желательно меньше, чем 37.",0.0
"Зорваться, да, в нашей истории.",0.0
Опа.,0.0
Звучит.,0.0
Хороший путь к победе.,0.0
Это можно очень буквально воспринимать.,0.0
"У нас есть хороший заряд энергии, так сказать, в нашей команде.",0.0
"Сколько их 11, я тоже буду тянуть.",0.0
"Ради бога, Илюх.",0.0
"Чтобы вы понимали, пацаны, у нас на сигарете наши участники.",0.0
Перетягивают вас просто на сигарете.,0.0
"Что, может, воорем?",0.0
Порем.,0.0
"Давай, раз, два, три.",0.0
"О, это мой мой дух.",0.0
Орать мы умеем.,0.0
Ну это все.,0.0
Ну да.,0.0
"Да, мужики, орать не поезда тягать, как говорится.",0.0
Да.,0.0
"Пацаны, погнали?",0.0
Нет шансов у них.,0.0
Обогнать у них нет шансов.,0.0
"Все мужское есть на планете, которое у меня за всю жизнь мою будет.",0.0
"Вот от рождения моего, да и до самой смерти все мужское, что существует, сейчас ставлю на то, что быстрее нас они не потянут.",0.0
Мне куда эффективнее всего будет стать.,0.0
"Пацаны, зрелы, это экстремально вообще.",0.0
"Поставьте подписку, бля.",0.0
"Они такие, понял, как секретные персонажи.",0.0
"А, слышишь, это может одна команда по какой-то дисциплине.",0.0
"Типа одна команда по кроссфиту, понял, большая, которая выступает, гераклеон там что-то.",0.0
Это одна команда.,0.0
"Они могут нас взять тем, что они уже сплоченные работают.",0.0
Если они в кроссфите долго...,0.0
"Ну, это как будто самый крепкий, это вот в красной шапке, мне кажется.",0.0
"Он, во-первых, вышел...",0.0
"Думаешь, он специально вы...",0.0
"Кто досмотрел до этого момента, напишите 52 в комментарии.",0.0
"Ребят, все услышали?",0.0
Концентрироваться и не скользить.,0.0
"Мужики, а вы с одной командой все или только здесь познакомились?",0.0
Мы знаем друг друга.,0.0
А у вас команда по кроссфиту профессионально выступает?,0.0
Вортекс смотрел.,0.0
Силовой кроссфит с зарубами 1 на 1. из одной тусовки.,0.0
То есть вы сплоченные в целом?,0.0
Да.,0.0
Можно так сказать.,0.0
"А что, съемка идет уже?",0.0
"Нет, это не съемка, это он просто тренируется.",0.0
Загревает аппарат.,0.0
"Ну что, подпишитесь.",0.0
Есть какая-то опасность?,0.0
"Посмотрите на нас, у них нет шансов.",0.0
"Не могу успокоиться, один позитив.",0.0
"Чуть натяг дайте, кто трясет.",0.0
"Да, дай вам натяг.",0.0
А каков шанс обосраться?,0.0
"Ну, смотря как ты будешь напрягаться.",0.0
"А, если ты просто на релаксе рядом подошуешься с нами, это будет нормально.",0.0
"Мужики, удачи!",0.0
У вас получится.,0.0
Нам она не нужна.,0.0
"Ванк, если сейчас начнете тянуть, падаешь, пять тысяч даю.",0.0
Да?,0.0
"Да ладно, я не предам свою команду.",0.0
"Чуть-чуть, Ваня.",0.0
"Ванк, если не падаешь, от каждого из нас леща.",0.0
Что-то засада какая-то.,0.0
У всех есть натяг?,0.0
Да.,0.0
"Вань, отсчитай.",0.0
"Натяга нет, натяга нет.",0.0
"Погнали, давай, давай, давай.",0.0
"Давай, давай.",0.0
"Не торопитесь, не торопитесь.",0.0
"Тормози, тормози.",0.0
"Давай, давай.",0.0
"Давай, давай, давай.",0.0
"Тащи, тащи.",0.0
"Стоять, стоять, стоять.",0.0
"Стоп, стоп.",0.0
Давай к тебе тоже.,0.0
"Это хуйня, пацаны, это хуйня.",0.0
Сколько?,0.0
Вот она команда.,0.0
Какой результат?,0.0
15 секунд там было.,0.0
Ванк чуть не сдох.,0.0
"Все нормально, все нормально.",0.0
"Не, я вообще на лазе.",0.0
"Там эти все тянут, а у меня почему-то на тяга не было толком.",0.0
Я просто бежал.,0.0
Скажите время.,0.0
Время идет.,0.0
Ваше время еще идет.,0.0
Финиш не пересечен.,0.0
"Подожди, Илюх, смотри.",0.0
"У вас быстрее, у вас 33 секунды, мужики.",0.0
Да.,0.0
"Смотри, у нас поезд шел до сюда.",0.0
"Ну, нелогичнее будет сделать так, чтобы передние колеса вагона и у вашей, и у нашей команды должны просто пересечь линию.",0.0
"Ну, так как будто правильно.",0.0
"Так изначально должно было быть, просто мужики кинули тормоз, типа раньше.",0.0
"Вот, давайте сделаем так.",0.0
"Ну, согласны же, да?",0.0
Просто передние колеса должны пересечь полосу.,0.0
"Пусть эту полосу можно сдвинуть сюда, но как только передние колеса...",0.0
"По ней проезжается, все, сразу тормоз кидает.",0.0
"Обидно, да, проигрывать?",0.0
"Нет, смотри, просто, как только, как только, как только колеса просто пересекают зеленую линию, тогда стоп.",0.0
Ну так изначально и должно быть.,0.0
Так вот так и должно быть.,0.0
"Нет, смотри, либо мы решаем все на перетягивание.",0.0
Давай.,0.0
"И Фран выйдет с перетягивания со мной, мы будем, как это, на комментирование.",0.0
Потому что изначально должно было 10 человек.,0.0
"Мы сейчас, если будем тянуть...",0.0
"Нам надо понять, как мы это будем делать по построению.",0.0
Потому что здесь это уже важно.,0.0
Здесь каждый элемент важен.,0.0
"Каждая остановка, каждое падение, все это может сбить общую волну.",0.0
"Мы либо резко рвем в сторону, и все вот так вот идут, и мы этим перетягиваем.",0.0
"А если мы не справимся, нас могут потащить.",0.0
"Да, да, нас могут потянуть.",0.0
"У меня для тебя есть предложение, очкарик.",0.0
А для меня?,0.0
Ты идешь на хуже.,0.0
"Смотри, у меня есть вот эти деньги.",0.0
"По сути, они твои.",0.0
Ну.,0.0
"У меня для тебя есть, знаешь, double on nothing.",0.0
"Есть третий раунд, в который вы не играли.",0.0
"Если ты, давай так, за полторы минуты времени.",0.0
"Не, давай.",0.0
"Не, это ты начал что-то.",0.0
Давай деньги.,0.0
"Давай, смотри, у тебя есть пять минут.",0.0
"Если ты за пять минут словишь 10 человек, которые здесь бегают, это не спортсмены какие-то там.",0.0
"Ну, один из них я.",0.0
"Смотри, я тебе что предлагаю?",0.0
Вот есть вот эти деньги.,0.0
"Ты уже победитель, ты уже крутой чел.",0.0
Ты уже непобедимый в Мике.,0.0
"Тот самый, который Маус.",0.0
У тебя есть 5 минут времени.,0.0
На площадку выходит 10 человек.,0.0
"Если за 5 минут ты их всех салишь и перчишь, то эта сумма умножается на 2.",0.0
И ты зарабатываешь 100 тысяч.,0.0
"Если ты этого не делаешь, то сумма сгорает.",0.0
Что выберешь?,0.0
Пан или пропал?,0.0
Но с одной стороны...,0.0
"Двушка на моем балансе в Сбербанке говорит, забрать эти деньги сейчас и не выебываться.",0.0
Но с другой стороны.,0.0
Давай мы их сюда пригласим?,0.0
"Да, и я пойму.",0.0
А можем пригласить сюда наших?,0.0
"Если там азиаты есть, я не участвую.",0.0
Они ловкие и маленькие.,0.0
Не поймаешь.,0.0
Сейчас выходит Усейн Болт.,0.0
Давай просто играй.,0.0
"Если я пять минут бегаю и не останавливаюсь, сам просто здесь вокруг, то я выиграл.",0.0
Вот они.,0.0
Доделай.,0.0
Это вообще песня.,0.0
"Вам повезло, что я согласился.",0.0
Вы бы даже не вышли в кадр.,0.0
Да они ловкие типы.,0.0
"Все еще мужчины, блядь.",0.0
"Или здесь есть не мужчины, блядь.",0.0
"Ладно, извините.",0.0
"Или здесь есть не мужчины, блядь.",0.0
Среди вас есть мужчины.,0.0
"Я согласен, но тогда другие правила.",0.0
"Ты даешь нам меньше времени, но он со мной бьется.",0.0
"И я ему пятак отстегиваю, если я выигрываю.",0.0
Опа.,0.0
Вот это уже другой разговор.,0.0
Три минуты.,0.0
"Когда два антагониста соединяются в команду, вы сами понимаете, что происходит.",0.0
"Нет, тогда две с половиной минуты времени, друзья.",0.0
Заткнись.,0.0
Хватит.,0.0
"Да ладно, извините.",0.0
Две с половиной.,0.0
"Две с половиной, ты заканчиваешься за 30 секунд.",0.0
Остальные полторы минуты я буду бегать.,0.0
"Нет, подожди, две с половиной-то очень мало.",0.0
Да.,0.0
Постыкая площадка.,0.0
Они уже полплощадки заняли.,0.0
Нам просто вот так ходить.,0.0
"Не, брат, ты ошибаешься.",0.0
"Я видел, где тип догоняют.",0.0
"Мистера Биста, он догнал только шесть человек.",0.0
Чемпион мира.,0.0
По салкам.,0.0
Это правда.,0.0
Нам нужна тактика.,0.0
"Я вот, типа, загоняющих, а ты просто стоишь и их просто ловлю вон там.",0.0
"Ну, как-то так.",0.0
"Просто надо придумать такие правила, чтобы мы точно победили, потому что у меня нахуй денег нет.",0.0
Я не как-то и не блогер.,0.0
"Черт возьми, они что-то заговаривают.",0.0
Чуть больше времени нет.,0.0
Тридц минут и три человека против нас.,0.0
Два раунда по полторы минуты.,0.0
Что поддышаться можно было.,0.0
Если ты сможешь туда залезть.,0.0
"Давай, если я залазил туда.",0.0
Залазишь туда?,0.0
Да.,0.0
Я не...,0.0
Тебе за это ничего не будет.,0.0
Обратная перемотка с ума включилась.,0.0
Да.,0.0
Это была не обратная перемотка.,0.0
"Я согласен только, если, ну, будет перерыв.",0.0
Я не смогу.,0.0
Так вы используете тактику.,0.0
"Постоянь, они сейчас два шага сделают, задышка будет.",0.0
Это аж кьюди-бой.,0.0
Каждый второй.,0.0
"Поднимите руку, кто курит.",0.0
HQD.,0.0
Зато честно.,0.0
А кто сигареты?,0.0
"Среди вас что, только два натурала?",0.0
"Смотрите, да.",0.0
"Если вас засалили, вы сразу убегаете.",0.0
"То есть, ну, за линией.",0.0
"Ну, короче, да, если засалили, прям побыстрее, просто как можно дальше за квадрат.",0.0
Желательно домой и прям включай этот ролик и смотри уже дома.,0.0
"Еще раз, вы будете одновременно?",0.0
Да.,0.0
"Да, и у нас три минуты.",0.0
Две с половиной?,0.0
"Три минуты, блядь.",0.0
Их до блядя человек.,0.0
Это банальная математика.,0.0
"Пацаны, я тебе изначально дал пять минут времени, вас двое, соответственно, пополам делим, все честно.",0.0
"Похуй, тогда несгораемая сумма 10 тысяч нам по пятаку, если мы...",0.0
Хорошо.,0.0
Нормально.,0.0
"Блядь, мало сказал.",0.0
"Все это похуй, а миллион на счету.",0.0
"Они, кстати, прикиньте, они настолько тиммейты, что они вдвоем даже тэквондо занимались.",0.0
Да.,0.0
"Подожди, нельзя было вам изучать площадку.",0.0
Можно изучать вам площадку?,0.0
"Мы заебёмся, мы заебёмся, мы просто заебёмся.",0.0
"Там паркури, блядь, он кто?",0.0
Вышел охотник.,0.0
Он только что манки сделал через весь бокс.,0.0
Что?,0.0
Ещё раз покажи.,0.0
Покажи ещё раз.,0.0
"Вон тот, усатый.",0.0
"Он с наколенником, друзья.",0.0
Покажи ещё раз.,0.0
Сделай.,0.0
"Может это он, мил?",0.0
"Хорошо, стой.",0.0
Мы уже согласились.,0.0
"Три минуты, ты сам идёшь.",0.0
"Я что, я от своих слов откажусь, я же не мужчина, блядь, мы их положим.",0.0
"Если вот этот за линию заступает, сразу...",0.0
Он твой родственник?,0.0
"Пацаны, ты за мужской мебель, вот это не говори.",0.0
"Да, говорил.",0.0
Ты что?,0.0
"Я первым делом бегу, ставлю диван.",0.0
"Пацаны, если что, они могут использовать мебель.",0.0
И вы тоже можете использовать.,0.0
Вот это опасный колор.,0.0
"Они бы подсказнулись и разбили голову, зачем ты убрал?",0.0
"Давайте, друзья.",0.0
Разминочка.,0.0
"Baby girl, baby girl.",0.0
Вы начинайте все вот на том кубе и в рассыпную.,0.0
"Пацаны, я вас просто так предупреждаю, горят бабки, блядь.",0.0
По-братски.,0.0
"По-братски, вот это значит, как Миша говорит.",0.0
"По-братски, друзья.",0.0
У меня хватит на минуту прям.,0.0
"Давай, кто из пацанов подпишет.",0.0
"Пацаны, по 250 рублей каждому, если догоняем вас.",0.0
"Давай по десятке, типа.",0.0
Пацаны!,0.0
Немножко мотивации.,0.0
"Если вы останьтесь, то есть если вас не засалят, десятку.",0.0
"Вы сгорели, сгорели.",0.0
"Хорошо, было.",0.0
"Не, вообще, я понял, я логику понял.",0.0
"Я сейчас бегу сразу, вот, преимущественно, в тот край.",0.0
В тот.,0.0
Понял?,0.0
Вверх за ним.,0.0
"А ты туда, и все.",0.0
Ты сейчас сразу человек.,0.0
"Что, вы готовы?",0.0
Да.,0.0
Да.,0.0
"Сейчас, дайте засеку.",0.0
Две с половиной минуты.,0.0
Что ты там про даймаут говорил?,0.0
Две сорок пять.,0.0
Да я через минуту пошлю.,0.0
Пацаны.,0.0
"Вот я, я даю 2,45.",0.0
Найс.,0.0
"Я даю 2,45.",0.0
"Никаких, нахуй, склеек, монтажевых и вот это.",0.0
"Братья, сражайтесь.",0.0
Продержитесь.,0.0
Меня прогнули на 15 секунд.,0.0
Давайте.,0.0
"Раз, два.",0.0
"Раз, два, три.",0.0
Три.,0.0
За линию вылетел маркурист.,0.0
"Четыре, пять.",0.0
Вот этого докоснулся.,0.0
Да что за хуйня.,0.0
Докоснулся там до одного.,0.0
С двух сторон.,0.0
Туда.,0.0
Давай туда.,0.0
"На, все, нету больше.",0.0
"Вы понимаете, почему вы в синих перчатках, а мы в зеленых.",0.0
"Я был в синих, когда был неизвестным.",0.0
"Зачем я на это согласился, потому что они вдвоем это делали.",0.0
Илюх.,0.0
"Скорую, скорую.",0.0
"Врача, врача, зовите врача.",0.0
Когда паркурист просто за линию выпал.,0.0
"Не, я коснулся.",0.0
"А, тебя косулись?",0.0
Это было катастрофически быстро.,0.0
Я вручаю тебе торжественно.,0.0
"Нет, нет, нет.",0.0
Это мне.,0.0
"Подожди, ты получаешь 95, забираешь вам 5?",0.0
Да.,0.0
Как и договаривали.,0.0
"О, а я через себя сальто.",0.0
"Тихо, тихо, ты там не...",0.0
Чего ты делаешь?,0.0
Это наша Тима.,0.0
Чем он мне жопу задел?,0.0
Я вот так...,0.0
"Ну что, я поздравляю тебя с победы.",0.0
"45 переведу, ну, возможно, в рюкзаке просто возьму, там есть.",0.0
Хорошо.,0.0
"Пацаны, без вас, ну понятно, мы вы***мся, спасибо каждому, реально, что смотрите, что из-за вас он богат, а я не***я.",0.0
"Спасибо каждому, пацаны, реально.",0.0
"Крупно каждого с ними, это лизо, запомните их.",0.0
Хорошая концовка.,0.0
"Сначала они были врагами, но потом стали союзниками.",0.0
И немного нечестно разделили деньги.,0.0
Ну как-то мы очень быстро их догнали.,0.0
Очень быстро их догнали.,0.0
Там в угол я четырех сразу...,0.0
"Они мне качали за 15 секунд, б***ь.",0.0
Ну мы на всякий случай торговались.,0.0
Вы их словили?,0.0
Сейчас я скажу.,0.0
За...,0.0
"Те, за которые торговались, за столько их словили.",0.0
За 25.,0.0
"За 27, если быть точным.",0.0
"Вам надо кого-то поймать, Микки Парадеевич.",0.0
Ловцы.,0.0
"Ну что, в этом противостоянии победил Микки.",0.0
"Я поздравляю, и он еще забрал удвоенный приз.",0.0
"Думал, я тебя догонять буду.",0.0
"Я бы в нули, но...",0.0
"Ну, справлюсь ради, он тоже человек.",0.0
Ну да.,0.0
"Не, когда он сдыхать через 20 секунд начал, я думаю, о, победа.",0.0
Давай бонус-раунд.,0.0
Что?,0.0
"Ты один, без времени, без ограничения.",0.0
Против 10 пацанов.,0.0
Да.,0.0
И ты можешь выиграть вот это.,0.0
"В ТГшечку, Илюх.",0.0
"Давай, давай, давай, давай, давай.",0.0
"Илюх, в ТГшечку.",0.0
"Пацаны, я поломанный, но как делать это здесь?",0.0
ТГшечку давай.,0.0
"Давайте, друзья, этот раунд вы увидите меня в Телеграм-канале.",0.0
"Спасибо, Александр, за эту инициативу.",0.0
"Это испытание окончено, а мы переходим к следующему.",0.0
"Я не знаю, что там происходит.",0.0
Вдруг это финал.,0.0
Оставайтесь.,0.0
"Ю-у-у, я, бле, меня, я же выиграл Формулу-1.",0.0
Это не как в Формуле.,0.0
А сколько у вас человек?,0.0
Десять.,0.0
Поделитесь.,0.0
Снято?,0.0
Теперь нечем кредит будет закрывать.,0.0
"Как поздороваюсь, интересный я.",0.0
Можешь открывать глаза.,0.0
Привет.,0.0
Привет.,0.0
Милашка.,0.0
Как зовут?,0.0
Татьяна.,0.0
"Татьяна, а мне мама зовут Ирина.",0.0
Все имена хорошие женские.,0.0
"Да, но не все.",0.0
Почему?,0.0
Какие?,0.0
Феклы не нравятся?,0.0
Дунька?,0.0
Нет.,0.0
"Мне кажется, плохое имя женское, например, Артур.",0.0
Чем занимаетесь?,0.0
Сейчас актер массовых сцен.,0.0
А я рыбак.,0.0
Я рыбак.,0.0
Хороший улов.,0.0
Никогда не любила.,0.0
Кого?,0.0
Рыбач.,0.0
Да я не рыбак.,0.0
Я рыба.,0.0
А что вы любите вообще?,0.0
А я рак.,0.0
Вы рак?,0.0
Да.,0.0
Зачем так пошло?,0.0
"Ладно, на самом деле у меня знак зодиака дельфин.",0.0
На самом деле у меня знак зодиака дельфин.,0.0
Дельфин?,0.0
Дилблин.,0.0
"Дельфин говорит, делблин.",0.0
Это что такое?,0.0
У вас нет делблина?,0.0
Это гороскоп Никарагуа.,0.0
Это гороскоп такой.,0.0
"Да, не слышал.",0.0
В Никарагуа.,0.0
В Никарагуа.,0.0
"Ну, тем более в Никарагулу.",0.0
У вас есть какое-нибудь хобби?,0.0
Хобби?,0.0
"Вижу, вот сама вижу.",0.0
Реально?,0.0
Да.,0.0
Вы хорма?,0.0
Кашемир вижу.,0.0
Кашемир.,0.0
А я люблю больше мохер.,0.0
Мохер?,0.0
"О, ну противно.",0.0
Вам нравится мохер?,0.0
Мохер мне нравится.,0.0
"Скажи, вы выглядите как потолок в Rolls-Royce.",0.0
Вы выглядите как потолок в Rolls-Royce.,0.0
Это что такое?,0.0
Это тачка дорогая.,0.0
"Да, спасибо.",0.0
Там потолок как звезды блестит.,0.0
Спасибо.,0.0
У вас блестит кофта ваша.,0.0
Прикольно.,0.0
Можно и ослепнуть так.,0.0
"Да ладно, шучу, я слепой.",0.0
Ладно.,0.0
"Шучу, я слепой.",0.0
Почему вы сюда пришли?,0.0
"Как вы считаете, он...",0.0
Пошути шутку.,0.0
Вы хорошо слышите?,0.0
Мне тут про вас сказали.,0.0
Про меня говорили?,0.0
Да.,0.0
Что у вас все смеют.,0.0
Что?,0.0
"Я говорю про вас ходит слух, что вы хуже слышите остальных.",0.0
Я почему-то очень люблю эту штуку.,0.0
Не страдаю.,0.0
Вы же не услышали.,0.0
"Ну потому что у вас брекеты, вы немножко шепеляете.",0.0
Вы верите в любовь с первого взгляда?,0.0
Верите в любовь с первого взгляда?,0.0
"Наверное, нет.",0.0
А со второго?,0.0
"Со второго, может быть.",0.0
Второй взгляд.,0.0
"Второй взгляд, ну, хороший мальчик.",0.0
"Если, например, допустим, в параллельной вселенной мы вместе будем проводить время, сможем ли мы моими хобби заниматься тоже?",0.0
"Ну, смотря какие хобби.",0.0
"Ну, в КС-очку гонять.",0.0
Это что такое?,0.0
На Дастик.,0.0
Это что такое?,0.0
Клач.,0.0
Компьютерная игра такая.,0.0
"Нет, я не люблю компьютер.",0.0
"Ну, нет, ради второй половинки вы разве не будете играть?",0.0
Не буду никогда.,0.0
В КС-очку?,0.0
Ни во что не буду.,0.0
"Скажи, вот я бы с вами повязал бы вместе.",0.0
"Просто вот, условно, я с вами бы просто, чтобы вам было приятно, согласился бы вязать или там морковку чистить.",0.0
Морковку я не люблю чистить.,0.0
Я вообще сейчас не готовлю.,0.0
Ну какие-то у вас хобби.,0.0
"Вязать, что еще?",0.0
Танцевать.,0.0
"Ну давайте, я буду прижать его и аплодировать.",0.0
Давайте.,0.0
"Нет, музыки не хватает.",0.0
Как музыку зададите аплодисментами.,0.0
Робот.,0.0
"Немножко получается, да.",0.0
"Не как Майкл Джексон, но ничего.",0.0
"У меня есть друг, Педиди зовут.",0.0
Как?,0.0
Педиди.,0.0
Интересное имя какое.,0.0
"Он зовет меня на вечеринку, мне не с кем пойти.",0.0
Пойдете со мной?,0.0
"На вечеринку нет, я люблю поспать.",0.0
"Там можно поспать, там огромная кровать, все спят.",0.0
"Нет, а смысл ходить, когда я дома.",0.0
Я люблю...,0.0
Приятно познакомиться.,0.0
"Ой, и мне тоже очень.",0.0
Да?,0.0
"Надеюсь, вас никак ничем не обидело.",0.0
"Нет, нет, все прекрасно.",0.0
Очень позитивный молодой человек.,0.0
"Правда, у меня просто проблемы с самооценкой, очень уверен в себе.",0.0
Да ладно.,0.0
И не видно.,0.0
Можете меня как-то комплиментом каким-то поддержать?,0.0
Больше улыбайтесь.,0.0
Больше улыбайтесь даже.,0.0
"Нет, такое выражение лица не надо делать.",0.0
Надо доброе делать.,0.0
"Нет, ну, как вы со мной общались, было очень прекрасно.",0.0
"Нет, нет.",0.0
А как мне улыбаться?,0.0
Вам не нравится?,0.0
Специально не надо улыбаться.,0.0
Это от души все.,0.0
Прекрасно.,0.0
Прекрасно.,0.0
Все.,0.0
"Говоришь, привет, что у тебя на голове?",0.0
"Может быть, присядем на мою тахту?",0.0
Привет.,0.0
А что у тебя на голове?,0.0
"Ой, неловкая ситуация.",0.0
"Кажется, я забыла снять бигуди.",0.0
"Блин, так забавно.",0.0
Не поможешь мне снять их?,0.0
Давай.,0.0
"Мне кажется, это сближает даже.",0.0
С бигуди снимай.,0.0
Это нас сблизит.,0.0
"Я, кстати, люблю очень открытки в WhatsApp на празднике.",0.0
Открытки?,0.0
Да.,0.0
"Да, открытки это приятно.",0.0
Давай вместе снимем.,0.0
Только волосы.,0.0
"Ай, Андрей, это, пожалуйста.",0.0
"Ну, пусть аккуратно снимает.",0.0
"Ну, сними аккуратно.",0.0
"О, топовая прическа.",0.0
Нормально?,0.0
Да.,0.0
Просто я последний раз Бигуди видел в фильме 70-х годов.,0.0
"Да, мы такие.",0.0
"Ну, неправда, я сегодня в Бигудях была.",0.0
Сколько тебе?,0.0
А дай угадаю.,0.0
16?,0.0
Нет.,0.0
17?,0.0
70?,0.0
56. 56?,0.0
А сколько 4 года назад было?,0.0
52. Да здравствует Санкт-Петербург.,0.0
Да здравствует Санкт-Петербург.,0.0
Почему?,0.0
Просто.,0.0
А ты был в Питере?,0.0
"Конечно, я там вырос.",0.0
На 2 сантиметра?,0.0
На 2 сантиметра примерно.,0.0
"Хотел тебя спросить, нахера вы пульт в упаковку засовываете?",0.0
Я не понимаю тебя.,0.0
"Нет, вот в пульт и в полиэтилен вот так засовываете.",0.0
"Ну, например, если пульт на кухне, чтобы он не испачкался.",0.0
"Там жаришь, паришь.",0.0
"Ладно, Андрей, сделай добрый вайп.",0.0
Давайте друг другу по очереди по комплименту говорить необычно.,0.0
У вас классные сандалии.,0.0
У тебя классные сандалии.,0.0
Сандалии.,0.0
А у тебя брекеты.,0.0
А у тебя сиськи.,0.0
Продолжаем комплименты?,0.0
"Да, да.",0.0
"Нет, отмена, отмена, отмена, отмена.",0.0
"Не надо, Андрей, пожалуйста, моляйте.",0.0
А у тебя...,0.0
Ты занимаешься спортом?,0.0
Физкультурой.,0.0
Иногда.,0.0
"Нет, нет, нет.",0.0
"Я не знаю, как сказать тебе.",0.0
"Нет, нет, нет, нет, нет.",0.0
Ты очень клево выглядишь.,0.0
Да.,0.0
"Но это потому, что я занимаюсь физкультурой.",0.0
Как же он подводит.,0.0
"И вегетарианка, да?",0.0
"Нет, я очень люблю мясо.",0.0
"Нет, нам для видео надо сказать, что ты не любишь мясо.",0.0
"Да, мясо это очень тяжело.",0.0
Мясо это противная гадость.,0.0
Вегетарианцы секси.,0.0
"Ну, возможно, да.",0.0
"Нет, надо сказать прям, вегетарианцы секси.",0.0
"Да, вегетарианцы это...",0.0
Секси.,0.0
Клевые парни.,0.0
У вас есть любимые исполнители?,0.0
Исполнитель чего?,0.0
"Вот смотришь на нее и говоришь, вот исполняет.",0.0
У меня вот Литвин.,0.0
Литвин?,0.0
А кто это?,0.0
Он исполнитель.,0.0
В натуре.,0.0
Я не знаю.,0.0
"Сейчас исполнил, сидел 13 дней.",0.0
Исполнитель песен?,0.0
"11, кстати.",0.0
"Ну, это просто завазятор.",0.0
Завазятор?,0.0
Есть такие?,0.0
"С эстрады, кто любимый ваш?",0.0
"Ну, я не знаю, кто любимый.",0.0
"Ну, Басков прикольный.",0.0
Прикольный?,0.0
"Ну, он там типа шутит все время.",0.0
А я с Дани Милохиным знаком.,0.0
"Не, он мне не очень.",0.0
Мне тоже.,0.0
Какой у тебя любимый фильм?,0.0
Фильм?,0.0
Да.,0.0
"Ну, у меня много.",0.0
Все такие старые фильмы.,0.0
"Ну, старые-то я знаю.",0.0
Какие?,0.0
А из каких-то...,0.0
"Если из каких-то сериалов мне иногда включишь, вот и мне нравится этот...",0.0
Секс в большом городе.,0.0
"Нет, я никогда не смотрела.",0.0
Секс в большом городе?,0.0
Никогда.,0.0
Посмотри.,0.0
Я не люблю иностранные фильмы.,0.0
Из иностранных фильмов я очень мало смотрела.,0.0
"Наверное, ты такие не смотрел.",0.0
Ты смотрел фильм «В постели с врагом»?,0.0
Нет.,0.0
Вот посмотри.,0.0
Я один смотрел только фильм.,0.0
Какой?,0.0
Один?,0.0
"В смысле, иностранный фильм один?",0.0
"Я имею в виду, что «В постели с врагом» я не смотрел фильмы.",0.0
Один только.,0.0
Один?,0.0
Дома?,0.0
Или «В постели с девушкой»?,0.0
Один дома?,0.0
"Ну, красотку смотрел, например.",0.0
Смотрел.,0.0
Ну вот посмотри «Теперь в постели с врагом».,0.0
"А мне врага, что ли, позвать?",0.0
Как мне с него в постели с врагом посмотреть фильм?,0.0
"Нет, ты меня спрашиваешь, какой твой любимый фильм?",0.0
Смотрела ли ты «Цель в большом городе»?,0.0
"А я говорю, из иностранных фильмов я мало что смотрела.",0.0
А что смотрели?,0.0
Ну вот «В постели с врагом».,0.0
Какой фильм?,0.0
Я смотрела его одна.,0.0
Фильм называется «В постели с врагом».,0.0
То есть не одна?,0.0
А чего он вам насадил?,0.0
Есть такой старый анекдот.,0.0
Сейчас.,0.0
А вас?,0.0
"Меня Николай Степанович, а вас?",0.0
Вот так же у нас получается.,0.0
А в ас?,0.0
А в ас?,0.0
А в ас?,0.0
А в ас?,0.0
А в ас?,0.0
А в ас?,0.0
А знаете такой анекдот про Николая Степановича и о вас?,0.0
Нет.,0.0
Не знаете?,0.0
Нет.,0.0
"Ну расскажите, пожалуйста.",0.0
Можете рассказать?,0.0
"Только сейчас, секунду.",0.0
"Свет, можете чуть приглушить, пожалуйста?",0.0
Я здесь главный.,0.0
"Да, я поняла.",0.0
"Можете включить обратный свет, пожалуйста?",0.0
Включите обратный свет.,0.0
"Можете выключить свет, пожалуйста?",0.0
Выключите свет.,0.0
"Хотя нет, включите.",0.0
Сейчас техническая часть.,0.0
"Выключите свет, или я вас всех уволю.",0.0
"Вот так, рассказывайте.",0.0
"Я сначала не помню, там суть в том, что...",0.0
"Извините, пожалуйста, вы дебилы.",0.0
Можете свет включить?,0.0
Просто неуважение какое-то.,0.0
"Может, не надо тогда рассказывать?",0.0
Что-то не идёт анекдот.,0.0
Ну ладно.,0.0
А вы не смотрели фильм в постели с врагом?,0.0
Вы смотрели фильм в постели с врагом? имя такое есть о вас а он думает о вас как будто дом собственно и мадам из экстрасенсов вы верите в призраков вы верите в призраков теперь уже нет есть умные люди в этом мире которые мне развеяли.,0.0
Как вам видео?,0.0
Замечательно.,0.0
Я утром проснулась практически звездой.,0.0
Мне в первую очередь позвонили племянники.,0.0
"Света, что ты делаешь в моем ТикТоке?",0.0
Что за фамильярность?,0.0
"Света, что ты делаешь?",0.0
Племянники?,0.0
Да.,0.0
А как учиться?,0.0
У кого?,0.0
У меня?,0.0
"Светлана Викторовна, должны были сказать.",0.0
"Светлана Викторовна, вы в ТикТоке.",0.0
Серьезно?,0.0
Подруги дочери как должны были сказать?,0.0
Подруга нашей матери.,0.0
"Мать нашей подруги, да, хотел сказать?",0.0
Да.,0.0
Но тебя они тоже узнали.,0.0
"Там про нас писали, что мы как пара выглядим.",0.0
Да?,0.0
Видели это?,0.0
"Я видела, да.",0.0
Чувствовали химию между нами?,0.0
Чувствовали химию между нами?,0.0
Точно.,0.0
"Я думаю, что происходит?",0.0
Химоза.,0.0
Химоза?,0.0
Химоз.,0.0
Вы любите романтические свидания?,0.0
"Да, именно поэтому я приехала.",0.0
Что такое самое идеальное романтическое свидание?,0.0
"Ух, наверное, что-то неожиданно приятное.",0.0
"Да, нет, это не совсем, да.",0.0
Приятное?,0.0
Нет.,0.0
А вы серьезно перестали верить в паранормальное?,0.0
"Правда, вы перестали верить в форнормальное после видео?",0.0
"Нет, конечно, наоборот, каждый день снится.",0.0
"Вас не смущает то, что мой друг стоит здесь, рядом с вами?",0.0
Какой?,0.0
Леха.,0.0
Леха?,0.0
"Лех, если ты тут, подай какой-нибудь знак.",0.0
Только не зеркало.,0.0
"Зеркало нельзя бить, говорят, к несчастью.",0.0
"Как вы считаете, наша пара нормальная?",0.0
Пара?,0.0
Нормальная?,0.0
"Паранормальная, да.",0.0
Любите молодых скакунов?,0.0
Скакунов?,0.0
"Но не знаю, не пробовала ни разу.",0.0
Да.,0.0
Вот это и есть хорний вайб.,0.0
Вы становитесь чуть-чуть такая...,0.0
Забалдована.,0.0
Забалдована.,0.0
Сними рубашку.,0.0
И...,0.0
Чёрное пятно.,0.0
В зал хожу.,0.0
"О, как красиво!",0.0
Откуда это всё?,0.0
Кто рисовал?,0.0
Это просто художники.,0.0
А я вот вижу скакуна.,0.0
Кто там на нем сидит?,0.0
"Бицуху, бицуху покажи.",0.0
"Я, кстати, качаю грудь.",0.0
Вы заметили у меня генос?,0.0
Не поверил сам.,0.0
Вы любите кого-то мужчины?,0.0
Большая грудь.,0.0
"Да, грудь и еще, конечно, плечи тоже должны соответствовать размеру груди.",0.0
У меня нормальные плечи.,0.0
Нормальные.,0.0
Сзади покажи еще немножко.,0.0
Напряги мышцы и прям так.,0.0
Красавчик.,0.0
"Попробуй просто начать на себя рвать майку и не подавать виду, как будто это обычное дело.",0.0
Просто рви.,0.0
Я просто...,0.0
"Да, хорошо, повернись.",0.0
О боже.,0.0
Просто жарко.,0.0
Семицветик.,0.0
Так что...,0.0
Обычный день.,0.0
Давно хотел себе жилетку сделать.,0.0
16-го числа родился.,0.0
Я?,0.0
Да.,0.0
Нет.,0.0
Вы про это?,0.0
Да.,0.0
"Я просто на себе набил пароль от ВКонтакте, чтобы не забывать.",0.0
"Я набил у себя просто на теле пароль от ВКонтакте, чтобы не забывать.",0.0
Спасибо. по всему телу.,0.0
Иногда приходится в зеркало смотреть.,0.0
Иногда смотрю в зеркало.,0.0
У меня последняя цифра прям на очки.,0.0
"Ты встал, собрался уходить?",0.0
"Не, просто чтобы...",0.0
"А, показать себя.",0.0
"Надень на себя рубашку, заду наперёд.",0.0
"Ладно, одеваюсь.",0.0
Вот так?,0.0
"Отвернись, потому что не ртом.",0.0
Ты что сделал?,0.0
"Ты фыркнул, как кот?",0.0
Да.,0.0
Зачем?,0.0
Просто шоу на меня так повлияло.,0.0
А вы смотрели фильм «В постели с врагом»?,0.0
Нет.,0.0
О чем?,0.0
Я же еще не сказал название.,0.0
"Я же еще не сказал, какой фильм.",0.0
А-а-а!,0.0
Это не название было?,0.0
"Это шутка, да, такая?",1.0
Угадали.,1.0
Угадали.,1.0
Вопрос.,1.0
"Из нашей компашки, которая у нас там снималась, кого бы выделили, кто самый секси?",1.0
Конечно же ты это.,1.0
Реально?,1.0
"Да, конечно.",1.0
Почему все так говорят?,1.0
Из вариантов.,1.0
Да.,1.0
"Ну, наверное, потому что у тебя такой настрой.",1.0
"Да, то, что я уверен и в себе.",1.0
Вероятно.,1.0
"Я не знаю, уверен ли ты в себе.",1.0
"Бывает такая ситуация, когда человек от неуверенности, наоборот, себя так ведет.",1.0
Я ебану-то в себе уверен.,1.0
Я ебану-то в себе уверен.,1.0
Ну и?,1.0
"Хотите, могу снести манекен сзади просто с одного удара.",1.0
Хочешь снести манекена с одного удара?,1.0
Нет.,1.0
А я покажу все равно.,1.0
А я все равно покажу.,1.0
Зачем?,1.0
"Ну, чего он вы***** состоит?",1.0
"Подойди к манекину и тр*** его, типа.",1.0
"Нет, нет, нет, нет.",1.0
"Нет, отмена.",1.0
Отмена действия.,1.0
"Нет, Андрей, я тебя убью.",1.0
Так будет с каждым.,1.0
Так будет с каждым.,1.0
"Понравилось, впечатлил?",1.0
Нет.,1.0
Могу вторую***** там за вами.,1.0
Осмотри.,1.0
Там был комар на ней.,1.0
Я сам по себе боевой пацанчик.,1.0
Я боевой пацанчик.,1.0
Рад был увидеть.,1.0
Я тоже.,1.0
Извиняюсь за этот цирк.,1.0
У меня голоса в голове просто.,1.0
Хорошо.,1.0
Просто я немножечко шалю.,1.0
"Давай, счастливо.",1.0
