text,label
Цейрушник.,1.0
Путин лично ответственный за коррупцию.,1.0
"Ты же наш, сибирский.",1.0
Почему такой выродок?,1.0
"Вот эти Z, Z, Z, Z. Блин, не прощу Камчатку.",1.0
Твоя антивоенная позиция — это попытка избежать санкций.,1.0
"Тебе надо сначала продать, потом заявить.",1.0
Они говорят на том же языке — это твои соседи.,1.0
Почему эти люди гибнут?,1.0
Это шесть лет тюрьмы.,1.0
Есть грех.,1.0
Обрадовался.,1.0
Ты можешь умирать от рака.,1.0
Но почему ты просто умираешь от бомбы?,1.0
Сегодня у нас прямо исповедь.,1.0
"Ну не отсидишься, понимаешь, не отмолчишься.",1.0
"— Привет, Юра.",1.0
— Пять лет прошло.,1.0
— Пять?,1.0
— Пять.,1.0
"— Я думал, пять или шесть.",1.0
"— Пять лет без одного, кажется, месяца.",1.0
Много изменилось?,1.0
— Мягко говоря.,1.0
Эксклюзив.,1.0
"Я больше ни с кем не хочу говорить, если честно.",1.0
Все надоели.,1.0
"Не знаю, когда это выйдет, но, надеюсь, скоро.",1.0
Просьба не домогаться.,1.0
"С Юрой я хочу просто гешев закрыть, потому что с этим императором и все такое.",1.0
Подзаебала эта тема.,1.0
— Давай сразу с императора и начнем.,1.0
— Давай.,1.0
"— В прошлом, пять лет назад, ты сказал, что Путина надо короновать, делать императором, и это будет классно.",1.0
— Угу.,0.0
"— Спустя пять лет, когда началась война, когда ты выступил против войны, когда пошла тема санкций и наложения и снятия...",0.0
Все тебе это вспоминают.,0.0
"Но я думаю, от перестановки...",0.0
Я думаю здесь ключевое.,0.0
От перестановки мест слагаемых сумма не поменяется.,0.0
"Придут эти, начнут пиздить еще больше.",0.0
В итоге я за Путина.,0.0
"И я считаю, что Путин еще пускает 33 срока, пока он не умрет.",0.0
"И более того, я считаю, Путина нужно сделать императором.",0.0
Потому что в этой стране никакая демократия никогда не приживется.,0.0
Я в этом...,0.0
Убежден.,0.0
"Я считаю, Путина нужно помазать на царство, сделать его царем, посадить его, так сказать, в нашем Петербурге, там, слава богу, еще целый Эрмитаж стоит, Зимний дворец.",0.0
"Ждет его, да?",0.0
Да.,0.0
"Его дочка должна стать императрицей дальше и так далее, и так далее.",0.0
"То есть я вообще за институт царя помазания, я бы ему присягнул и прям преклонился.",0.0
Пусть он император.,0.0
И менять правительство при этом.,0.0
"Вчера смотрел передачу, по-моему, его зовут Майкл Наки, и он...",0.0
"Либеральный журналист, кстати.",0.0
"Я ему передал, я говорю, непонятно тогда, чем либеральный журналист от Киселева отличается, когда идет такое же какое-то шельмование, сказал Тиньков, который лизал сапоги Путину, который на каждом углу кричал, что его нужно сделать императором.",0.0
"Я такой, блядь, я говорю, нет, когда Юра приедет?",0.0
"Юра через пять часов приедет, я должен ему это все рассказать.",0.0
"Когда в моем антивоенном посту, втором, первый был, напомню, 26 февраля, его почему-то никто не заметил, а 19 февраля вот все заметили, апреля, все заметили, тоже там 70% либеральной общественности пишет мне про этого императора.",0.0
"Попробую, попытаюсь объяснить.",0.0
"Для кого-то, наверное, это будет оправдание, я просто объясняю.",0.0
"У тебя, знаешь, выскакивает, я помню, из старого.",0.0
"Вот, пожалуйста, вот сейчас она там выскочит.",0.0
За пять минут... до этого или за пять минут после этого.,0.0
Не помню уж там хронологию.,0.0
"Я сказал, Путин лично ответственен за всю коррупцию, которая происходит в стране.",0.0
Я бы не хотел его каким-то там…,0.0
Мне трудно его в какую-то корзину в одну поместить.,0.0
"В нем, как и в нормальном человеке, сочетается куча негатива и куча позитива.",0.0
"Он, безусловно, вызывает много положительных у меня эмоций и уважения, но в то же время я ненавижу его за многие вещи.",0.0
"Какие, например?",0.0
"Я считаю, что уровень коррупции, которая в стране, он непосредственно за это ответственный.",0.0
Совсем очевидно.,0.0
Эта фраза прошла.,0.0
А фраза про царя запоминается и говорится.,0.0
"Так вот, рассказываю, господа.",0.0
"В 2005 лет назад сказать, что Путин лично ответственный за коррупцию, когда у тебя там 5-6 миллиардов долларов, и когда на тебя работает 50 тысяч человек, Это было не просто смело, это было пиздец, как смело.",0.0
"Никто, никто с подобным состоянием или не мог себе позволить такую фразу.",0.0
Я это сказал.,0.0
Путин лично ответственный за коррупцию.,0.0
Я это сказал.,0.0
Но это никого не убеждает.,0.0
"Мы любим вот такие формы, форматы.",0.0
"О, император!",0.0
Как я сказал и что я имел в виду?,0.0
"Во-первых, это был сарказм.",0.0
Большое.,0.0
"Во-вторых, я хорошо помню, как я сказал.",0.0
"Я говорю, да хоть пусть Путин.",0.0
"Я вообще, в принципе, считаю, что монархия в России была бы неплоха.",0.0
"А особенно после того, когда я получил эти комментарии под этим постом.",0.0
"И вижу, как думает, так сказать, глубинный народ.",0.0
Им нужен царь.,0.0
"И обрати внимание, через три года после этого, моего заявления, Путин поменял конституцию и по факту стал царем.",0.0
А тогда...,0.0
"Нет, и еще последнее.",0.0
"Мне многие звонили, говорят, Олег, ты офигел про царя?",0.0
Ты че там?,0.0
Включая руководство нашего банка.,0.0
"Говорят, ты нас подставляешь, так нельзя заявлять.",0.0
"Потому что Путин-то разыбрывает демократию, рассказывает всем какие-то фейковых Прохоровых, Собчаков, там еще кого-то выставляет, да?",0.0
"Он типа играет и нам сказки рассказывают о демократии, а Тинькофф говорит, давайте его сделаем царем.",0.0
"Ну это антипутинское заявление, если хорошо про это подумать.",0.0
Это и есть антипутинское заявление.,0.0
"Чувак, который всем вам рассказывал, что у него выборы, а тут сидит один, как они считают, приближённый его, хотя я его в глаза не видел.",0.0
Нахрен он мне нужен.,0.0
"Я никогда к нему не ходил, не встречал.",0.0
Я был владельцем ресторана «Тинькофф».,0.0
Один раз он пришёл.,0.0
"Я, как владелец любого ресторана, «Новико», «Здрасте, здрасте».",0.0
Вот я его видел.,0.0
Всё.,0.0
Это был 99-й год.,0.0
Я его никогда не встретил.,0.0
Я был в Кремле.,0.0
Ничего не знаю.,0.0
И знать не хочу.,0.0
Ни на одном даже совещании не было.,0.0
"На большом, на Петербургском форуме я ещё его видел, вот он там выступал где-то далеко.",0.0
"Сказать такое, я считаю, это супер круто.",0.0
"Потом последнее, я знаю, ты что хочешь уже сказать, к царю.",0.0
"Я вообще считаю, что у меня в голове какая была модель.",0.0
"Я сказал, мне не важно, Путин или там Иванов или Сидоров, любой второй, Бортников, Патрушев, чем мучить Россию и издеваться над ней, и делать выборы.",0.0
"Ну, не способен этот народ выбирать.",0.0
"Вы же видели, что было в 90-х. Они либо бандитов выбирают, которые асфальт проложили, или им бутылку водки дали, как этот, в Кабарде... этот, как его, господи, президентом стал, где буддисты-то у нас живут.",0.0
— В Калмыкии.,0.0
"— В Калмыкии, да, вот, который шахматный, Фиде.",0.0
— Забыл его фамилию.,0.0
— Кирсана Любжина.,0.0
— Кирсана Любжина.,0.0
"В прошлом, он там по доллару всем дал и стал президентом этого самого...",0.0
Калмыкии.,0.0
То есть...,0.0
Не приживается у нас демократия.,0.0
Ну вот что вы хотите?,0.0
"Я говорю, давайте, есть Зимний дворец прекрасный, как королева Бекенгемский, отгородим.",0.0
Пусть он там сидит.,0.0
Дочка его меняется.,0.0
"И давайте сделаем законодательно, что…",0.0
"То есть помажем его на царство религиозно, и пускай это будут были Рюриковичи, потом, значит, у нас, соответственно, Романова, пускай будут Путины.",0.0
"Ну вот они живут, там, сказать, там, что-то дочка, потом второе, там, что-то меняются.",0.0
"Им принадлежит нефть, газ. золото, бриллиант, вот всё им принадлежит по умолчанию.",0.0
И потом сошли второй лэйр экономически развитого государства.,0.0
"Греф — премьер-министр, там, так сказать, Кудрин — министр финансов, там, я не знаю, Набиулли написал ЦБ.",0.0
"Кстати, я к ним хорошо отношусь ко всем.",0.0
"Они реально, ребята, хорошие.",0.0
"И мы большую экономику развиваем, как в Англии.",0.0
"То есть есть какая-то вот, есть какой-то царь. которые и народ говорит, ну, у нас же царь, батюшка, все круто.",0.0
"Есть какая-то экономически сильная страна, и мы не живем, как сейчас, в проголодь, и туалет-система очко не у скольки там.",0.0
"Ты поправишь меня, опять выскочит, по-моему, 30% домохозяйств туалет-система.",0.0
Я вырос в туалете-системе очко.,0.0
"Я увидел унитаз впервые в армии, когда меня в погранвойска забрали.",0.0
"Так, блядь, а как смывать?",0.0
"Ты понимаешь, потому что я его никогда не видел.",0.0
Вот.,0.0
"Может быть, лучше действенное правительство и туалеты деревянные убрать?",0.0
А царь — и пусть он будет царь.,0.0
Объяснил.,0.0
Надеюсь.,0.0
"— Во-первых, давай важную оговорку сделаем.",0.0
За пять лет мы как-то поддерживали отношения и перешли на «ты».,0.0
"Поэтому если кто-то будет вдруг думать, что…",0.0
"— Но мы не друзья, но…",0.0
"— Не-не-не, не друзья, но на «ты».",0.0
"Просто чтобы кто-то не подумал, с чего это я так держу.",0.0
"Мы в Андорре, и за моей спиной одна из самых необычных местных достопримечательностей — скульптура Сальвадора Дали «Благородство времени».",1.0
Похожие часы впервые появились в 1931 году на одной из самых известных картин Дали — «Постоянство памяти».,1.0
"Потом художник неоднократно использовал этот образ в других картинах, а в 1977 году перевел его в скульптурную форму.",1.0
"Из макета, сделанного Дали, отлили несколько форм, которые в итоге оказались разбросаны по разным городам.",1.0
"Конкретно эти часы были установлены в Андорре Лавее всего 12 лет назад, а подарил их городу Энрик Сабатер.",0.0
"Сабатер в течение 13 лет управлял всеми делами Дали, заработал противоречивую репутацию и очень много денег. с которыми и перебрался в налоговый рай Андорры.",0.0
И в благодарность к приютившему его княжеству сделал ему вот такой подарок.,0.0
"Поговорить про подарки мы решили, потому что это интеграция про маркетплейс подарков FlowWow.",0.0
"За последние недели возможность как-то заботиться о близких, даже если они далеко, стала еще более актуальной.",0.0
"И FlowWow — отличный сервис, который позволяет это делать.",0.0
Здесь можно выбрать товары от тысяч локальных магазинов из 950 городов мира по самым разным категориям.,0.0
"Цветы, кондитерские изделия, игрушки, украшения и еще много... всего, что может порадовать родных и близких, которые находятся далеко от вас.",0.0
В нашем предыдущем выпуске мы упоминали актрису Нелли Уварову.,0.0
Она руководит проектом «Наивно очень».,0.0
"Это мастерская, где работают люди с особенностями развития.",0.0
"Мы были знакомы с Нелли и до этого выпуска, правда, не лично, а по переписке.",0.0
"И сейчас, в знак уважения к той работе, которую она делает, находясь в трех тысячах километров от Москвы, хочется сделать ей небольшой, но красивой.",0.0
Так.,0.0
"Когда ты выбираешь букет, оформляешь доставку, тебе присылает его посмотреть.",0.0
"Если тебя все устраивает, вперед.",0.0
"Если нет, то в чате можно обсудить, что не так и что нужно исправить.",0.0
"Так, коралловые пионы.",0.0
Офигенски.,0.0
"Ой, какие.",0.0
И все по-быстрому.,0.0
Некоторые магазины вообще за 15 минут доставляют.,0.0
"А, и чаевые курьеры.",0.0
Обязательно.,0.0
Перейдите к оплате.,0.0
Переходим по ссылке в описании.,0.0
Скачиваем приложение FlowWow.,0.0
"Вводим промокод ВДУТЬ. для скидки 10% и радуем своих родных и близких, даже если они находятся очень далеко от вас.",0.0
"Вообще, давай начнем с того, мне бы очень хотелось, чтобы ты это не вырезал.",1.0
Я не являюсь политиком.,1.0
Никогда я не являлся.,1.0
"И вообще меня политика, если честно, нифига не интересует.",1.0
"Вот сегодня все мое, что я делаю, это у меня сердце болит.",1.0
Я просто какую-то высказываю свое человеческое отношение.,1.0
Я не политик.,1.0
"И я не обязан был ходить и заявлять, что Путин там мудак или он плохой.",1.0
Это не входит в мои обязанности.,1.0
"Я занимался бизнесом, растил бизнес.",1.0
"Но иногда на прямые интервью, таких как ты или там Собчак, там еще кто меня спрашивал, я говорил очень смелые вещи.",1.0
Что вы еще от меня хотите?,0.0
Выйти в Кремль там с плакатом.,0.0
Ты эксклюзив хочешь?,0.0
"Мой водитель, свидетель, Сергей Митьков, он меня повез в 12-м году на Пушкинскую площадь.",0.0
Я на ней стоял.,0.0
"Я провел там три часа, помню, что ноги отморозил, было очень холодно, в март, по-моему, был, после путинских выборов.",0.0
"У меня была тонкая подошва, я помню, вернулся в машину, говорю, ноги замерзли, Серега, не могу.",0.0
"Понимаешь, там стояли Борис Немцов, Навальный, еще кто-то.",0.0
"Они скандировали, это там, Путин вор и так далее.",0.0
И я тоже стал это все скандировал.,0.0
"Вот я был на этой площади, я поддерживал.",0.0
Что вы еще от меня хотите?,0.0
Ну что вы от меня хотите?,0.0
"Вот, блять, бросить все.",0.0
У меня сейчас отобрали банк.,0.0
"Ты хотел, чтобы мне его отобрали тогда?",0.0
Ну что вы от меня все хотите?,0.0
"Про банк позже, смотри.",0.0
"— Олег, в чем претензия?",0.0
"— Да, в чем претензия?",0.0
"— Ты сказал, что в семнадцатом году ты говоришь, Путин должен быть императором.",0.0
"— Я сказал, не Путин, а не уг...",0.0
"Вот сейчас Путин, его надо сделать, а потом, не важно кто, главное, чтоб был он для народа.",0.0
"— А в двадцатом году человек говорит, Олежа, делаю все, как ты хотел.",0.0
"Ты говоришь, что он решил так сделать.",0.0
— То есть я ему подсказал?,0.0
— Да.,0.0
"Но не кажется ли тебе, что... абсолютное опьянение властью, ощущение того, что мне позволено все, в том числе начать войну с ближайшим соседом, войну абсолютно чудовищную, которая делает плохо и соседу, и нам.",0.0
"Все это ощущение появилось в том числе из-за того, что такие, как ты, говорили такие вещи, как «давайте он будет императором».",0.0
Категорически не согласен.,0.0
— Объясни.,0.0
— Категорически не согласен.,0.0
"Он знал, что он император очень давно.",0.0
Если ты смотрел интервью…,0.0
Гордон у этого его друга Пугачёва.,0.0
"Он там давно, как он рассказывал, в Лавру ездил, и вокруг его народ руки целовал, он сказал, «Этому Нарю нужен царь» и так далее.",0.0
"— Я бы делил то, что говорит Пугачёв, на несколько.",0.0
"— Ну, неважно.",0.0
"Ну, окей, мы не знаем.",0.0
"Ну, во-первых, я себя не вижу такой фигурой, там, «Я сказал, кто-то что-то...»",0.0
"Я вообще, кстати сказать, искренне считаю, что Путин...",0.0
"Скорее всего, он даже не понимает, что я существую.",0.0
"Ну, скорее всего.",0.0
"Но он расслышал, что этот Тинькофф где-то есть.",0.0
Это не так устроено.,0.0
Они там в космосе где-то.,0.0
"Я не думаю, что его интересует этот Тинькофф.",0.0
"Ну, это во-первых.",0.0
"Во-вторых, мое заявление, что... ему нужно быть царем.",0.0
"И я до сих пор считаю, что России нужен царь.",0.0
И даже сегодня его короновать можно.,0.0
"Только чтобы его убрать от реальной власти, а сделать таким вот каким-то монархом, оно ни в коем случае не могло повлиять.",0.0
"Но это такая натянутая на глобус вообще ерунда, понимаешь, что...",0.0
— Почему ерунда?,0.0
Человеку никто давно не оппонировал.,0.0
"Не оппонировали даже люди, у которых много денег.",0.0
"Те, кто с ним общается, пусть оппонируют.",0.0
Я с ним не общаюсь.,0.0
"Я даже не общаюсь с тем, с кем он общается.",0.0
"То есть как бы, как ты это процитил?",0.0
"Мы с тобой тут сидим, разговариваем.",0.0
Путин там услышал и стал царем.,0.0
"Я с ним тоже не общаюсь, но вот в тех ресурсах, которые есть у меня, я ему оппонирую как гражданин России.",0.0
"Как человек, который платит налоги, и на мои деньги, Владимир Путин, строго говоря, живет.",0.0
"Ты платишь налогов больше меня, в тысячи, а может быть, и в миллионы раз.",0.0
"И поэтому ты не то что имеешь право ему оппонировать, а ты должен оппонировать его.",0.0
"— Юрий, почитай, мои ЖЖ...",0.0
Сохранились в Каше?,0.0
"Шестой, седьмой, восьмой, девятый год.",0.0
"Пушкинская площадь, в двенадцатом я вышел.",0.0
После этого все.,0.0
"Во-первых, я уже стал стареть.",0.0
"Ну, как это сказать?",0.0
Нету...,0.0
Как там знаменито это?,0.0
"Нету сердца, если ты молодой и не революционер, а нету ума, если ты старый и до сих пор еще революционер.",0.0
"Да, ну вот уже старый.",0.0
Я до 12-го года как мог опланировал.,0.0
"И даже в некоторых интервью после, как тебе, я его чморил.",0.0
"Например, я говорил, что он лично ответственен за коррупцию.",0.0
"Во всех моих интервью это сквозит. и говорит, и все, кто слышит, они все это слышали, и все это все прекрасно понимали.",0.0
"Поэтому мне никогда из Кремля и не звонили, и не предлагали мне участвовать ни в каких-нибудь рекламах, хотя у меня имя большое, да, и ни в какие партии вступать, и никуда.",0.0
"Просто все знали, что это неблагонадежно, и какая-то белая ворона учился там в Сан-Франциско, жил шесть лет, в Бёркли.",0.0
"Это вообще какой-то, наверное, там, цейрушник, понимаешь?",0.0
"Ну, наверное, они так думали.",0.0
"Ну, я занимаюсь бизнесом, я бизнесмен.",0.0
Я создал...,0.0
Можно похвалюсь?,0.0
Лучший банк в России.,0.0
"Ну, лучший банк в России.",0.0
"А вообще-то считается, что лучший финтек в мире.",0.0
"Это ты можешь после интервью позвонить итальянским банкирам, французским, американским и сказать, а что лучше финтек?",0.0
"Скажите, Тинько.",0.0
"Я занимался своим делом, и я считал, что вот здесь и сейчас я делаю хорошо.",0.0
"И вот эти мои тысячи айтишников 23 лет среднего возраста, они находились, ну, пока еще и находятся, в прекрасной среде.",0.0
"Они уважаемы, они работали в прекрасном месте, создавали прекрасный продукт.",0.0
"И мы что-то делали для России, понимая, что этим самым мы меняем Россию.",0.0
"Я делал то, что я мог делать.",0.0
"Ты можешь от меня сколько угодно требовать, что я должен был бы ходить.",0.0
"Вот дай мне машину времени, я бы это все равно не делал.",0.0
— Так я же не призываю.,1.0
— Это ничего бы не поменяло.,1.0
— Речь не про это.,1.0
"Смотри, ты просто представь то же самое интервью.",1.0
"— То есть предъявлять мне чего-то — это вообще, конечно, верх кощунства.",1.0
"Когда человек хотя бы что-то делал, ему теперь предъявляют, что он мало делал.",1.0
"Но Галецкий вообще ничего никогда не сказал, ваш герой.",1.0
"Вообще, блядь, никогда, и он ничего никогда не сказал.",1.0
И сейчас молчит.,1.0
Понимаешь?,1.0
"Ваш герой Галицкий, чё ж он молчит-то?",1.0
Чё он сказал?,1.0
Ну это пиздец какой-то просто.,1.0
Ну сколько можно?,1.0
Жопу лишнюю.,1.0
"Сергей, стою на колени.",1.0
Парк построил.,1.0
Бизнес с нуля.,1.0
Ни одной взятки.,0.0
Где Сергей что сказал?,0.0
Где он что-то сказал?,0.0
Окей?,0.0
Я сказал.,0.0
И много что сказал.,0.0
"Не надо мне, пожалуйста, это предъявлять.",0.0
Не принимаю.,0.0
"А теперь еще навесили, что из-за меня Путин стал царем.",0.0
Заебись!,0.0
"— Представь то же самое интервью, но без фразы про императора.",0.0
И не было этих предъяв.,0.0
— Я ошибся!,0.0
Я ошибся!,0.0
"Я считаю, что России нужен царь искренне, и там лучше всего приживется монархия, как это было много-много лет.",0.0
"Ну, во всяком случае, насколько я там помню, там, история, там, 12 веков, как минимум, да?",0.0
"Был царь там, да?",0.0
"Вот как считать, ну, неважно, там, там, Рыриковичи и так далее.",0.0
Я ошибся.,0.0
Я могу один раз ошибиться.,0.0
Мне можно это простить?,0.0
Ошибся.,0.0
Да пусть.,0.0
Давайте прошу у всех прощения за эту фразу.,0.0
"Но я остаюсь в тем, что это был великий сарказм.",0.0
"И что, в принципе, в моей фразе, в моей фразе, есть много логики, если по ней хорошо подумать.",0.0
Можно мечтать о хороших выборах. о честных выборах и о выборных.,0.0
Можно мечтать.,0.0
"И я с вами вместе мечтаю с тобой, с Чичваркиным, там, кто там еще там.",0.0
"Ну, давайте мечтать.",0.0
А можно быть реалистом.,0.0
А реалистично это никогда не будет.,0.0
Не будет свободных выборов в России.,0.0
Сейчас мы про это поговорим.,0.0
Про ошибку.,0.0
"То есть ты признаешь, что ошибка?",0.0
"Я готов вообще признавать свою ошибку, Юрий.",0.0
"Нет, так смотри, я хотел тебе привести другой пример.",0.0
Там еще неудачно сказал.,0.0
"Ты же все вот в контексте, да?",0.0
Я хотел привести другой пример.,0.0
Смотри.,0.0
"Юра, я ошибся.",0.0
Вот.,0.0
"Давай тогда, чтобы просто поровну было.",0.0
Рекламной интеграцией в том выпуске была реклама блогера-трансформатора.,0.0
"Человека, у которого потом скрылась репутация, который там не столько бизнесмен, а сколько человек, который там…",0.0
— Рекламная интеграция твоя?,0.0
"— Моя, моя, моя.",0.0
"Я рекламировал, как бы подписывался.",0.0
— Я к этому.,0.0
"— Я просто хочу сказать, что я считаю ошибкой.",0.0
"— Ты ошибся, окей.",0.0
"— Да, я считаю это ошибкой.",0.0
— Ошибся?,0.0
— Да.,0.0
— Ты меня прощаешь или нет?,0.0
"— Кто я, чтобы прощать?",0.0
— Я попытался объяснить.,0.0
Ну можешь простить меня еще?,0.0
"— Ты сказал, что политикой не интересовался в последние годы.",0.0
— Да.,0.0
"— Не считаешь ли ты, что такое холодное, намеренное сбегание политики — это многими людьми в России — это одна из причин, почему сейчас идет война?",0.0
"— Вероятно, да.",1.0
И скорее да.,1.0
"Но ты понимаешь, я никого не хочу осуждать.",1.0
"Потому что кто-то намеренно избегает, кому-то это неинтересно.",1.0
Вот мне неинтересно.,1.0
"Потому что мне, например, неинтересна опера.",1.0
Искренне.,1.0
Ну просто я ее не понимаю.,1.0
Она мне неинтересна.,1.0
Мне неинтересна политика.,1.0
"Потому что когда я начинаю общаться с этими людьми, они все очень, на мой взгляд, тупые.",1.0
"Они все, там сказать, примитивные.",1.0
"Ну, я про Россию, во всяком случае.",1.0
Это какая-то халуи все.,1.0
"У них какое-то чинопочитание там, какое-то величие, какая-то хуйня, бля.",0.0
Мне вообще они не интересны.,0.0
Я не хочу с ними разговаривать.,0.0
Потому что мне интересно с тобой поговорить.,0.0
"Мне интересно поговорить с какими-то еще ребятами, там, с бизнеса, там, за вином.",0.0
Но я не хочу с ними общаться.,0.0
"Мне не интересует политика, а я в ней не понимаю.",0.0
"Если бы я в ней понимал, я бы формулировки делал более грамотные.",0.0
"Вот, например, Жене Чичваркину, мне кажется, она интересна.",0.0
И слава богу.,0.0
Мне она неинтересна.,0.0
Вот завтра все поменяется.,0.0
Мне мой друг француз сказал.,0.0
"Я сказал, все, я больше в Россию не поеду.",0.0
"Он говорит, Олег, не торопись.",0.0
Ты еще тогда вернешься героем.,0.0
"И ты там, типа, не хочу.",0.0
"Не приглашайте меня ни премьер-министром, ни главой Центробанка.",0.0
"Но это, кстати, не политические должности.",0.0
Это все-таки главы.,0.0
"Президентом, кем угодно.",0.0
Не хочу.,0.0
"Я это не понимаю, мне это неинтересно.",0.0
"Вот мне лично это неинтересно, за других сказать не могу.",0.0
"Ну, в общем и целом, ты прав.",0.0
"Это скорее не политика называется, а гражданское общество.",0.0
"А вот членом гражданского общества, я считаю, я был.",0.0
"Я считаю, что я был.",0.0
"Поговори с моими сотрудниками, что я делал, что я говорил.",0.0
"Мне сказали сейчас там, были против митинги Навального, когда я уже в больнице лежал.",0.0
"И наш HR пишет, арестовали наших 54 человека.",0.0
Я написал...,0.0
Круто!,0.0
Кто еще владелец это напишет?,0.0
"Блять, моих 54 человека на митинге задержали.",0.0
Это же круто!,0.0
Понимаешь?,0.0
Ты писал об этом?,0.0
"Нет, я в внутренней почте.",0.0
"И чарщики там, ой, все пропало, 54 человека задержало на митингах Навального там.",0.0
"А я ответил ей, да это же круто!",0.0
Какие у нас классные ребята работают.,0.0
Понимаешь?,0.0
"Я делал, что я мог, но я не политик и не буду фронтой, и поэтому я даю тебе интервью и больше не хочу там какие-то политические каналы там, что-то там с Венедиктовым разговаривать, еще с кем-то.",0.0
Мне это неинтересно.,0.0
"Я уважаю, что они делают, но как бы я не понимаю, то есть я, во-первых, процессы эти многие не понимаю, вот.",0.0
"Поэтому я буду там выглядеть достаточно, мне кажется, глупо.",0.0
"Про бизнес я поговорю, про экономику, да, про какие-то вот общечеловеческие ценности. готов.",0.0
А вот как-то про политику сейчас.,0.0
Виноваты ли мы?,0.0
"Да, конечно, мы все виноваты в этом пиздеце.",0.0
Все мы виноваты в этом пиздеце.,0.0
Вся Россия помазалась этим говном.,0.0
Нас он помазал.,0.0
Мы все виноваты.,0.0
"Ты сказал, что этому народу выборы не нужны.",0.0
И этому народу нужен царь.,0.0
Звучит довольно пренебрежительно.,0.0
"Когда под моим постом я написал, что 90 против войны, искренне так считаю, я вообще не в контексте же, я же не был три года вообще в России.",0.0
Все-таки я болел там.,0.0
Сильно и болею до сих пор.,0.0
Я как-то так это себе чувствовал.,0.0
"Ну, потому что я общаюсь с людьми же как там.",0.0
"Телефон, ватсап, емейл.",0.0
"Но когда я увидел вот эти «зет-зет-зет-зет-зет», я реально прихерел.",0.0
Я реально прихерел.,0.0
То есть они реально хотят эту войну в массе своей.,0.0
Но это не могут быть столько ботов.,0.0
Потом я позвонил своим двоюродным сестрам.,0.0
Я позвонил своей маме в Сибирь.,0.0
85 лет.,0.0
"Когда я стал это все слышать про бандеровцев, про еще что-то там.",0.0
"Я говорю, мам, у тебя как здоровье-то?",0.0
"Она говорит, ну так, ноги.",0.0
"Я говорю, давай про ноги.",0.0
"Она говорит, что-то опять там, бандеровцев, бомбим, ядерная лаборатория.",0.0
"Я говорю, так ладно, давай я тебе позвоню потом.",0.0
"Ну ты понимаешь, ну как бы...",0.0
Это народ.,0.0
Я могу преображительно о нем говорить.,0.0
"Это мы, это наши люди.",0.0
"Но, к сожалению, ты видишь, что творится в массовом сознании населения.",0.0
"Это, конечно, печально.",0.0
Это печально.,0.0
Эти люди читали Достоевского.,0.0
"Я вот тут на Медне пока болел, что-то подсел, все перечитал, всего Федора Михайловича.",0.0
"Эти люди читали, я не знаю, какие-то гуманистические вещи, книги, а потом они идут и стиральные машины вырывают.",0.0
"Или еще хуже, что делают, убивают мирных людей.",0.0
"И это мои сограждане, понимаешь?",0.0
Я этого не могу понять.,0.0
У тебя есть огород.,0.0
На самом деле это семейное увлечение.,0.0
"Пока я был в больнице, они как бы это посадили.",0.0
Два года назад этого не было.,0.0
Три года.,0.0
Три года не был.,0.0
Три года.,0.0
Сейчас появилось.,0.0
"Ко мне мало отношений имеет, в общем.",0.0
Не буду на себя наговаривать.,0.0
"Ну такая, немного уже пенсионерская.",0.0
Пенсионерский атрибут.,0.0
"Ну, в общем и целом, да, я на пенсии.",0.0
Мне сейчас надо выживать.,0.0
"У меня, так сказать, другие чуть-чуть приоритеты.",0.0
"По последним, так сказать, цифрам у меня вроде 50-50 сейчас выживаемость на ближайший год.",0.0
Поэтому была меньше.,0.0
Начал всего с десяти процентов.,0.0
Сейчас до пятидесяти добрел.,0.0
"Ну там пятилетняя выживаемость в кровяных раках обычно не считается, статистик ли.",0.0
"Я, получается, буду 9 июля, два года после трансплантации, это считается очень крутой срок.",0.0
"А вот пять — это считается, ты выжил как-то, survived.",0.0
"Поэтому я пока еще в такой нахожусь, в промежуточной фазе.",0.0
Поэтому быть пенсионером мне очень даже хорошо сейчас.,0.0
— Нравится?,0.0
— Да.,0.0
"Супруге не очень, она более активная.",0.0
А я вот…,0.0
Мне…,0.0
Вполне.,0.0
"Чуть-чуть спорта, правильно покушать.",0.0
"Слушай, а можем попробовать?",0.0
"Да, конечно.",0.0
Я не срывал уже давно.,0.0
Вот эту вот вытянутую я возьму.,0.0
"Давай, я попробую тогда.",0.0
Че ж там.,0.0
Вот.,0.0
"Я не гарантирую, что как.",0.0
Это первое.,0.0
"Супруга сказала, что все скоро разрастется.",0.0
Вот тут.,0.0
"Ну, не знаю.",0.0
Надеюсь.,0.0
"Знаешь, что хотел тебе сказать ещё?",0.0
"Потому что мы в начале разговора, мне кажется, не вещь, что ты бы сказал.",0.0
"«А вот, Олег, а почему ты такой?»",0.0
А я подумал.,0.0
"Ну, во всяком случае, мне кто-то на Инстаграме это спрашивал.",0.0
"«Типа, выродок ты откуда такой?",0.0
"Ты же наш, сибирский.",0.0
Почему такой выродок?,0.0
Ты же шахтёр».,0.0
"Мало кто знает, я год в шахте отработал.",0.0
А папа мой отработал шахтой имени Кирова.,0.0
Миличенко сейчас ей владеет.,0.0
"А шахтой имени Кирова папа мой отработал на ней лет сорок, что ли?",0.0
"Ну, 35 точно.",0.0
"А дед мой, Тимофей Тиньков, строил эту шахту.",0.0
"У него была бронь, во время войны они её построили.",0.0
Это самая большая коксующая шахта в России.,0.0
Называется шахта имени Сергея Мироновича Кирова в городе Ленинск-Кузнецкий.,0.0
"Так вот, мой папа, будучи шахтёром…",0.0
"Это вот так вот как-то щёлкает, понимаешь?",0.0
"Папа мой, будучи шахтёром…",0.0
"Всегда, когда шёл 25-й съезд партии такой, ты не помнишь, чёрно-белый телевизор у нас был, Брежнев, он подходил и так выдёргивал из розетки, папа шахтёр в Ленинске-Кузнецком, и говорил, «Болтовня!",0.0
Хватит эту болтовню слушать!,0.0
Говно этот Советский Союз!,0.0
Америка!,0.0
Это крутая страна!,0.0
"Ты, блять, можешь себе представить?»",0.0
И вот отсюда я стал нонконформистом.,0.0
Понимаешь?,0.0
"И когда я вырос, и мы переехали жить в Калифорнию, где у меня родились дети и так далее, я привёз папу в Калифорнию, ну, он умер рано, в шахте там отработал, в 63 года умер.",0.0
"Я его привёз в Сан-Франциско, и мы гуляли.",0.0
"Я говорю, папа, это та вот Америка, которую, так сказать, ты мне сказал, что это круто.",0.0
"А помню, у неё была куртка.",0.0
"Ну, это, конечно, была палёнка, это теперь понятно.",0.0
"И у неё было там написано, где далеко, Made in USA.",0.0
"И батя очень гордился, старая так играла.",0.0
Американская куртка.,0.0
"Ты понимаешь, вот он глубинный русский народ.",0.0
Шахтер из города Ленинска-Кузнецкого.,0.0
И он мне это привил.,0.0
Я очень благодарен своему папе.,0.0
И...,0.0
"Ну а потом я прочел Чацкого, с которым я сегодня попрощался с Россией.",0.0
Карета мне карету.,0.0
Ну и далее классика.,0.0
А откуда у отца было какое-то мнение об Америке?,0.0
А вот это пипец.,0.0
"Ты понимаешь, чувак, который родился в Сибири в 37-м году, проработал всю жизнь в шахте, он ненавидел Советский Союз и говорил, что Америка — это круто.",0.0
Ну ты можешь себе представить?,0.0
Вот это вот…,0.0
Прям всё-таки в нашем народе что-то есть.,0.0
"Эта история, она показывает, что твоя фраза по поводу того, что народу другую власть не надо, собственно, и разрушает.",0.0
"Потому что даже шахтёры из Ленинска-Кузнецка могут понимать, что Советский Союз — говно.",0.0
К мнению про Америку я не присоединяюсь.,0.0
"К Советскому Союзу, безусловно.",0.0
Вот.,0.0
"Значит, ну…",0.0
— Всё возможно.,0.0
"Возможно, всем объяснить, если не вливать в уши пропаганду, что тоталитарный режим хуже, чем даже глубоко не идеальный и несовершенный демократический.",0.0
"— Ну, в общем-то, да.",0.0
"Но как это-то происходит, я не понимаю.",0.0
"У кого-то это щёлкает, а у кого-то это не щёлкает.",0.0
— Где ты был и что делал 24 февраля?,0.0
"— Я уже, кажется...",0.0
Здесь был.,0.0
"Да, у меня у сына 23 декабря, февраля день рождения.",0.0
Мы его отметили.,0.0
Я проснулся утром.,0.0
"Если честно, я день первый ничего не понимал.",0.0
"Я думал, это опять ДНР, ЛНР, что-то там.",0.0
Я как бы не понимал весь масштаб этого пиздеца.,0.0
"Я думал, это просто что-то какая-то там, ну, знаешь.",0.0
Я не очень понял контент.,0.0
Что-то был занят еще в этот день.,0.0
"А, я первый день на велике поехал.",0.0
После трех лет.,0.0
"Представляешь, такой эмоциональный день.",0.0
Я сел на велик с утра и уехал.,0.0
"Приехал, что-то на эмоциях, что-то стреляет.",0.0
"Я думаю, что-то опять стреляет.",0.0
"Я думал, что-то там.",0.0
"Я думал, я не мог в это поверить.",0.0
Это было невозможно.,0.0
Я спорил со всеми.,0.0
Понимаешь?,0.0
Мне за 5% моих акций предложили 725 миллионов долларов.,0.0
— За месяц.,0.0
— Когда?,0.0
В январе?,0.0
— В январе.,0.0
"Я сказал, нет, я не продам.",0.0
"Вы что, смотри, компания будет стоить 100 миллиардов.",0.0
"А мне кто-то говорит, ну там что-то, Украина, танки.",0.0
"Я говорю, да вы что, смеетесь, что ли?",0.0
"Какие танки, какая Украина?",0.0
"Война невозможна, потому что это абсурд.",0.0
Понимаешь?,0.0
"Сейчас получил, там, три копейки.",0.0
"Ну, там, потом.",0.0
"Ну, естественно, я в это поверить не мог.",0.0
"Ну, кстати, меня...",0.0
"Ну, как минимум, у меня, у моей супруги, у нас взяло 24 часа, а может, 48.",0.0
"26-го я написал, что мы прихуели. что нет войне.",0.0
Я первый из предпринимателей.,0.0
Первый.,0.0
Я первый назвал слово «война».,0.0
Никто не сказал «война».,0.0
Я сказал «война».,0.0
Посмотри у меня на Инстаграме.,0.0
Я сказал «война».,0.0
Еще что от меня требуется.,0.0
"А у меня там все активы, все.",0.0
"Ну, мне взяло где-то 48 часов как бы осознать вообще, что происходит.",0.0
Как бы потому что я не мог в это поверить до сих пор.,0.0
"Я, кстати, до сих пор как-то не очень в это верю, если уж честно.",0.0
О чем ты подумал?,0.0
"Ты думал, что это значит конкретно для тебя?",0.0
Я подумал следующее.,0.0
Простите за пафос.,0.0
За последние два с половиной года я больше года провел в боксах таких закрытых с иммунодефицитом.,0.0
Когда мне делали четыре химиотерапии.,0.0
"Ну, все, кто раковые больные, они меня сейчас все понимают.",0.0
"Когда ты лежишь, у тебя клетки ноль, лимфоцитов ноль, того ноль.",0.0
"Лимфоцитов ноль, нитрофилов ноль и так далее.",0.0
"Тебе ничего нельзя, не за с внешним миром.",0.0
"Ну, сейчас вот COVID это всё, знали, маски.",0.0
А я вот в таком состоянии находился.,0.0
Вот.,0.0
"Жена заходила там во всём стерильном иногда, и дети.",0.0
"Слава богу, моя семья сейчас себя хорошо проявила.",0.0
"И дай им бог здоровья, спасибо за то, что они меня спасали.",0.0
"Если бы не они, я бы, конечно, не выжил.",0.0
Меня там откачивали адреналином два раза.,0.0
"То есть я уходил, у меня было давление 80 на 60 или 60 на 80.",0.0
"Я что-то не помню, но что-то такое.",0.0
"У меня были страшные два сепсиса, потом пересадка костного мозга, и далее по списку.",0.0
Я был…,0.0
Я почему длинные волосы-то отрастил?,0.0
"Потому что я был лысый два года, полтора.",0.0
"Я так устал быть лысым, что захотел вырасти длинные волосы.",0.0
Такая сублимация.,0.0
"Так вот, я столько смертей насмотрелся, Юра.",0.0
"Гематологическое отделение — это там, где больше всего умирают.",0.0
"Ну, это раки кровяные.",0.0
Там смертность за 50%.,0.0
"50, 60, 70, 80, 90 за этот возраст.",0.0
"Я где-то находился на 60 смертности, 40 выживаемость.",0.0
Ну и где-то так и нахожусь сейчас.,0.0
"И когда ты видишь этих трупов, все время увозят.",0.0
"И это смерть смерти, ты сам умираешь.",0.0
И ты молишься Богу.,0.0
И мне семья моя сделала такой коллаж.,0.0
"Жена, дети все.",0.0
И каждый подписал.,0.0
"Олег, мы тебя ждем дома.",0.0
"Папа, мы тебя ждем.",0.0
И так далее.,0.0
На инстаграме даже есть где-то там сзади.,0.0
Я смотрел на это.,0.0
"Калаша думал, боже мой, хочу видеть внуков, боже мой, хочу выжить.",0.0
"И тут ты видишь, что просто погибают дети, женщины, люди.",0.0
"Просто, они просто, их просто убивают.",0.0
"Кто-то, а именно наша армия российская, а главное, непонятно почему.",0.0
"Они говорят на том же языке, это твои соседи.",0.0
"Ну там война в Чечне, будешь, была как-то, ну типа там они хотели отсоединиться, типа это там другая религия, там они бы там взорвали метро у нас, еще, ну понимаешь, да, какие-то там, какие-то были оправдания.",0.0
"Здесь я просто, что это происходит?",0.0
Почему эти люди гибнут?,0.0
"Я просто не мог это ничего не сказать, после того, чего я прошел.",0.0
"Ты можешь умирать от рака, да, но почему ты просто умираешь от бомбы?",0.0
Потому что ты живешь в Украине.,0.0
Ну что это за пиздец такой?,0.0
Ну как это может быть в 21 веке?,0.0
"Мне не надо никаких миллиардов, я ничего не хочу.",0.0
Я не хочу это видеть.,0.0
Я хочу про это сказать всем.,0.0
"Понимаешь, это моя позиция.",0.0
"Ну, конечно, у меня есть какие-то деньги, и у меня нет морального права никакого осуждать тех, кто сейчас в России боятся.",0.0
И мне куда ехать.,1.0
"У них нет, наверное, дома какого-то за границей, там, в Италии где-то или где-то.",1.0
У них нет работы и так далее.,1.0
Я не осуждаю их.,1.0
"Но я потерял 9 миллиардов, бросил их.",1.0
"Ну, я посчитал, что правильным умереть с хорошей кармой, потому что, ну, мы все умрем.",1.0
Хочется умереть достойно.,1.0
"И чтоб тебя семья вспоминала, и дети тобой гордились.",1.0
"А если надо, наш папа ссыкун, блядь.",1.0
Язык в шопу засунул.,1.0
"Да, мне было страшно.",1.0
Но я это сделал.,1.0
"Брут, иди сюда!",1.0
На!,1.0
На!,1.0
На!,1.0
Вот!,1.0
Иди!,1.0
Иди сюда!,1.0
"Иди ко мне, хороший!",1.0
"Ну, чего ты?",1.0
"Боишься Дудя, что ли?",1.0
Иди!,1.0
"Ну, иди ко мне, ты никого не боишься!",1.0
Хе-хе-хе!,1.0
"Иди, бери!",1.0
Повернись нам лицом.,1.0
Это бруд.,1.0
"Скажи нам, пять лет и восемьдесят килограмм, да?",1.0
Хороший.,1.0
Когда ты попал под санкции Великобритании?,1.0
Через пару недель?,1.0
"Ну, чё-то…",1.0
"Ну, где-то там, да, непринципиально.",1.0
Но очень быстро тебя оттуда убрали?,1.0
"Слушай, я до сих пор под санкциями, там какая-то…",1.0
"Смотри, мое мнение такое.",0.0
"Английское правительство сделало глубочайшую ошибку, ведя меня.",0.0
"И как сказали мои юристы, ты будешь первым, кого оттуда уберут, скорее всего.",0.0
Если вообще это когда-то случится с русским.,0.0
Это явно техническая ошибка.,0.0
"Они там Греф, они, мне кажется, брали финансовый сектор, и у меня имя-то большое.",0.0
А я в России три года вообще не был.,0.0
И 35% я неконтролирующий даже акционер. и не управлял банком.,0.0
"Типа, вот он там, основной владелец банка, который платит много налогов путинскому режиму.",0.0
Я там уж так промолчал.,0.0
"Менеджеров BP всех, которые, как ты говоришь, что я больше тебя в разы, они больше меня в разы платили.",0.0
Менеджеров BP всех не хотите подсенции?,0.0
Они тоже Путину налоги платили.,0.0
"Ну или там Шрёдера какого-нибудь там, который, так сказать, директоров Роснефти, да, там список широкий.",0.0
"Они, безусловно, ошиблись.",0.0
"Это была, скорее всего, бюрократическая просто спешка.",0.0
"Они меня всунули, не разобравшись, кто я есть.",0.0
"Но я уверен, что они разберутся.",0.0
"Потому что англичане, в отличие от наших, они нормальные люди.",0.0
Они разбираются.,0.0
Они разберутся.,0.0
"Пройдет год, два, три, они все равно меня оттуда выведут.",0.0
Потому что я там совершенно незаслуженно.,0.0
"Я никогда не коллаборировал, не состоял, что называется, не участвовал.",0.0
Они меня вели туда случайно.,0.0
Они сделали ошибку.,0.0
"Но они сделали ошибку в ответ на огромное преступление, которое сделало русское государство, начав эту войну.",0.0
Они просто в шоке.,0.0
И сейчас они делают...,0.0
"Они могут меня сейчас европейцы вести, американцы, все что угодно.",0.0
"Но когда этот весь, ну, как сказать...",0.0
"Шок, что ли? пройдет, они, наверное, потом начнут разбираться, кто есть кто.",0.0
"Сейчас, мне кажется, просто они под гребенку метут, там, Тинькофф, там, имя громкое, давай.",0.0
"Ну, это мое понимание.",0.0
"— А, ну, подожди, запрета сейчас нет.",0.0
То есть твоя яхта может перемещаться. по вводам...,0.0
"Смотри, я вообще на ней ни разу еще не был, потому что я болел, если честно.",0.0
"Красивая яхта, она провела прекрасный сезон на Камчатке и потом в Антарктиде.",0.0
"Я еще не побывал на своей яхте, надеюсь, как-то побываю.",0.0
"Хотя в данной ситуации скорее мне ее нужно продать, потому что, ну, у меня просто денег особо нет сейчас.",0.0
"Я ее содержать не смогу просто, мне ее придется продать.",0.0
Вот.,0.0
А запрет на нее...,0.0
"Я, насколько я понимаю, я не могу в Англию заходить на ней.",0.0
— Ага.,0.0
— Это все.,0.0
"— В Италию, в Испанию, в Черногорию можно.",0.0
"— Вроде да, но она все равно в Антарктиде.",0.0
— Своим английским счетом.,0.0
"— В Антарктиде, кстати говоря.",0.0
"Там это страна без государ... как сказать, без флагов.",0.0
"Все русские олигархи поедут тоже в Антарктиду, как и я теперь.",0.0
"Потому что это же, получается, там же нету, ну...",0.0
— Государства.,0.0
— Государства.,0.0
— Своим английским счетом ты можешь пользоваться?,0.0
— А у меня его нету.,0.0
И никогда не было.,0.0
Я ж не жил никогда в Лондоне.,0.0
Это миф.,0.0
Я в Лондоне лечился.,0.0
Я ж там...,0.0
"Я в Лондоне пробыл в общей сложности полтора года, из которых я год, типа, в больнице провел.",0.0
То есть у меня нет никакой инфраструктуры в Лондоне вообще.,0.0
"У меня нет там домов, у меня ничего там нет.",0.0
"Поэтому такой Асад Фрис, который Кэн на меня вела, он такой достаточно...",0.0
Эфемерные?,0.0
"А, нет, самолеты.",0.0
"Но самолеты все задержаны, российские.",0.0
"Ты знаешь, что сегодня 800 самолетов, принадлежащие русским, не могут летать.",0.0
"Они все задержаны, по факту.",0.0
"Просто у меня вообще под это есть некая база документальная, так называемые санкции, а остальные просто задержаны.",0.0
Они взлетать не могут.,0.0
"— Как ты относишься к мнению, что твоя антивоенная позиция — это попытка избежать санкций?",0.0
— Я это мнение слышал.,0.0
И...,0.0
"Я вот так не думал, ты меня поймал сейчас.",0.0
Как я к этому отношусь?,0.0
Да никак не отношусь.,0.0
"Люди всегда склонны искать какие-то, так сказать, оправдания и...",0.0
"Ну, конечно, мы же знаем.",0.0
"Ну, конечно, мы же знаем.",0.0
"Ну, они знают.",0.0
Они знают.,0.0
Я не знаю.,0.0
"Я, во-первых, очень сомневаюсь, что моя какая-то позиция... что-то поменяет в этом, как я тебе только что рассказывал.",0.0
"У них это всё бюрократическая машина, она по-другому работает.",0.0
Они не смотрят на высказывания.,0.0
"Это у всех такое вот есть понимание, что кто-то что-то сказал или не сказал.",0.0
Это так не работает.,0.0
Они…,0.0
У них там какие-то другие…,0.0
Они по фактам.,0.0
"Ну, например, ряд бизнесменов, не хочу их называть российских, попали под полные санкции, которые вообще там либо интервью не давали, либо давали очень мало.",0.0
Они вообще не публичные.,0.0
"Я сейчас даже не про Абрамовича, а про каких-то совсем там…",0.0
Они там смотрят по каким-то другим критериям своим.,0.0
"Ну, там, например, список Форбс, там, вероятно, еще что-то там, еще что-то там, сказать...",0.0
Москва слезам не верит в этом смысле.,0.0
"И нет таких заявлений, после которых кто-то снимет санкции.",0.0
Это полный бред.,0.0
"Это моя позиция, она есть.",0.0
"Если кто-то считает, что я ее делаю для того, чтобы с меня сняли санкции, ну, вы можете так считать.",0.0
Молодцы.,0.0
Посмотрим.,0.0
"Я сомневаюсь, что с меня их снимут в ближайшие несколько лет, во-первых.",0.0
"Потому что, насколько я слышал от юристов, так это не работает.",0.0
— Ты раз в 15 минут закапываешь глаза.,0.0
— А. — Почему?,0.0
"— Ну, у меня такое иммунное заболевание называется «реакция транспланта против хозяина».",0.0
Сложное название.,0.0
РТПХ.,0.0
"Это когда мне сделали пересадку от девушки, которую я, дай бог, скоро увижу, даст бог, потому что немка через два года якобы может с донором встречаться.",0.0
"Это будет такая, мне кажется…",0.0
"Очень эмоциональная для меня встреча, она мне жизнь сохранила.",0.0
"К сожалению, ничто не проходит, так сказать, без ничего, потому что эти клетки, они убивают рак, и я в моменте в ремиссии нахожусь.",0.0
Но они атакуют...,0.0
"Вот мне кожа там была красная год, я ещё чесался.",0.0
Сейчас у меня остался рот немножко.,0.0
"Ну, то есть везде, где, как они, слизистая.",0.0
И сейчас глаза сильные.,0.0
Это так называемый «драй айс».,0.0
"Глаза атакуют, и поэтому я уже к вечеру не могу ещё читать.",0.0
Ну и слава богу.,0.0
"И да, приходится закапывать глаза.",0.0
"Это последствия трансплантации, но парадоксальным образом это то, что спасает мою жизнь.",0.0
Понимаешь?,0.0
Такой инь-янь.,0.0
"То есть, понимаешь, ты должен страдать, и тогда вроде как...",0.0
"Ну, понимаешь, да?",0.0
"Донор, он когда...",0.0
Он убивает все патогенные клетки.,0.0
Но иногда должен тебя чуть-чуть подъедать.,1.0
"А если этого нет, то зачем он патогенные плохо убивает?",1.0
"Я не знаю, если я объяснил.",1.0
— Да.,1.0
— Патогенные — это раковые.,1.0
"— Ты в одном из своих постов предложил закончить войну, дав Путину уйти.",1.0
Как ты это видишь?,1.0
Расшифруй.,1.0
"— Я это никак не вижу, Юра.",1.0
"Я хочу, чтобы остановился весь этот пиздец, всё это месиво кровавое.",1.0
Я простой человек.,1.0
"Я просто говорю Западу, сказал, может, я опять ошибку сделал, опять прошу прощения.",1.0
"Я сказал, ну, может, как-то ему…",1.0
"Мне кажется, мне кажется, я могу сомневаться, что он...",1.0
"Помнишь, у него там «Крыса загнанная в угол», по-моему?",1.0
Его книжки он там любил.,1.0
"Я не читал эту книжку, но какие-то фразы, метафоры.",1.0
Вот он сейчас загнан в угол.,0.0
"И мне кажется, если бы Запад был более рациональный, и все мы бы хотели остановить это кровопролитие, может быть, сделать какую-то конструкцию ему?",0.0
"Это была моя идея. при которой, типа, ему говорится, ну, давай, ладно, мы, так сказать, мы тебя не будем там…",0.0
— Самолёт и триллион долларов.,0.0
— Не знаю.,0.0
"Или мы тебя не будем там судить в будущем, там, как военного преступника, или ещё.",0.0
"Дать какие-то, я не знаю, там, гарантии, но только всё это остановить.",0.0
"Ну, я, наверное, слишком наивный, когда это предложил.",0.0
"Ну, это была идея моя — просто остановить кровопролитие.",0.0
Я же не политик и не претендую на гипермысль в этом.,0.0
"Мне там многие стали писать, как ты это такое можешь предложить?",0.0
"Окей, окей, окей, я заткнулся.",0.0
"Ну, пускай война продолжается.",0.0
Я чё-то хоть…,0.0
Я хотя бы чё-то предложил.,0.0
Как помнишь «Пролетая над днездом кукушки»?,0.0
Я хотя бы попробовал.,0.0
Я вот такой…,0.0
"Ну, моё мнение не подходит.",0.0
Ок!,0.0
Предложите ваше!,0.0
"Ну, ты понимаешь, почему он не работает?",0.0
"Потому что это будет прецедентом для всех других людей, которые какие-нибудь войны будут начинать — лютые, дикие и кровавые.",0.0
"А когда будет не получаться, они будут говорить, «А вот когда-то кому-то удалось уйти от ответственности».",0.0
Так а чё теперь до Москвы его дожимать и бомбить?,0.0
"Тогда будет, скорее всего, ядерная война.",0.0
"Ну, очевидно, да?",0.0
Что если Украина перейдёт...,0.0
"Очевидно, что армия украинская сильнее. сегодня, да, в моменте.",0.0
"Ну просто потому, что им есть что защищать.",0.0
"И они понимают, зачем воевают, в отличие от другой стороны.",0.0
"Ну они вот их выдавят, а дальше что?",0.0
На этом же как бы не заканчивается война.,0.0
Война как может закончиться?,0.0
"То есть они пойдут дальше, до Москвы, там сказать, да?",0.0
Ну что?,0.0
"Тогда Путин бросит ядерную бомбу, как бы, так сказать.",0.0
Какие решения-то?,0.0
Додавливать как?,0.0
Я не знаю.,0.0
— Ты боишься ядерной войны?,0.0
"— Ну конечно, я...",0.0
"Я ж человек, но...",0.0
"Я пожил, вроде, 54 года там.",0.0
"Я за детей боюсь, конечно, больше.",0.0
И вообще за молодёжь.,0.0
"Представляешь, ядерная война для наших детей?",0.0
Не кайфно.,0.0
"Я, правда, не совсем могу осознать её масштабы, что это значит ядерная война между Америкой и Россией.",0.0
То есть как бы...,0.0
"Ну, есть такое устойчивое мнение, что мир в 10 раз, типа... уничтожиться.",0.0
"Ну и я как будто не совсем понимаю, как это работает.",0.0
То есть действительно шарик весь исчезнет или нет.,0.0
"Но если принять это за, ну, так сказать, за правду, то это страшная штука.",0.0
"Как бы не хотелось бы, прямо скажем.",0.0
Поэтому я какие-то варианты предложил.,0.0
"Но я, наверное, был дурак, что это предложил.",0.0
"Что-то я не то предложил, простите. из Тинькофф банка.",0.0
Как это произошло?,0.0
"— Ну, что значит «вышел»?",0.0
— Ты больше не имеешь к нему отношения?,0.0
— Сейчас-то точно.,0.0
"Я имел до недели назад, в общем и целом.",0.0
Я просто ушел от управления.,0.0
"Потому что когда я болел, и болел достаточно сильно, я был там в трансплантационной комнате, не понимал, выживу, не выживу, поэтому я хотел начал продавать Яндексу.",0.0
"И потом я вроде выжил, и моя команда сказала, «Олег, пожалуйста, не продавай, мы построим компанию круче».",0.0
"И, кстати, за несколько дней до 24-го, по-моему, там какого-то числа, мы обогнали по капитализации Яндекс.",0.0
"Мы их сделали, но это ладно.",0.0
"Мы их обгоним, мы их купим, и мы вот стали жить в этой риторике.",0.0
"А я передал все в семейный траст. потому что я не понимал, сколько я проживу.",0.0
И при передаче я поменял контролирующие голоса.,0.0
"Есть такое понятие, простите за ликбез, экономические голоса и голосующие.",0.0
"Вот у меня один к десяти, как во всех практически IT-компаниях.",0.0
"Ну, например, Цукенбергу или там Брину или любому там, возьмите, им принадлежит там восемь процентов.",0.0
А голосующих у них там типа 60%.,0.0
То есть они принимают все решения.,0.0
У меня была такая же конструкция.,0.0
У меня было 35% экономических и 85% голосующих.,0.0
"Потому что в IT-компаниях это разрешают инвесторы делать один к десяти, один к пятнадцати, плечо.",0.0
"Ну, что типа считается, что фаундер, он лучше понимает компанию, ему нужно не трогать его, да?",0.0
"Что, наверное, оправдано.",0.0
А в тот момент я просто передал в сайт директоров все голоса.,0.0
И на самом деле последние два года у нас был реальный сайт директоров.,0.0
"Там англичане, американцы, русские.",0.0
И решения принимались уже коллегиально.,0.0
То есть у меня не было контроля.,0.0
Но у меня оставался экономический контроль.,0.0
Я был сильно самый большой акционер.,0.0
"У меня было 35%, а у второго после меня, наверное, было 3%, скажем.",0.0
Просто моим именем называлось.,0.0
— Ты продал эти 35% вот совсем недавно?,0.0
— Неделю назад.,0.0
— Как это произошло?,0.0
Ты продал по своей воле?,0.0
— Нет.,0.0
"Ну смотри, когда все это началось…",0.0
"Вернее, как.",0.0
"Я продал это по своей воле, а цену получил не ту, которую бы я хотел.",0.0
"Когда все это началось, я сразу понял, что будет плохо.",0.0
Я не высказаться не могу.,0.0
Я должен высказаться.,0.0
"Соответственно, я понимал, что будут наезжать.",0.0
"И понимал, что банк будет под угрозой.",0.0
Меня все время наше руководство говорило...,0.0
"«Олег, ну пожалуйста, ну не надо, не высказывайся, ну потерпи, ну у нас 70 тысяч сотрудников, у нас 22 миллиона клиентов».",0.0
Ну это как вся вся риторика сейчас такая в России.,0.0
"«Мэ, что ты сейчас сказал, тебе хорошо, а вот нам будет плохо».",0.0
"Окей, ребята, окей, я молчу, я молчу.",0.0
В какой-то момент я уже не мог молчать.,0.0
"И я понял, что лучше продать и их не подставлять.",0.0
И тогда я стал искать покупателя.,0.0
"Ну, конечно, она…",0.0
Это начало марта?,0.0
Это начало…,0.0
"Да. начало прямо, самое начало марта, я думаю, блин, продам.",0.0
"Возобновились торги на московской бирже, компания стоила 8 миллиардов долларов, что в три раза меньше, чем она стоила до, потому что она стоила 22 миллиарда, но все-таки 8 миллиардов долларов.",0.0
"То есть моя доля, 35%, была выше 2 миллиардов еще до сих пор.",0.0
"И я подумал, ну я продам, конечно, каким-то дисконтом вероятным, там сказать, ну там, за полтора, может, миллиарда, за сколько-то там продам свою доля.",0.0
И начал искать.,0.0
"Начал разговаривать с одним, вторым, третьим олигархом.",0.0
Вот.,0.0
"И, соответственно, все такие, ну, мы, может, купим, но что-то дороговато.",0.0
Мы сейчас все сами в шоке.,0.0
"Они, кстати, все сами в шоке, во-первых.",0.0
Все в шоке.,0.0
И все...,0.0
Там пассаж интересный такой.,0.0
"Как минимум три моих знакомых, которые под санкциями олигарха, они хотят в Россию возвращаться.",0.0
"Ну так, чтобы было понятно, насколько все запущено. не хотят в Россию.",0.0
Не хотят в Россию.,0.0
"Кто-то в Дубае сидит, кто-то в Лондоне, так сказать.",0.0
Но они не хотят в России.,0.0
"Это же поговорить тебе о режиме, который, так сказать, у нас очень такой хороший.",0.0
"То есть даже санкционные Западом бизнесмены не хотят что-то там, так сказать, как мне понравилось.",0.0
Народ с Харькова.,0.0
"У меня человек работает с Украины, с Харькова.",0.0
"И он говорит, Олег, объясни, как вы нас освобождаете, если до границы с Харькова 38 километров, а до Львова тысяча.",0.0
И брат во Львов убежал.,0.0
Вот вы же освободили.,0.0
А почему мы 38 километров выбрали тысячу километров?,0.0
"Такой хороший, да, аргумент?",0.0
"Ну, как бы это, может, не смешно, но это как бы говорит о том, какую построили мы привлекательную страну.",0.0
"Что люди предпочитают тысячу километров пешком идти, чем 38 там на машине доехать, да?",0.0
"Так вот, значит, я с ними стал говорить.",0.0
"И потом, 19-го числа, действительно, я сделал этот пост.",0.0
Вот теперь...,0.0
"Если бы я продал вчера и сегодня вот я с тобой такой сижу такой крутой, там Путин, всё, там все.",0.0
"Вы бы сказали, как ты там говоришь, он хочет санкции снять.",0.0
Ну у людей всегда что-то будет фобия.,0.0
"Мне бы вот если это предъявили, я бы понимал и сказал бы, ну да, мне никто ничего не может предъявить, потому что я сказал про наше говно коррупционное правительство, армию и всё до того, как я продал.",0.0
Я ничего не продал.,1.0
У меня не было сделки на руках.,1.0
У меня ничего не было.,1.0
Я владел дачами двумя на Камчатке и в Астрахани.,1.0
Сейчас я всё продал.,1.0
"Этим заводом, господи.",1.0
Рестораном ещё вспомнил.,1.0
Банком и так далее.,1.0
Я сделал это заявление.,1.0
"И только после этого, через неделю я продал.",1.0
Я ссыкло или я не ссыкло?,1.0
"Давай так, я рационален или я нерационален?",1.0
Нерационален.,1.0
Нерационален.,1.0
"Вот, например, Фридман мне позвонил и сказал, ты сумасшедший.",1.0
"Он говорит, ты реально сумасшедший.",1.0
"Он говорит, тебе надо бы сначала продать, потом заявить, сказал Миша.",1.0
"Я говорю, Миш, мне похуй.",1.0
Я так чувствую.,1.0
Я не могу молчать.,1.0
Я не могу молчать.,1.0
Понимаешь?,1.0
Ну какая мне разница?,1.0
"Два миллиарда за это получу или сто миллионов, или пятьдесят.",1.0
Вот какая разница?,1.0
Вот какая разница?,1.0
"Я не хочу с этим говном жить просто, я хочу забыть и все, понимаешь?",1.0
"Они стали суетиться и предлагать мне какие-то бросовые деньги после того, как банк заявил, что они отзывают бренд, и они меня не знают.",1.0
"Им, естественно, позвонили с администрации президента, там какие-то люди сразу запугали.",1.0
"Мы вас сейчас это национализируем, ведем временное управление в банк, потому что все там режут карты.",1.0
Ну там...,1.0
"Они режут карту, у вас выносят депозиты, банк может упасть, мы сейчас временное управление ведём.",1.0
"И я понимал, что они бы это сделали, они ввели бы это временное, как называется там, временное управление.",1.0
"Ну как они, в открытие вводили и так далее.",1.0
"Мне мой руководитель звонил, говорит, «Олег, банк сейчас забирают, всё, ты рискуешь».",1.0
"И я, естественно, просто Потанин, молодец.",1.0
"Он сказал, «Столько-то плачу».",1.0
Копейки.,1.0
Совершенные копейки.,1.0
"Я сказал, «Окей, переводите».",1.0
И они мне наслежение платили.,0.0
И всё.,0.0
Это всё была сделка.,0.0
"Что за копейки, ты можешь сказать?",0.0
"— Ну, я уже сказал три процента, ну, там, посчитайте, господи.",0.0
— Три процента?,0.0
"— Ну, это копейки.",0.0
"— То есть ты хочешь сказать, что это в тридцать три раза меньше, чем по цене в восемь миллиардов?",0.0
— Чем я мог бы получить.,0.0
— Чем мог бы получить до войны?,0.0
"— Ну, вот цифра, она кому что даст?",0.0
Вот эта цифра — триста миллионов или десять миллионов.,0.0
"Вот в контексте, что это даст?",0.0
Я по соглашению не могу.,0.0
"— А, но если NDA, то окей.",0.0
"— NDA, конечно.",0.0
"Я не могу, зачем?",0.0
Это их тайна.,0.0
"— Не знаю, если не ТРОС может, может, они могут?",0.0
— Я не знаю.,0.0
"Я там подписал быстро, но точно помню, что я не могу цену разглашать.",0.0
"— Слушай, а как технически это происходит?",0.0
— Потому что на Кипре бумаги.,0.0
Они приезжали в моей семье просто.,0.0
"И моя там, так сказать, семья, там они подписали, этот траст продали.",0.0
"Эта сделка была вне России, как бы они купили холдинговую компанию на Кипре.",0.0
"— Во время суда выяснилось, что у тебя есть паспорт Кипра.",0.0
— Да.,0.0
— Он остается?,0.0
"— Ну, он у меня есть.",0.0
"Я не думаю, что в рамках этого интервью это кому-то интересно или полезно.",0.0
— Ты за инвестицию его получил?,0.0
— Да.,0.0
Все получили паспорт Кипра и Монако тоже.,0.0
Тут никаких новостей нет.,0.0
"— Это твоя опция сейчас, если вдруг будут проблемы с продлением документов российских?",0.0
— Или ты вообще не думал об этом?,0.0
"— Ну, я об этом не думал как-то.",0.0
"Но я всегда найду какие-то опции, господи.",0.0
"Но беженцем могу стать, в конце концов.",0.0
"Наверное, еще что-нибудь там.",0.0
Я пока про это не дошел.,0.0
— А брал его с какими целями тогда?,0.0
— Путешествовать.,0.0
Легкость путешествий.,0.0
— Ты после первого своего поста вышел в комментарии и написал «Да мне похер на этот банк».,0.0
"Что было за состояние, когда ты писал?",0.0
"Там в контексте, ты видишь, как вырвано.",0.0
"А там кто-то мне пишет, я все помню.",0.0
"Хотя, кстати, я был не пьян, я был пьяный, кстати.",0.0
"Я выпил вина тогда, когда-то.",0.0
Я просто написал и сразу напился.,0.0
"Я был бухой, когда отвечал.",0.0
"И он мне говорит, кто-то пишет, «Как ты мог так заявить?",1.0
Твой банк теперь под угрозой!»,1.0
"Я говорю, «Да мне похер на этот банк!»",1.0
"И в контексте, что «Да похер мне!»",1.0
Я не могу это видеть.,1.0
"Я не могу видеть, как гибнут люди, понимаешь?",1.0
"Я не могу видеть эту кровь, детей. там, женщин, и так далее, и так далее.",1.0
"Всё вот это вот, всё это насилие.",1.0
В этом контексте мне по...,1.0
"Они говорят, там кто-то спросил, «Как ты мог так заявить?",1.0
"Ты же подставил, там, типа, весь свой банк».",1.0
"Это ответ был, «Да мне похер на банк».",1.0
"Это такая непрямая цитата, что «Мне похер на банк».",1.0
"Мне на него до сих пор, кстати, как-то не похер.",1.0
"Хотя я его продал, и мое сердце будет за него болеть ещё долго-долго-долго. и он будет по-другому уже называться, но я буду за ним как-то так вот пытаться присматривать.",1.0
"Если Бог даст, то я буду жив.",1.0
Вот.,1.0
"И так далее, так далее.",1.0
"Но все-таки мое детище, 15 лет, их не выкинешь.",1.0
"Но в контексте моего заявления, похер, я выбираю мое гражданское заявление.",1.0
"Два года назад ты вел переговоры с Яндексом, и там застопорилось как ты говорил, в том числе и за денег.",1.0
— Мы с Аркадием долго разговаривали.,1.0
— С Аркадием Воложем?,1.0
— Конечно.,1.0
"Я считаю, что Аркадий — ну-ка ж великий предприниматель.",1.0
"Ну, тут он себя повел, на мой взгляд, не очень конструктивно.",1.0
Шесть миллиардов он предлагал.,1.0
Я сказал — шесть двести.,1.0
"О, ты понимаешь, сколько я потерял?",1.0
"Это тогда было два и два, что ли, миллиарда долларов.",1.0
"Опять, я всегда был нерациональный.",1.0
"Если бы я закрыл эту сделку, у меня сейчас было бы два и два миллиарда.",1.0
— Налом.,1.0
"— Налом, который, наверное, вы, может, арестовали как-то.",1.0
"Ну, неважно.",1.0
"Да я слушаю, я про это...",1.0
Я вот реально не парюсь про деньги.,1.0
"Я понимаю, что это так звучит бахвально.",1.0
"Ну, да похеру.",1.0
Я построил лучший банк в стране.,1.0
Я построил четыре...,1.0
"Мы с Серёгой Галицким, кстати, в Милане недавно разговариваем, сидим и говорим, «Серёга, ты лучший предприниматель».",1.0
"Вот реально я с моей супругой сидим, она у меня живой свидетель, я говорю, «Ну, ты реально лучший».",1.0
"Он так смотрит на меня, говорит, «Олег, хочешь честно?",1.0
Лучший предприниматель России — это ты».,1.0
Я говорю...,1.0
Почему?,1.0
Ты построил четыре разных бизнеса абсолютно в разных сферах.,1.0
В абсолютно разных сферах.,1.0
"Ритейл, производство продуктов питания, пиво и банк.",1.0
И все они супер успешны.,0.0
"А я один, я строил 15 лет один и тот же бизнес ритейл.",0.0
"Он говорит, это намного проще, чем ты.",0.0
"Можете у него спросить, позвонить, получить квоты.",0.0
Квот.,0.0
И так далее.,0.0
Я вот готов умирать. с такими формулировками.,0.0
"Вторая часть, моя команда, там, Оливер, Стас Близнюк и так далее, они меня очень сильно отговаривали.",0.0
"Они говорят, Олег, мы сами построим.",0.0
"И действительно, через год мы уже стоили 22 миллиарда на лондонской бирже.",0.0
"Они мне рассказали план, они рассказали, что мы будем делать.",0.0
"Они говорят, ну зачем ты продаешь?",0.0
Зачем?,0.0
И я стал люк с чужой.,0.0
"Я когда начал говорить с Аркадием, ему просто надо было яйца на стол дожимать.",0.0
Я начал переговоры в июне.,0.0
"Трансплантацию я сделал в июле, и прямо вот лежа в трансплантационной комнате после трансплантации костного мозга, я с ним вел переговоры вот так.",0.0
"Я не понимал, я выживу, не выживу.",0.0
"Ну, потому что, знаешь, семья бы, конечно, получила бы 2 миллиарда долларов.",0.0
"И, соответственно...",0.0
А потом мне что-то легче-легче.,0.0
И к октябрю я вроде начал жевать.,0.0
Это тоже...,0.0
Это третья причина.,0.0
Вот и все.,0.0
Тут никаких больше.,0.0
То есть он чуть-чуть не захотел доплатить.,0.0
Команда моя сильно была против этой сделки.,0.0
"Справедливо, что оказалось.",0.0
"Ну, я, конечно, проиграл в контексте.",0.0
И я стал себя лучше чувствовать.,0.0
И в итоге я оставил эту компанию сам.,0.0
"— И сейчас ты продал дешевле, чем по шесть.",0.0
"— Ну, я какие-то копейки получил просто от этого.",0.0
"— Сколько раз ты жалел, что не продал тогда?",0.0
— И опять же...,0.0
"Ну, я пожалел вот сейчас.",0.0
"Не, как пожалел?",0.0
"Да, дурак, надо, конечно, Яндексу за два миллиарда продать.",0.0
"Ну, такая абстракция.",0.0
Вот в контексте какая разница?,0.0
Вот какая разница?,0.0
"Ну, как бы, у тебя...",0.0
"У меня было 9,4 в моменте.",0.0
"9,4.",0.0
— Состояние по Форбсу?,0.0
— Да.,0.0
"Сейчас у меня там 0,2, наверное.",0.0
"Ну, какая разница?",0.0
"Ну, вот какая разница?",0.0
"Ну, на моем качестве жизни это никак не влияет.",0.0
"Велик надо, если...",0.0
Ресторан любой.,0.0
"Ну, какая разница?",0.0
"Ну, я...",0.0
Я реально так не парюсь.,0.0
"Мои дети, сын занимается один инвестициями, второй наукой, химией, дочка, там сказать, своим там проектом занимается, для дачами этими там.",0.0
"Они говорят, пап, делай, что хочешь, хочешь продавай, хочешь, нам деньги.",0.0
"То есть как бы, ну какая разница?",0.0
"Мы с супругой живем достаточно скромную, ну, относительно скромную жизнь.",0.0
"Нас нету какой-то там, вот видите, вы же у меня тут в гостях, нету.",0.0
"Кухарки, если вы заметили.",0.0
Нету уборщицы.,0.0
Никого нету.,0.0
Обрати внимание.,0.0
Уборщицы приходят.,0.0
У нас в доме никто не живет.,0.0
"Сейчас, завтра же дня, будет у меня два охранника.",0.0
У меня никогда охранников никаких ничего не было.,0.0
Сейчас в контексте охранники появятся.,0.0
Для нас новая какая-то жизнь.,0.0
Мы поживем с охранниками.,0.0
Мы спокойные.,0.0
Жалел ли я?,0.0
"Ну, жалел.",0.0
"Слушай, чё жалел?",0.0
"Я ещё раз говорю, мне 700 миллионов в январе предлагали за пять процентов.",0.0
— Кто?,0.0
— Фонд американский большой.,0.0
Вот.,0.0
И поэтому...,0.0
Чё жалеть-то?,0.0
"Ну, жалел, жалел, там, сказать.",0.0
"Это деньги, всего лишь деньги.",0.0
Я тут звонил одному олигарху угольному на днях нашему.,0.0
"И он такой говорит, ты понимаешь, цены на уголь выросли со всей этой вот... спецоперацией.",0.0
"И как бы у меня и беда будет полтора миллиарда, он сказал в этом году.",0.0
"А я про себя подумал, а теперь скажу вслух.",0.0
"Вот нахуя тебе полтора миллиарда, если у тебя уже есть 20?",0.0
Есть ли такой пиздец в стране?,0.0
Если мы бомбим мирные города соседей?,1.0
Нахуя тебе эти полтора миллиарда?,1.0
Ты понимаешь?,1.0
Вот зачем ему полтора миллиарда?,1.0
Чтобы что?,1.0
Я этого не понимаю.,1.0
— Почему у тебя появятся охранники?,1.0
"— Ну, потому что после моих заявлений...",1.0
У нас же много общих знакомых.,1.0
Все-таки я пил вино с хорошими людьми зачастую.,1.0
А эти хорошие люди там общаются.,1.0
"Ну, кстати, у меня же покупатели.",1.0
Вот все олигархи мне звонили.,1.0
"Вот, name it.",1.0
Я даже...,1.0
"Я, кстати, Потанина в жизни не видел.",1.0
"Ну, и не знаком с ним.",1.0
Он мне по Zoom набрал.,1.0
"«Здрасте, Олег Юрьевич, мы бы хотели приобрести».",1.0
Он мне позвонил и быстро сделку сделал.,1.0
"В процессе переговоров они же там все общаются с Кремлем, с силовиками, хер знает.",1.0
"Они все говорили, да, тобой крайне недовольны.",1.0
"И мы считаем, тебе надо быть аккуратным со своей личной безопасностью.",1.0
Потому что твои заявления не зашли.,1.0
"И я говорю, а чё ж так-то?",1.0
Где я?,1.0
Зачем?,1.0
"Они говорят, не, проблема в том, что ты являешься для, оказывается, до сих пор, хотя я три года не был в России, что и, как они сказали, я могу ошибаться. что я являюсь неким кумиром для некого поколения вот этих вот 20-30-летних айтишников, несмотря на мои заявления про царя, видать.",1.0
"Они говорят, ты для многих являешься такой ролевой моделью, кумиром.",1.0
"И поэтому твои слова, это было очень мощно сказано, они говорят, это в контексте.",1.0
"Там условно, там какой-нибудь заявил, там, ну не знаю, кто там, даже Абрамович, ну, понимаешь, кто-то там.",1.0
Он не заявляет ничего.,1.0
"Ну, кто там?",1.0
Дерипаска.,1.0
"Ну, как бы похуй, что сказал Дерипаска.",1.0
"Ну, как бы, кому он нужен?",1.0
"Ну, по большому счету.",1.0
"Он говорит, а это, понимаешь, все вот эти айтишники, вся вот эта вот молодежь, которая сейчас сидит и думает, уехать, не уехать.",1.0
А что делать?,1.0
"Валить, не валить.",1.0
"И тут Олег Тиньков заявляет, что у нас все говно, и непотизм, и коррупция.",1.0
"Он говорит, это было...",1.0
"Очень для Кремля, но они же не дураки там.",1.0
"Они, блядь, это стрёмное заявление от чувака от этого, понимаешь?",1.0
"Потому что он как бы, ну, авторитет для этих людей.",1.0
Что ты думаешь про Яндекс?,1.0
Великая компания.,1.0
Аркадий — великий предприниматель.,1.0
Яндекс Сёрдж — супер гуд.,0.0
"Всё, что они стали делать дальше, связанное с оффлайном.",0.0
"Сомнительно, но окей.",0.0
"Все, что они делали с Яндекс.Ньюс — это полное говно.",0.0
"И они коллаборировали с Кремлем, в отличие от меня.",0.0
Я никогда не коллаборировал с Кремлем.,0.0
Никогда.,0.0
"Ни одну рекламку не поменял, ни одно высказывание, ни какую-то карту.",0.0
Аркадий большой молодец.,0.0
"Но Яндекс.Ньюс — это то, за что он будет гореть в аду.",0.0
"Если кто-то не в курсе, Яндекс.Ньюс — это там все независимые новости запрещены, ты выходишь на главную и видишь только повестку официальную.",0.0
То есть это витрина цензора.,0.0
"Он, наверное, должен был бы это продать как-то или выделить и очистить свою карму, но он это не сделал.",0.0
И это пиздец.,0.0
— Почему не сделал?,0.0
— Я не знаю.,0.0
"История Яндекса — это история, во-первых, России, а во-вторых, великой катастрофы?",0.0
"Ну, когда компания, которая реально была... классные, невероятные, тянущие, казалось бы, целое поколение вперед.",0.0
"Ну, конечно, это катастрофа.",0.0
"Там прекрасные люди работают, прекрасные айтишники.",0.0
"И там, я не знаю, 99,9% сотрудников там очень классные.",0.0
Прямо реально классные.,0.0
"Ну, а кто у нас классные компании?",0.0
"Яндекс, Тинькофф.",0.0
"Там, в Екатеринбурге есть, по-моему, софтверная компания.",0.0
В Питере пару-тройку.,0.0
"Забыл там их название там. можно вспоминать, они классные.",0.0
"Там классные ребята, продвинутые, молодые.",0.0
"Прям вот, ты понимаешь, ты говоришь, почему-то я не выступал, там, что-то не боролся.",0.0
"Я находился в этом инвайрменте, мы с ними гуляли с тобой, кстати, там, ты видел.",0.0
"И когда ты видишь этот класс этих людей, которые тоже в рваных джинсах, там, рыжий и красный.",0.0
"Ну для меня, я как в Калифорнии, где я прожил шесть лет, я был как в Америке.",0.0
Для меня вот немножко такая аберрация была.,0.0
"Ну вот они же, вот они.",0.0
Вот это же Россия.,0.0
Они классные.,0.0
Понимаешь?,0.0
Тинькофф — это же классные ребята.,0.0
Яндекс — это классные ребята.,0.0
Там просто сейчас компания вылетает.,0.0
В Питере пять IT-компаний — это классные ребята.,0.0
В Екатеринбурге и так далее.,0.0
Но потом начинается мрак.,0.0
"Просто я туда не ходил, в этот мрак.",0.0
Он сейчас сам ко мне в комментарии пришел.,0.0
Вот.,0.0
"Но Яндекс, безусловно, крутая компания.",0.0
Очень жалко.,0.0
"Я слышал, там уехало чуть ли не топ тысячи уже людей.",0.0
И это очень пиздец.,0.0
Это очень жалко.,0.0
И это очень обидно.,0.0
— Сколько у тебя осталось денег?,0.0
Ты считал?,1.0
"— Нет, надо будет посчитать.",1.0
"Вот продам яхту, на которой я никак достать не был.",1.0
— А сколько стоит яхта?,1.0
"— Миллионов сто, наверное.",1.0
— Угу.,1.0
— Вот.,1.0
— У тебя много недвижимости по всему миру?,1.0
— Какая-то осталась.,1.0
— Что будет с ладачами русскими?,1.0
— Я их продал.,1.0
"— А, ты их продал?",1.0
Там смена юрлица?,1.0
— Да-да-да.,1.0
— За сколько?,1.0
— Ну...,1.0
Они были проданы более-менее по рыночной цене.,1.0
Тут я не буду плакаться.,1.0
Нормально.,1.0
А за них были заплачены рыночные деньги.,1.0
Вот банки я продал за три цента.,1.0
"На доллар, как это считается, или три процента.",1.0
"А дальше нормально продал, там сказать.",1.0
"Ну, хорошие объекты, люди будут кайфовать на Камчатке, в Астрахани и так далее.",1.0
— На Камчатке уже построены дальше?,1.0
"— Нет, ну это бомба будет.",1.0
Это просто лучший объект.,1.0
Там финны строят.,1.0
И успели всё с Финляндии завести.,1.0
"10 тысяч квадратных метров с банями, с кедровыми.",1.0
Там просто классный объект.,1.0
"С брусом, с бревном с огромным.",1.0
Камчатка — это будет просто…,1.0
Наконец-то будет куда нашему великому вождю слетать.,1.0
"Там же жить негде, даже когда прилетают сами.",1.0
Они там живут в каких-то халупах.,1.0
Там же вообще ничего нет.,1.0
"Вообще, Камчатку мне очень жалко.",1.0
"Мне единственное, что жалко — это Камчатку.",1.0
Потому что я не буду в Москве в ближайшие годы.,1.0
"Или никогда, наверное, в жизни не буду больше в Москве.",1.0
It's ok.,1.0
Петербург — больнее.,1.0
"Ленинск-Кузнецкий, где могила моего папы — очень обидно и очень жалко.",1.0
Камчатка — блин.,1.0
Не прощу Камчатку.,1.0
"У тебя остались дома, которые ты сдаешь в Европе?",1.0
— В Европе.,1.0
"— По всему миру, да.",1.0
Мексика еще.,1.0
— Это работает как бизнес?,1.0
— Да.,1.0
"Ну там семья занимается, так сказать.",1.0
"У меня там дочка чуть шустрит, я так сильно туда не лезу.",1.0
"— Ты считал, сколько в год тебе каждая дача может приносить?",1.0
— Ну они все прибыльные.,1.0
Давай так.,1.0
Они там зарабатывают деньги.,1.0
"Этот сезон, наверное, будет плохой, потому что в связи со всем этим вот пиздецом, многие, наверное, отказываются, сейчас начинают.",1.0
"У нас, понимаешь, например, там Форте отказался, чувак две недели снимал сейчас. с Украины.",1.0
"Он говорит, ну, ребята, вы же понимаете.",1.0
"После него две недели отказался там чувак, который из России под санкции попал.",1.0
"Вот так все, понимаешь, страдают все.",1.0
"— У тебя был какой-то момент, когда ты думал, что денег стало сильно меньше, и прежний образ жизни ты не сможешь поддерживать?",1.0
— Я точно не упаду в уровне жизни.,1.0
Вот я видел в интервью Чулпан Гордеевой.,1.0
"И, кстати, на этот Чулпан как-то деньги шли перевести, помочь, потому что, не знаю, потом я с ней пообщаюсь.",1.0
"Но она прям говорит, что вот у нее прям там краш такой в уровне жизни.",1.0
"Ну, я такого пока точно не предвижу.",1.0
Просто мне ничего такого особо...,1.0
"Я понимаю, там, олигархи, ну, такие стереотипы.",1.0
"Тинькофф, миллиардеры.",1.0
Я был достаточно неприхотлив в своих каких-то бытовых вещах.,1.0
"Я не вижу каких-то там, ну, что там, я не знаю.",1.0
"Ну, наверное, вино я любил очень хорошее пить, бургундское.",1.0
"Ну, может быть, буду меньше пить, если только дорогого вина.",1.0
"А так я не вижу, где мне нужны какие-то...",0.0
"То есть я не понимаю, как у меня уровень жизни может упасть.",0.0
"Я кушаю, вкусно.",0.0
"Ну, слушай, хороший обед стоит 50 евро.",0.0
"Ну, окей.",0.0
50 евро я всегда найду.,0.0
"Как ты себе объясняешь, почему молчит большинство других крупных бизнесменов?",0.0
"Во-первых, я считаю, что 100% из них согласны со мной.",0.0
"Ну, потому что я разговаривал.",0.0
"Давай так, из топ-20 Фарбса я лично разговаривал с 15.",0.0
С 12.,0.0
Все меня поддерживают.,0.0
"То есть, чтоб ты понимал, консенсус полный.",0.0
Полный.,0.0
"Ну так, для понимания.",0.0
— Поддерживаются они против войны?,0.0
— Конечно.,0.0
Ну и даже дальше.,0.0
"Скорее даже все мои заявления, мои посты.",0.0
"Половина из них говорит, что у нас же коллектив, у нас же 70 тысяч работает.",0.0
"У них 100, у кого 200, у кого 500.",1.0
Ну куда?,1.0
Как мы заявим?,1.0
"Они будут заложниками ситуации. половина себя этим оправдывает, а вторая половина говорит, ну, а че от нас зависит?",1.0
"Ну, заявим мы.",1.0
"Ну, потеряем мы этот бизнес.",1.0
"Ну, а ты берут у нас.",1.0
Как вот у тебя сейчас.,1.0
И че?,1.0
Че ты вот этим добился?,1.0
"Ну, это их выбор.",1.0
И я не могу на них их осуждать.,1.0
"Ну, хотя осуждаю.",1.0
"Ну, так.",1.0
"Не глубинно, но осуждаю.",1.0
"Ты читал интервью Авена и Фридмана про то, что не хватает денег на уборщицу?",1.0
"Да, читал.",1.0
"Мне показалось, смотри, Миша и Петя, они, в отличие от меня, например, они всегда работают с юристами, с пиарщиками.",1.0
"Ну, у них всё так продумано, всё хорошо.",1.0
"Мне кажется, их пиарщики подставили.",1.0
Это было очень глупо.,1.0
Моё мнение.,1.0
"Ну, как бы в России все порадовались.",1.0
"Ну, наконец-то эти суки страдают.",1.0
"А в Англии им всем пофигу, там эмпатии это не вызовет.",1.0
"Кому пофигу, что какой-то миллиардер из России должен дома кушать вместо ресторана?",1.0
"Ну как бы, 90% мужчин скажут, ну и хер ли, а мы вообще каждый день дома едим?",1.0
"Ну там, понимаешь, да?",1.0
— Ты сам сказал в начале интервью про Галицкого.,1.0
"Ты меня спрашивал, а вот почему он молчит?",1.0
"Ты задавал ему вопрос, почему он молчит?",1.0
— Задавал.,1.0
"Ну, ответы я такие только что говорил.",1.0
Примерно у всех одни.,1.0
"Есть детище, которое ты вырастил.",1.0
"Я говорю, ну тебя-то вообще чё, ты ж продал кэш там, ну чё, тебя в Краснодар твой заберут?",1.0
Стадион?,1.0
Ты всё равно для людей построил и парк.,1.0
"Не знаю, у каждого...",1.0
Я его не могу осуждать.,1.0
Как я могу осуждать Галецкого?,1.0
"Ну лучше бы было, чтоб он бы высказался.",1.0
"Потому что он, как и я, является некой ролевой моделью.",1.0
"Потому что нас всего лишь двое в России, кто чё-то...",1.0
Ну давай так.,1.0
"Всего в России, для понимания, две компании, которые построены с полного нуля, которых не существовало в Советском Союзе.",1.0
Ни в какой форме.,1.0
"Ни в форме маленькой, небольшой.",1.0
И которые дошли до уровня 1 миллиард долларов.,1.0
Долларов.,1.0
Чистые прибыли за год.,1.0
Чистые прибыли.,1.0
Это Магнит и Тинькофф.,1.0
Всё.,1.0
Нет больше компаний.,1.0
"При всём уважении, там, к X5, там, ещё какой-то, это всё равно всё на остатках, на обломках Советского Союза, на тех или иных покупках потом за счёт нефтяных денег, мерджах, там, ну, понимаешь.",1.0
"А это вот, ну, не было магнитного, его не существовало.",1.0
Поля.,1.0
"Тинькофф не было, это было поле.",1.0
"Был чувак-пивник, который придумал, говорит, а я хочу делать банк без отделения.",1.0
"Все сказали, что за дебил?",1.0
"Да, вот.",1.0
И только два человека взяли.,1.0
И поэтому мы являемся такой ролевой моделью для молодёжи.,1.0
"И мне кажется, если бы Сергей свою позицию сформировал, это было бы круто.",1.0
Мне так кажется.,1.0
Я его не осуждаю.,1.0
"Я считаю, ты должен на него взять интервью, кстати.",1.0
Мне так кажется.,1.0
"Он, скорее всего, не захочет, опять же.",1.0
"Сергей, хоррэ.",1.0
Ну вот хоррэ.,1.0
"Ну не отсидишься, понимаешь, не отмолчишься.",1.0
"Ты говорил, что никогда не коллаборировал с Кремлем, но при этом у тебя были близкие отношения с Дмитрием Песковым.",1.0
Расскажу про Диму с удовольствием.,1.0
— Куча фотографий.,1.0
Вот-вот-вот.,1.0
"И даже твои комментарии про то, что вот бы все чиновники были такие, как Дима.",1.0
— Не куча.,1.0
"Смотри, я от друзей не отказываюсь.",1.0
"Леш, не знаю, насколько он от меня отказывается.",1.0
У меня немного друзей.,1.0
"Наверное, человек сорок.",1.0
"Тридцать, скорее.",1.0
Ну как?,1.0
Друзей.,1.0
Ну давай так.,1.0
Диму я не видел уже три года.,1.0
И переписывался с ним раз в полгода.,1.0
"Ну, так вот.",1.0
"Ну, дружим.",1.0
С Димой.,1.0
У меня есть ещё друг Саша Дюков.,1.0
Прекрасный человек.,1.0
Выпивал тоже с ним.,1.0
Мы с ними на базе вина.,1.0
Дима любит правильное вино.,1.0
Саша Дюков тоже.,1.0
Вот мы с ними выпиваемся.,1.0
— Краснодарская?,1.0
"— Не, бургундская, прости.",1.0
— Я уточню.,1.0
— Бургундская.,1.0
"Но Дима, в частности, он любит разные.",1.0
Вот.,1.0
"Саша больше бургундская, как и я — Дюков.",1.0
Вот.,1.0
"И смотри, Дима — мой друг.",1.0
Я так считаю.,1.0
Я с ним не разговаривал после всего этого.,1.0
Не разговаривал.,1.0
"Я с ним говорил последний раз с Кабо Сан-Лукас, где я был, за недели две до войны.",1.0
Давай я не буду давать его прямые цитаты.,0.0
И мы говорили о ситуации вскользь.,0.0
"Мое понимание, что... все окружение Путина, включая Дмитрия Пескова, прекрасно понимают, что происходит.",0.0
"Мое понимание, они против этой войны.",1.0
"Ну, это сложно не заметить по лицам, по формулировкам, по всему.",1.0
Это вторая часть.,1.0
Третье.,1.0
Я с ним не обсуждал...,1.0
"Я с ним не так часто встречался, как это может быть, много фотографий.",1.0
"Я с ним встречался два раза в год, типа.",1.0
"Это всегда было либо его день рождения, либо Тане Навке, день рождения, с которой мы тоже дружим.",1.0
Либо что-то такое.,1.0
"Какие-то такие общие встречи, так сказать, там, выпивали вино.",1.0
Ко мне он домой приходил пару раз.,1.0
"Там, так сказать, широкая...",1.0
"Оливер, помню, Хьюз приходил в нашу и так далее.",1.0
Это обычный...,1.0
"Он, а, прекрасный человек.",1.0
"Б, мы с ним никогда не говорили про политику.",1.0
Ну вот никогда.,1.0
"Он иногда какие-то смешные истории рассказывал про Путина, как он там, я не знаю, там шел по острову, там, так сказать, с ФСОшниками, и там вышел в маске человек и сказал «О, охуеть, Путин!»",1.0
Ну и тогда далее.,1.0
"Там всех зачисли, а один остался.",1.0
"Где-то в Камчатке, что ли.",1.0
Ну вот такие.,1.0
"Мы не обсуждали политику, понимаешь?",1.0
"Ну потому что он, это его работа.",1.0
"У меня есть друзья, которые работают...",1.0
"Один работал в Кремле, второй там работает еще кем-то, второй там, так сказать, строитель, третий велосипедист.",1.0
Разные друзья есть.,1.0
И я с ними...,1.0
"Мы не садились и говорили, а вот, блядь, там Путин или что-то.",1.0
"Но это, во-первых, контекста этого не было, про это говорить.",1.0
"А во-вторых, как бы все все понимали.",1.0
И я знаю только одно.,1.0
Он мне никогда ничем не помогал.,1.0
И никто мне не может это предъявить.,1.0
"Он мне не предлагал помогать, а я его не просил.",1.0
"Мы вот так вот держали дружбу, паритет.",1.0
И я от него никогда не буду открещиваться.,1.0
"Потому что я считаю, Дима прекрасный человек.",1.0
Реально крутой.,1.0
"Все, что он говорит, как сказал Путин, он несет пургу.",1.0
Но он этому не верит.,1.0
Я так думаю.,1.0
Он мне это не говорил.,1.0
Но я так думаю.,1.0
"Да, опять же, как дружили.",1.0
Вот и же дружили.,1.0
Три года я вообще его не видел.,1.0
Встречались два раза в год.,1.0
"Мы хорошие, я бы сказал, даже знакомые.",1.0
"И в общем и целом, он очень либеральный человек.",1.0
Ты будешь смеяться.,1.0
Он либеральный человек.,1.0
Либеральных взглядов.,1.0
Очень трезвый.,1.0
Образованный.,1.0
"Надеюсь, он не скурвится, как Лавров.",1.0
"Потому что Лавров, который я тоже так...",1.0
Я с ним не знаком.,1.0
"Он же был... такой интеллигентный, либеральный и трезвый.",1.0
"Ну, ты понимаешь, последние его заявления, конечно, совсем печаль вызывают.",1.0
— Про Гитлер и еврея?,1.0
"— Ну, там куча.",1.0
"Это уже, как сказать, там...",1.0
Какие-то ядерные угрозы всему миру.,1.0
"Ну, что это такое?",1.0
"— Может ли прекрасный человек заниматься такой работой, как Дмитрий Песков?",1.0
"— Я понимаю, о чем ты говоришь.",1.0
И...,1.0
Ну...,1.0
А как он оттуда уйдет?,1.0
Вот как он оттуда уйдет?,1.0
— Встанет и уйдет.,1.0
— Ну хрен его знает.,1.0
"Я слышал, Набиуллин тоже хотела встала и уйти.",1.0
"— Говорят, что есть версия, что это слух, запущенный намеренно для того, чтобы попробовать спасти ее репутацию.",1.0
"Я не знаю, так это или нет.",1.0
Есть версия.,1.0
"— Ну, я не знаю.",1.0
Мне кажется...,1.0
"Я не знаю, как он может уйти или не может уйти.",1.0
— Как можно встать?,1.0
"— Ну, это его работа.",1.0
А хрен знает.,1.0
Вдруг ты дружишь с гробовщиком каким-нибудь?,1.0
"Вот как бы он там, не знаю, покойников там или еще что-то.",1.0
Я не знаю.,1.0
— Это неправильное сравнение.,1.0
Гробовщик — это правильное.,1.0
Он не убивает людей.,1.0
Он отправляет их в последний пост.,1.0
"— Я не думаю, что Дима убивает кого-то, ты что понимаешь?",1.0
Он как бы комментирует.,1.0
Он всего лишь пиарщик.,1.0
"Мне все время говорили, вот Дима Песков там.",1.0
"Я говорил, ну вот у меня тоже есть пиарщик в банке был.",1.0
"Я говорю, ну вот я его вижу раз в неделю.",1.0
Вот что он может повлиять?,1.0
Ничего.,1.0
"Вот как он может на меня повлиять? говорю, говори это, неси туда, делай то.",1.0
Что он сделает?,1.0
"Есть мнение, и оно крайне логично звучит, что те, кто отвечали за пиар и пропаганду, прямые соучастники того, что бомбят мирные города и на тот свет отправляют мирных людей.",1.0
И это очень складно.,1.0
"Я слышал даже такого, как Соловьева был такой в Германии, его вроде повесили после Нюрненского, да?",1.0
"Ну, я думаю...",1.0
Вот этих людей тут вопросов нет.,1.0
Всякие там…,1.0
"Ну, мы знаем…",1.0
— А чем отличается Песков от Соловьева?,1.0
"Тем, что он марафетит то, что он говорит под интеллигентский, немного такой даже игривый интеллектуальный стиль?",1.0
"— Смотри, я лично знаю, как тебя общался с Песковым и общался с Соловьевым, но это несопоставимое величине.",1.0
"— Хорошо, мы не общаемся…",1.0
— Дима намного… их нельзя сравнивать.,1.0
"Я думаю, Дима никогда не будет нести такую... такую пургу, которую несёт Соловьёв.",1.0
"Ну, мне так кажется.",1.0
"Я сейчас выступаю каким-то его защитником, но я думаю, это неправильно.",1.0
"— Мне кажется, ты просто противоречишь себе.",1.0
— Давай.,1.0
"— Ну смотри, допустим, я... дружу.",1.0
"Вот есть прекрасный человек, не знаю, там, Вася Иванов.",1.0
Так с ним классно общаться.,1.0
Мы на сноуборде вместе катаемся.,1.0
— Бухнуть!,1.0
"— Да, мы любим краснодарское вино от Галицкого, например, который он запустил.",1.0
Мы любим в розу ездить.,1.0
"Мы любим много чего делать, да, ходить на панк-концерты.",1.0
Но при этом Вася работает ментом и на работе пытает людей.,1.0
И я это знаю.,1.0
"И я говорю, ну я про работу с ним не говорю, потому что так мне классно в Мошпит залезать вместе с этим Васей.",1.0
И я с ним об этом не говорю.,1.0
И я себя так оправдываю.,1.0
"А он приходит и очень мастерски душит тех подозреваемых, там, устраивает им всякие штуки.",1.0
"Не кажется ли тебе, что это очень то же самое?",1.0
"Ну, во-первых, смотри, я просто никогда не хочу быть подлецом и опять карму себе портить.",1.0
"И не хочу кого-то предавать. вот так вот в онлайне и говорить, да не, конечно, он мудак.",1.0
"Во-первых, как ты описал ситуацию с ментом, у меня с Димой такой дружбы нет.",1.0
И не было.,1.0
Мы с ним там...,1.0
Мы с ним просто знакомы.,1.0
Давай так.,1.0
Все-таки мы с ним не друзья.,1.0
Мы все-таки знакомы.,1.0
Это все-таки будет ближе.,1.0
Просто...,1.0
Я его знаю с очень хорошей стороны.,1.0
И...,1.0
"То, что фото даже, он сфотол, это, по-моему, он сам говорит, вывеси в Инстаграм, там что-то.",1.0
"Он очень открытый, либеральный, какой-то классный.",1.0
"Я вот такого знаю, понимаешь?",1.0
"Ну, я не могу от него отрекаться.",1.0
"Ну, чего вы от меня хотите?",1.0
"Что бы я сейчас сказал, что там Песков мудак?",1.0
"Он не мудак, он хороший человек.",1.0
Я его знаю как хорошего человека.,1.0
"Да, у него поганая работа.",1.0
"Ну, простите его.",1.0
У меня есть другой вариант.,1.0
"У меня есть однокашница моя, Лена зовут.",1.0
Подруга моя.,1.0
В Горном институте вместе учились.,1.0
"С ее мужем, дружим.",1.0
До сих пор дети дружат.,1.0
И все-все-все.,1.0
Так что в Кабо-Сан-Лукас вместе провели две недели.,1.0
"Вот все, что она имеет, она имеет благодаря моей помощи.",1.0
"Квартиры, машины, хорошее вино.",1.0
Я им просто помогал.,1.0
"Друзья, одноклассники.",1.0
"Там помогу, сям помогу.",1.0
Она занимается всякими вещами.,1.0
"И она вот считает, что вот этот вот пиздец, операция «Зет» — это хорошо.",1.0
И вообще она путинистка.,1.0
Вот что мне сейчас с собой сделать?,1.0
"Мне 34 года нашей дружбы, куда деть?",1.0
"Мне сказать, иди нахуй, Лена.",1.0
Там есть подружка Света из этой же группы.,1.0
Она тоже путинистка.,1.0
И тоже «Зет» на машине рисует.,1.0
"Вот что мне, как мне с этим жить?",1.0
Подскажи мне.,1.0
Вот что мне делать?,1.0
"Мне перестать общаться с моими однокашниками, с которыми я в общаге с одной бутылки, вы это не помните, по шесть, там, шесть рублей водку пил, вот это разливал под стаканом пограненым, с этими, с их мужьями.",1.0
"Ну, они, я с ними ругался как мог.",1.0
"Сейчас в моменте не разговариваю, просто бросил трубку, потому что я, сейчас я не могу с ними общаться.",1.0
"Ну, я должен с ними прекратить общаться.",1.0
— Ты спрашиваешь?,1.0
— Да.,1.0
"Ну, я не призываю, чтобы моя позиция была для всех этим, но, по-моему, здесь ответ очевиден.",1.0
"Нельзя отказываться от общения с человеком, если он других политических взглядов.",1.0
"Ну, нельзя, потому что это как бы непоследовательно.",1.0
"Классно, чтобы была конкуренция и все остальное.",1.0
"Если он за что-то любит Путина — ну, окей.",1.0
Но это работало до 24 февраля 2022 года.,1.0
"Потому что сейчас он превратился в человека, которого поддерживает того, с кем я не согласен политически.",1.0
Он поддерживает войну.,1.0
Он поддерживает убийство людей.,1.0
И о чем с ним можно общаться?,1.0
Можно попробовать его переубедить.,1.0
— Я поэтому не общаюсь.,1.0
"— Да, можно попробовать переубедить, но если понять, что это бессмысленно, мне кажется, это фундаментальное. вещь, которая говорит о человеке и о том, стоит ли тратить на него своё время, силы и уж точно любовь.",1.0
"Ну да, поэтому вот, к сожалению, я не общался.",1.0
"А что касается, чтобы закончить с Песковым, ну я общался с ним последний раз, там, четыре месяца, три месяца назад.",1.0
"Ватсап, ватсап.",1.0
"По телеку, как я его вижу, мне кажется, он сам в шоке.",1.0
Я могу ошибаться.,1.0
"Ну, наверное, он заложник.",1.0
Хрен его знает.,1.0
"А с другой стороны, я сейчас что-нибудь наговорю, ему в Кремле так прилетит, его еще выгонят, скажут, что это там Тинькофф тебя хвалил?",1.0
Что это?,0.0
"Ты же понимаешь, я сейчас боюсь что-то еще сказать в его поддержку, потому что ему потом там прилетит, блядь, от начальства, от его, может быть, я не знаю.",0.0
Про рак ты давал большое интервью Панишкину.,0.0
"Да, там все, по-моему, там все в деталях, поэтому.",0.0
Максимально в деталях.,0.0
Несколько уточнений.,0.0
У тебя сначала была химиотерапия.,0.0
"— А потом, через какое-то время, ты делал пересадку костного мозга?",0.0
"— Три химиотерапии сначала, которые убивали рак.",0.0
А через четыре месяца — пересадка.,0.0
— Твое лечение стоило 120 тысяч евро?,0.0
"— В Германии, где меня спасли жизнь тремя химиями, и пересадка — еще 120 тысяч уже сама пересадка.",0.0
То есть от того где-то 250 там.,1.0
— Твой сосед по койке?,1.0
— Немец.,1.0
— Садовник лечился бесплатно?,1.0
"— Да, это точно.",1.0
— А государство Германии за него платило?,1.0
— Да.,1.0
"И там было смешно, но мы же все русские бизнесмены.",1.0
"Ну, неважно.",1.0
"Я такой, я еще ничего не понимал, что такое рак, что такое лейкемия.",1.0
"Я говорю, они мне вливают, носят эти пакеты там.",1.0
Ты лежишь такой в несознанке.,1.0
"Я говорю профессору, ну, простите уж меня.",1.0
"Я говорю, а можно как-то?",1.0
"Клиника обычная немецкая, Helios называется, в Берлине.",1.0
"Я говорю, деньги какие-то американские, самые дорогие таблетки, я могу себе все позволить.",1.0
"Он так на меня посмотрел, говорит, Олег, успокойся.",1.0
"Ты получаешь самое лучшее лечение, которое сегодня возможно при твоем диагнозе в мире.",1.0
"Он говорит, более того, в соседней палате, вот это его были слова, лежит у нас садовник.",1.0
Сейчас.,1.0
И он получает то же самое лишение.,1.0
"Просто ты платишь за это деньги, а ему это бесплатно по немецкой вот этой там страховке.",1.0
"Он говорит, у нас не подразделяется, как в вашей стране.",1.0
Он так бросил камушек в нас.,1.0
"Ну, заслуженно.",1.0
Он две вещи говорил.,1.0
Профессор Гласова зовут.,1.0
"Он говорит, у вас в России всегда врут.",1.0
"Родственникам говорят один диагноз, а больному — другое.",1.0
"Он говорит, мы не врём.",1.0
"Вот я сразу тебе говорю, у тебя шанс выжить небольшой, но мы будем стараться.",1.0
Я такой в шоке.,1.0
"Он говорит, я понимаю, потому что у вас родственникам в коридоре говорят в вашей стране правду, а больному говорят неправду.",1.0
"Ну, это там дискуссионно.",1.0
"И второй он сказал, да, садовник, он получает те же самые лекарства, и ты получаешь всё, что... науки сегодня достижимы.",1.0
"Он говорит, никакие деньги тут ничего не решат.",1.0
"— Ещё, когда ты рассказывал про своё лечение, ты в своём духе, в своём стиле рассказал, что ты во время химиотерапии занимался сексом.",1.0
Физически это возможно?,1.0
— В моём…,1.0
"— Разве это тебе не так плохо, что ты просто…",1.0
"Я когда разыскал, там у меня Алёна была, с Украины, кстати.",1.0
Алёна.,1.0
"И она меня там спасала, носила мне от другой украинской, потому что там кормят…",1.0
"Кстати, кормят ужасно.",1.0
Ужасно кормят в немецких больницах.,1.0
Это правда.,1.0
"Она мне носила от какой-то украинской тётечки, готовила мне борщи, какие-то утки там, что-то там приносила всё время в пакетиках. за какие-то совершенно копеечки, типа там за 15 евро, там, знаешь, пакет такой.",1.0
"А она мне сказала, вообще-то, говорит, я такого никогда не слышал, а с раковыми тут больными годами, говорит, что…",1.0
Ты реально…,1.0
"Я говорю, ну как-то я вот так.",1.0
"Ну, я думаю, это физиологические всякие особенности организма.",1.0
"— А, пардон, ей стало известно о том, что у вас свидание было с женой?",1.0
— Да я… просто с ней прикололся.,1.0
"Она мне что-то говорила, ну там в контексте.",1.0
"«О, давай, Олег, ты должен больше спортом завязывать».",1.0
"«Ну что, давай, я вчера тут то-то-то делал».",1.0
Она такая «О!»,1.0
"Говорит, ну ты даёшь.",1.0
"При том, что при гематологических онкологии, при лекемиях, лимфомах и так далее, самая сильная химиотерапия считает, что самая… мощная химиотерапия, которую получает человек, ну, потому что у тебя, представляешь, везде клетки, это не какой-то орган, а это везде.",1.0
"Самая мощная химиотерапия именно при раковых, при кровях рака и вроде при каких-то еще там саркомах сложных.",1.0
"Ну, в общем, я получал, будьте нате, дозу.",1.0
"Там есть такой дексорубицин, по-моему, называется.",1.0
"Такая красная, ему надо Red Devil.",1.0
"Такая красная штучка, она очень неприятная.",1.0
"Когда тебя в неё вливает, ну ты реально…",1.0
"Мне всё время говорят, как химиотерапия?",1.0
"Я лучше не нашёлся, чем объяснить, сказать, ну наркотики наоборот.",1.0
Обратно пропорционально любым наркотикам.,1.0
"Вам про наркотики нельзя, но вы всё равно иноагент, и вам уже похуй.",1.0
Ты каждый год проходил чекап.,1.0
— Медицинское обследование?,1.0
— Да.,1.0
— Просто в декабре ты делал полное обследование.,1.0
— Да-да-да.,1.0
— Но даже оно на ранней стадии не поймало рак.,1.0
— Это называется acute leukemia.,1.0
То есть...,1.0
Как это там?,1.0
Я уж начинаю.,1.0
В России не было.,1.0
Острый лейкоз.,1.0
Чем отличается острый — это две недели.,1.0
Они его называют врачи лейкоз по пятницам.,1.0
То есть это...,1.0
Острая форма.,1.0
И вот даже во время COVID закрылись все раковые больницы.,1.0
"Единственное, что они принимали — это больных с лейкемией или, как в России называют, лейкоз.",1.0
"Потому что санитарная авиация даже в советское время, как мне сказали, применялась и так далее.",1.0
"Наверное, здесь до сих пор применяется.",1.0
То есть там всё идёт на дни счёт.,1.0
"Мне глаз сразу сказал, если ты не начнёшь сейчас химиотерапию, то ты умрёшь.",1.0
Там дни.,1.0
То есть у тебя начинают ни с того ни с сего производиться раковые клетки костным мозгом.,1.0
И забивать всю систему.,1.0
"Они пустые, как бы, пустышки.",1.0
"И у тебя кровь, почему называется белокровие, другое название этой болезни.",1.0
"У тебя кровь не красная, а становится такая, она прям светлая.",1.0
Поэтому это невозможно.,1.0
"Лейкоз, лейкемия не...",1.0
Как это слово называется?,1.0
Для чего делают чекапы?,1.0
Чтобы предупредить.,1.0
"Ну не предупредить, есть более умное слово.",1.0
Не диагностирую.,1.0
— Профилактика.,1.0
— Спасибо.,1.0
Он не профилактируется.,1.0
"Ты в комментариях написал «Дерипаска — это олигарх и вор, а я — честный предприниматель».",1.0
"Не, я очень рад, что мои комментарии, оказывается, еще читают не только посты.",1.0
"Я это написал, я так считаю.",1.0
Это не только «Дерипаска».,1.0
Для меня «Дерипаска» — это некий образный «Дерипаска».,1.0
Они все там воры.,1.0
"Потому что они все приватизировали задарма то, что построил твой, мой и их деды.",1.0
"Они все, ну так, понимаешь, это как звучит громко «вор».",1.0
"Ну, как воры?",1.0
"Жулики, скажем так.",1.0
Я честный предприниматель.,1.0
"Напомню, за что ты выплатил больше полумиллиарда долларов государству США?",1.0
"Напомню, за неправильную плату налогов. при выходе из гражданства.",1.0
Я делал exit tax.,1.0
И на тот...,1.0
"Слушай, я уже перед судом выступал, поэтому перед тобой не буду оправдываться или перед кем-то.",1.0
Я неправильно заполнил декларацию.,1.0
"Скажу честно, Бог передо мной, а я в данной ситуации с Богом шутить не хочу.",1.0
"Потому что когда у меня 50% шансов выжить, я не знал, что существует такой налог, который называется exit tax.",1.0
"Оказывается, в США...",1.0
У кого американский паспорт?,1.0
"Когда ты выходишь, ты должен заплатить 30% от прироста стоимости всех своих активов.",1.0
— Капитала.,1.0
— Капитала.,1.0
От прироста.,1.0
"Вот если бы я, например, взял паспорт, у меня 10 миллиардов, а вышел — у меня 8.",1.0
Ничего не надо — ноль.,1.0
"А когда я студентом стал, 96-м гражданином, а выходил — у меня IPO.",1.0
— Когда IPO вывел банк и стал миллиардером.,1.0
— Конечно.,1.0
Я вышел...,1.0
"И там, во-первых, еще пиздец, что это было за день.",1.0
"У меня IPO типа там 23 октября, а документы процессировались там 26-м.",1.0
А я вышел в Москве в консульстве и все подал первого.,1.0
"А я не знал, что там 20 дней, пока не посылали в Америку туда-обратно.",1.0
Это и... и штамп официальный выход.,1.0
"Я все заполнил, и они мне в американский паспорт поставили, только они его прокололи, дырку мне сделали.",1.0
"Я и думал, что вышел.",1.0
"Дали бумажку «Exit citizenship», сертификат.",1.0
А вообще официально провели только через 21 день.,1.0
"А нет, сертификат они мне потом дали.",1.0
И вот в этот один день сыграл со мной роковую вещь.,1.0
"Потому что когда я заполнял декларацию, я был уверен, что я уже не гражданин и так далее.",1.0
"Неважно, я был неправ.",1.0
Я заплатил деньги.,1.0
"Теперь я честный человек, так сказать.",1.0
Я платил все налоги.,1.0
Все налоги заплатил.,1.0
"И потом, подожди, это я частное лицо.",1.0
"Я говорил, я честный предприниматель.",1.0
Что я имел в виду?,1.0
И повторюсь.,1.0
Не давал взяток никому.,1.0
Никогда.,1.0
Никогда и никому.,1.0
Детектора лжи тащи.,1.0
Не фронтил.,1.0
"Не было акций какого-то Петрова, Сидорова, Иванова, на ком-то оформленной, как половину этих олигархов, блядь.",1.0
Понимаешь?,1.0
"Никогда ни с кем не заносил, не решал, ничего.",1.0
Всё строил по американскому типу.,1.0
"Как я отучился в Беркли на маркетинг, вот я всё это и строил.",1.0
Как я прожил…,1.0
Я строил американский бизнес с американскими ценностями.,1.0
И когда мне говорили…,1.0
"Помнишь, сонирование банков шло?",1.0
Я ни одного банка не сонировал.,1.0
Я бы мог сонировать 20.,1.0
"Знаешь, почему?",1.0
Там надо что-то...,1.0
"И я говорю, не-не-не, это вообще не наше.",1.0
"Я не могу, это противит мою вещь.",1.0
"Поэтому это то, что я имею в виду.",1.0
"Как физическое лицо, да, я фокапнул с Америкой.",1.0
"И, к сожалению, я заплатил огромные деньги.",1.0
"Но обратим внимание, это деньги, которые в некотором смысле я назвал круговорот воды в природе.",1.0
Я продал акции. американским фондом.,1.0
"Они мне дали эти деньги, и я заплатил назад бюджет в Америку за мои акции.",1.0
"Слава богу, я успел до всего этого краша, всей этой войны.",1.0
Поэтому я выплатил все.,1.0
"— А почему твой юрист тебе не сообщил, что…",1.0
— Хороший вопрос.,1.0
И он коррелируется с предыдущим.,1.0
"Не коррелируется, а подтверждает, что я не врал.",1.0
"В отличие от Миши Пети, которых только что упоминал, который работает с юристами, пиарщиками, я вот такой человек, как ты говоришь, как я буду жить.",1.0
Ну я такой какой-то вот…,1.0
"Как все, я простой.",1.0
"Я выходил сам, потому что я по-английски неплохо говорю.",1.0
"Я просто взял все это, заполнил и все.",1.0
Я не нанял юриста.,1.0
У меня не было юриста.,1.0
"Я говорю, ты что, дебил?",1.0
"Я говорю, ну, ребята, ну, в контексте, во-первых, 13-й год, там, что-то.",1.0
У меня просто юриста не было.,1.0
Я его даже не нанял.,1.0
Я просто сам все заполнил.,1.0
Потому что в Америке ты можешь сам все заполнять.,1.0
"Идешь на сайт, пожалуйста.",1.0
Форма 10-40 называется.,1.0
Я ее заполнил.,1.0
Написал и заплатил там какие-то…,1.0
"Я там платил какие-то, поскольку там по 300 тысяч долларов в год, что-то такое там.",1.0
"Вот я заплатил, что я должен был заплатить подоходного.",1.0
"А exit tax, видишь, я не знал.",1.0
Виноват.,1.0
"— Там же уголовка могла быть, да?",1.0
"— Ну, это уголовное было.",1.0
Это было уголовное преследование.,1.0
"— Ты допускал, Мойс, что ты можешь сесть в тюрьму?",1.0
— Сто процентов.,1.0
"Я не сел в тюрьму только потому, что я болею раком.",1.0
"И, кстати говоря, это тоже мне был большой триггер про суды.",1.0
Потому что я был на суде… по Зуму.,1.0
Это было очень сложно.,1.0
"И такой джедж Тайгер — это тот самый джедж, который, помнишь, Трамп первый закон сделал — не пускать иммигрантов?",1.0
А теперь вдумайся в контексте к Путину и все это.,1.0
Джедж Тайгер оверрул.,1.0
"Он сказал, нет, он не прав, иммигранты могут езжать.",1.0
Помнишь вот это?,1.0
Это он.,1.0
"Первый гей-мерридж, брак — это он.",1.0
Он такой ультралиберальный сан-франциский джедж.,1.0
А я — Сан-Франциско.,1.0
Он такой мне сказал...,1.0
— Судья Тайгер.,1.0
— Судья.,1.0
Джордж Тайгер.,1.0
Тайга.,1.0
У него фамилия.,1.0
Я просто…,1.0
Я реально заплакал на суде.,1.0
Потому что он сказал примерно следующее.,1.0
"Он сказал, «Ты совершил страшное преступление.",1.0
Ты должен сидеть в тюрьме.,1.0
И за твой контакт…»,1.0
"Он говорит, «Это шесть лет тюрьмы».",1.0
И вот так показывает мне в камеру.,1.0
"Он говорит, «Это шесть лет тюрьмы».",1.0
Но я никогда не посажу тебя в тюрьму.,1.0
Потому что…,1.0
Я лучше по-русски.,1.0
"Он говорит, «Потому что ты больной человек».",1.0
"И я знаю, что у тебя 50% шанс выжить.",1.0
Я не посажу тебя в тюрьму.,1.0
"Ты должен заплатить штрафы, потому что я должен был заплатить 200, там, со штрафами 500.",1.0
"530 я заплатил даже, не 507, 530.",1.0
"Ты должен заплатить там 530, и я от всего своего сердца желаю тебе здоровья и выжить.",1.0
"Блядь, я заплакал.",1.0
Это правосудие.,1.0
"Но ты понимаешь, вот это правосудие.",1.0
Это где Россия...,1.0
Начать с чего нужно в России?,1.0
С люстрации.,1.0
Всех судей нахуй.,1.0
"Все ФСБ, КГБ, СВР, ГРУ.",1.0
"Милиция, хер с ним там.",1.0
Все равно сброд не трогать.,1.0
Этих разберемся потом.,1.0
Вот их всех люстрировать.,1.0
"Вот прям всех, понимаешь.",1.0
Это просто...,1.0
Ельцин это не доделал.,1.0
"Когда пришёл Ельцин к власти, когда вы под стол пешком ходили, я хорошо помню, я пошёл ООО «Петросим» свой регистрировать, и всё закрыто, и везде печати висят.",1.0
"Я помню, это хорошо, это был Фрунзенский район, жил Ленинграда, горком.",1.0
"Они говорят, а горком партия опечатана?",1.0
"Ельцин запретил коммунистическую партию, ты понимаешь?",1.0
"Но потом он заднюю включил, к сожалению.",1.0
"И всё это опять, и все эти мудаки пришли к власти, понимаешь?",1.0
"Ну, в общем и целом, конечно же, Россия не поменяется, пока не будет полной иллюстрации всех этих судей.",1.0
И я бы еще всех учителей зариллюстрировал.,1.0
Всех до единого.,1.0
"Потому что те, кто подделывают выборы, они не учат людей, они подделывают выборы.",1.0
Вот все же они делают.,1.0
Вкидывают там бюллетени.,1.0
То есть полная иллюстрация.,1.0
"Учителя, судьи, ФСБ, КГБ, СВР и далее по списку.",1.0
Только после этого мы можем сесть и о чем-то говорить.,1.0
"Если хочешь сильно туда песково засунуть, засунь.",1.0
Но мы должны сделать эту иллюстрацию.,1.0
"Ты говорил, что взрослая гематология в России — мрак и ужас.",1.0
"Ну, это такая легкая формулировка.",1.0
Что именно?,1.0
А все.,1.0
"Смотри, если ты не в городе миллионники, и тебе 50 лет, и у тебя лейкемия, то с вероятностью в 90% ты умираешь.",1.0
"Если ты в... в любом европейском городе, в деревне в любой, и тебе 50 лет у тебя лекемия, с вероятностью в 50 процентов, даже 40 ты умираешь.",1.0
Ну вот вся разница.,1.0
"То есть там в разы просто, в разы.",1.0
"Нету ничего, нету…",1.0
Нормальных палат.,1.0
"Мы сейчас фонд «Семи Тиньковов», мы сейчас ремонтируем три.",1.0
"Строим трансплантационные центры в Челябинске, по-моему, в Екатеринбурге, еще где-то, не помню.",1.0
Нет трансплантационных палат.,1.0
И обучением еще нянечек.,1.0
У нас три проекта.,0.0
"Лабораторное, обучение и нянечки.",0.0
"Вот, о господи, и строительство ТКМ, трансплантационных центров.",0.0
"Нету центров, нету обученных нянечек, нету врачей, нету медикаментов, нету химиотерапии, нету доноров, нету ни-ху-я.",0.0
Вот просто ни-ху-я.,0.0
Я хотел потратить своих 200 миллионов долларов в это.,0.0
И хотел что-то поменять.,0.0
"Ну, больше я потом...",0.0
"Мы хотели миллиард в итоге собрать, и мне уже начали деньги.",0.0
"Большие компании, не буду говорить, посылали, там, «Северсталь», ещё какие-то уже миллионы нам стали долларов.",0.0
"Потому что я даже не просел, и то стали стать.",0.0
"То есть вы понимали, какое великое дело дело?",0.0
"— Давай коротко объясним, что такое «эдаунмент».",0.0
Я могу ошибаться.,1.0
"Это, допустим, у тебя есть миллиард долларов благотворительных.",1.0
"— Да, ты его вкладываешь в бизнес-меки.",1.0
— Ты вкладываешь в инвестиции.,1.0
"— В инвестиции, и на проценты идут туда.",1.0
"— То есть, грубо говоря, набегает, например, 10% в год прибыли, и получается 100 миллионов.",1.0
И эти 100 миллионов разбрасываются на благие дела.,1.0
— Все правильно.,1.0
"Идея была — собрать миллиард долларов. под 10%, чтобы по-простому, 100 миллионов долларов был бы бюджет этого фонда ежегодный.",1.0
"Мы хотели сделать регистр, договориться с первым каналом, со вторым, с третьим, сделать рекламу.",1.0
"Извини, я умею делать.",1.0
И мы хотели все это дело двинуть.,1.0
"Ты говорил, что смертность в России от рака крови у взрослых очень высокая, а у детей она сильно снизилась.",1.0
Да.,1.0
Какие цифры?,1.0
"В общем, давай так.",1.0
"Ну, видишь, взрослый — там же много.",1.0
Что значит «взрослый»?,1.0
"80 — это взрослый, и 40 — это взрослый.",1.0
Поэтому всё-таки там нарезка.,1.0
"Вообще, если взять, у детей выживаемость 95% — 5 умирает.",1.0
"А у взрослых примерно 50-40% выживает, 50-60% умирает.",1.0
"Но мы говорим «взрослые» — это всё, что 30+.",1.0
"Понятно, что в когорте 70-80, там умирает 95%, а в когорте 30, наверное, выживает 60.",1.0
"Понимаешь, да?",1.0
"Насколько правильно считать, что один из тех, благодаря кому выживаемость детей резко поднялась, это Чулпан Хаматова?",1.0
"Ну, это 100% она.",1.0
Она это сделала и подняла.,1.0
"Там, конечно, ряд коллег, там Мощан есть такой, там еще коллеги. там, ну, Панюшкин, какой-то пиар там, прикрытие, что называется, осуществлял.",1.0
"Там командная работа фонда «Подари жизнь», но человек, кто эту тему двинул и двинул её капитально, это Чулпан Хаматова.",1.0
Тут даже двух мнений быть не может.,0.0
"Она просто, вот вдумайтесь, вот её карма, я борюсь сейчас за свою карму, а у неё карма уже всё, она уже в раю.",0.0
"Она ангел, потому что, ну, она натурально спасает.",0.0
До нее было 40% только выживала.,0.0
То есть она натурально…,0.0
Десятки тысяч детей в России сейчас не умирают благодаря одной женщине.,0.0
Роль личности в истории.,0.0
"— Ты говорил, что много наговорил лишнего и неприятного.",0.0
"Есть две вещи, которые кажутся дикими безумно.",0.0
— Давай.,0.0
— Первое.,0.0
— Сегодня у нас прямо исповедь.,0.0
Девочка с короной в офисе Тинькофф банка…,0.0
"Вообще прикол был, мы с ней договорились.",0.0
Ровно полная херня.,0.0
Вот все передернуто.,0.0
"— Подожди, ты ее прямо оскорблял.",0.0
— Да мы с ней договорились.,0.0
"Как прикол, давай, говорит, там, трафик накрутим туда-сюда.",0.0
Это…,0.0
— Она была в курсе.,0.0
— Не принимается.,0.0
— Она была в курсе?,0.0
"— Позвони ей, спроси.",0.0
"Я не знаю, сейчас я телефон...",0.0
Конечно.,0.0
"Ну мы с ней пообщались, она у меня работала еще года три.",0.0
Так мы с ней так договорились.,0.0
"Говорю, давай я тебя сейчас назову так и так, так и так, там, трафик.",0.0
"Тогда что-то я увлекался, как ты сейчас.",0.0
"Сейчас я не увлекаюсь лайками, там, херайками, просмотрами.",0.0
Но тогда я еще увлекался.,0.0
"Говорю, давай сейчас хайпанем.",0.0
"Вот, тогда еще слова такого не было.",0.0
"Это чистый хайп, это была с ней договоренность.",0.0
Снимаем вопрос.,0.0
— Окей.,0.0
"Второе — у тебя был конфликт с немагией, и к немагии пришли с обыском и со всем остальным, и выглядело это так, что богатый человек Тинькофф натравил ментов. по делу об оскорблении чести и достоинства, и в деле, на которое вяло, короче, кто-то как-то реагирует, следователи приехали из Москвы, обыск и все остальное.",0.0
"— Смотри, рассказываю.",0.0
"Я не посмотрел про никогда эту хрень, но когда мне прислали несколько выдержек, там что-то на меня писают, там еще что-то, я, кажется, взбесился.",0.0
Ну взбесился и взбесился.,0.0
Но потом... случилось очень плохое.,1.0
"Они, оказывается, там оскорбили мою супругу.",1.0
"А супруга моя, ну, она вообще святой человек.",1.0
"А на самом деле, то, что она со мной последние три года, как провела, ну, я знал, что она свята, а теперь просто корона выкреставилизовывалась.",1.0
"И я не мог себе позволить, как мужчина, может, сибиряк, может, там...",1.0
"Я был неправ, наверное, сейчас откручиваю назад, и я же не во многом прав.",1.0
"Я был неправ, я сказал, нихуя себе!",1.0
"Вы трогаете мою семью, которая…",1.0
Ни одно интервью не дала женщина.,1.0
Ничего.,1.0
Вы на какие-то…,1.0
"Еле-еле какие-то фотографии вместе со мной нашли, туда её вставили и оскорбили там её, женщину, которая…",1.0
"И потом она приходит и говорит, Олег, ты там…",1.0
Меня за что?,1.0
Что это такое?,1.0
"И всё, у меня планка упала.",1.0
Я позвонил своему юристу.,1.0
Я позвонил.,1.0
"Служба безопасности, которая у нас была какая-то никакая, у нас не было в понимании мордоворота.",1.0
"Но были какие-то люди, там что-то работали, какие-то айтишники.",1.0
"Я сказал, ребята, сколько бы это нам не стоило, уголовные дела возбуждайте, доказывайте по заклевету туда-сюда.",1.0
Дальше я вообще-то находился в Италии.,1.0
Я даже в России не был.,1.0
"Я приехал в октябре, а это все, по-моему, происходило в августе, через два месяца.",1.0
А потом «Эмиран» там насмерил.,1.0
Они подали в этот самый… куда там?,1.0
Уголовное заявление или как это делается?,1.0
Я вообще никогда в жизнительном суде не судился.,1.0
Это был единственный суд.,1.0
Они все это подали.,1.0
Тут я могу только допускать.,1.0
"Либо менты хотели… принести добычу, а потом сказать, дайте денег.",1.0
"Либо наши там юристы решили там сказать, как-то их промотивировать морально, вербально или еще как-то.",1.0
Я не знаю.,1.0
Но мы возбудили уголовное дело.,1.0
Что факт.,1.0
Просто люди меня обосрали.,1.0
Я могу как-то защищать.,1.0
"Я говорю, как я могу защищаться?",1.0
"Забудь, это хайп, больше лайков, туда-сюда.",1.0
Вот.,1.0
"И значит, все.",1.0
Дальше какие-то менты куда-то полетели.,1.0
Я к этому никакого отношения не имею.,1.0
"Я об этом узнал, ровно как и ты, из...",1.0
Как сказать?,1.0
Из медиа.,1.0
Медиа.,1.0
Да.,1.0
"Я, если честно, я обрадовался.",1.0
"Я сказал, вот же, суки, вот получите.",1.0
Есть грех.,1.0
Обрадовался.,1.0
Не по-христиански это было.,1.0
"Ну, в общем и целом, я был рад.",1.0
"И наш пацан сказал, ну, в принципе, молодцы.",1.0
Но...,1.0
"Я не принимал участие в какой-то их травле, в организации.",1.0
Потом давай так.,1.0
"Ну давайте по-серьезному, ребята.",1.0
Если бы Олег Тиньков с его состоянием захотел бы что-то им сделать плохое.,1.0
Ну вот реально.,1.0
Я бы им сделал.,1.0
Ну как ты думаешь?,1.0
Ну давай.,1.0
"В итоге я все отозвал, когда весь этот скандал начал.",1.0
"Сказал, забудьте нахуй.",1.0
"Все, был неправ.",1.0
За жену зря вписался.,1.0
Если бы я им хотел что-то сделать.,1.0
Прошло сколько времени?,1.0
Пять лет.,1.0
"Ну, я бы сейчас мог, через пять лет, кто-то там, я не знаю, там, ногу сломали кому-то, или там под машину попал, или в тюрьму бы сел за хранение наркотиков.",1.0
Сколько стоит в Кемерову возбудить дело за хранение наркотиков в машине сейчас?,1.0
Для меня.,1.0
"Но это у меня вино дороже стоит, бутылка, блядь, иногда.",1.0
Ты понимаешь?,1.0
Я что-то сделал подобное.,1.0
Мне западло об этом умораться даже.,1.0
Что-то им мстить.,1.0
"Я им потрастил всё, кстати, давно.",1.0
Я им все простил.,1.0
Я на них никого не натравливал.,1.0
Это все мифы.,1.0
Это все мифы.,1.0
Вчера вот этот вот Найки тоже это сказал.,1.0
Это мифы.,1.0
Никого я не натравливал.,1.0
Никаких фактов ни у кого этих нет.,1.0
"Это просто допустимость, что богатый, когда воюет, условно, с бедным, как-то...",1.0
У этого всегда несытый виноват.,1.0
У сытого всегда несытый виноват.,1.0
"Я виноват, потому что я богаче.",1.0
"Но, ребята, если бы я сильно хотел, я бы добил эту тему, так или иначе, или спустя шесть-пять лет.",1.0
"Я их простил через три месяца и забыл, господи помилуй.",1.0
"Звучит, как Путин, когда говорил, если бы хотели отравить, то отравили бы.",1.0
"Пускай это так звучит, но я его не травил.",1.0
"И я их не травил, понимаешь?",1.0
"Ну, по большому счету, я бы мог что-то с ними сделать, но я даже не стал это делать.",1.0
"— То есть твоя версия, что это кто-то выслуживался?",1.0
"— Я думаю, да.",1.0
"— Ты понимаешь, исключительность момента «следователь из Москвы в Кемерово»?",1.0
"— Ну, а как я могу моментов твоего послать?",1.0
Вот как?,1.0
Какая у меня есть...,1.0
Вот я сижу...,1.0
"— Ну, подожди, ты минуту назад сказал, если бы у меня были с моими деньгами желания хоть наркотики подбросить, я подбросил.",1.0
— Да.,1.0
— Вот...,1.0
— По той же…,1.0
— Я же это не делал.,1.0
"— Я понимаю, но вот таким же образом, если есть такая услуга на рынке…",1.0
"— Ну, значит, смотри, МТ возбудили.",1.0
"— Ну, я…",1.0
Можно смоделирую?,1.0
— Да.,1.0
"— Так, принесли кто?",1.0
— Тиньков.,1.0
"— Слушай, а давай-ка мы сделаем так-так, а потом мы скажем, там, десять тысяч долларов нам дайте или сто тысяч долларов, понимаешь?",1.0
"Мы сейчас все это закроем, их упрессуем, все решили, ну решили-решили.",1.0
"Ну, я как-то это так могу себя смоделировать.",1.0
Я был удивлен сам.,1.0
"Ну, кстати говоря, вроде такое и дело.",1.0
"В регионы в разные ездят, менты.",1.0
"Это всё-таки не исключительный случай, если честно.",1.0
"Но я к этому никакого отношения не имел, не имею.",1.0
И даже заявление о насилии наша юридическая служба подавала банка тогда.,1.0
То есть я к этому отношения никакого не имею.,1.0
Затеял ли это зря?,1.0
"Ну, слушай, вот в данном случае была машина времени.",1.0
"Наверное, я бы это не делал.",1.0
"Просто это принесло мне столько вот этих ненужных кривотолков. и ненужных слов, и ненужных ассоциаций, которые не нравятся мне.",1.0
"И, в общем и целом, это было неправильно.",1.0
"Тогда я был злой, а злость — это всегда не самый лучший, тем более я импульсивный чувак такой, сибирский, а злость — это всегда не самый лучший, как сказать, помощник, что ли?",1.0
"Ну, в общем и целом, если ты мне хочешь спросить…",1.0
Прав я или не прав?,1.0
Не прав.,1.0
Я великий грешник.,0.0
"Господи, спаси меня и помилуй.",0.0
Дай Бог мне умереть без грехов.,0.0
Попробую успеть причаститься и исповедоваться перед смертью.,0.0
Я великий грешник.,0.0
На этом я бы хотел закончить интервью.,0.0
Я великий грешник и у всех прошу прощения.,0.0
Простите меня все.,0.0
Все.,0.0
Два последних вопроса — и всё.,0.0
Стандартная наша концовка в этом цикле.,0.0
"Как ты думаешь, когда ты вернёшься в Россию?",0.0
"Такой, значит, стандартный ответ — когда умрёт Путин.",0.0
"Или когда не будет Путина, да.",0.0
"Ну, как-то очевидно.",0.0
"Во-первых, не понятно, сколько я проживу.",0.0
Поэтому в этом смысле тут интересный челлендж.,0.0
Кто из нас вперёд ещё умрёт?,0.0
"Есть ощущение, что он меня переживёт.",0.0
"Ну, при Путине, конечно, я не вижу никакой возможности ехать.",0.0
"Ну, а как я туда поеду?",0.0
"То есть, чтобы меня больного…",0.0
Это не американский судья.,0.0
"Там прямо в Химках приезжают, осудят.",0.0
"Прямо в аэропорту, блядь, выездную сделают.",0.0
Прямо в Шереметьево сейчас.,0.0
Навального где там судили?,0.0
В Химкинском райотделе.,0.0
"Но меня будет судить, наверное, в Шереметьево сразу.",0.0
— Как ты отнесся к суду Навального?,0.0
— И к отравлению.,0.0
— Ну как это?,0.0
